dataset,method,graph,target,n,n_errors,error_rate,teacher_gold_alignment,regime,n_regime,n_errors_regime,error_rate_regime,ece,share_of_errors_in_regime,auroc_confidence,auroc_confidence_plus_explanation,auprc_confidence,auprc_confidence_plus_explanation,delta_auroc,delta_auroc_ci_low,delta_auroc_ci_high,delta_auprc,delta_auprc_ci_low,delta_auprc_ci_high
setfit_ag_news,graphsvx,constituency,teacher_agreement,7600,267,0.0351315789473684,0.9380263157894737,all,7600,267,0.0351315789473684,0.004980598178349084,1.0,0.9480466681069772,0.9478112130735259,0.32799110552613986,0.3313213979174142,-0.00016142542292638885,-0.0064267392246224716,0.005554640221708747,0.005561803177017081,-0.02809484148200922,0.0361889548042612
setfit_ag_news,graphsvx,constituency,teacher_agreement,7600,267,0.0351315789473684,0.9380263157894737,confidence>0.9,6823,51,0.007474717866041369,,0.19101123595505617,0.9320413930486549,0.9164842546587447,0.07035608571107924,0.06903258215324055,-0.015104320874210025,-0.049562926357583144,0.014941690606501079,-0.0020358848946614694,-0.024790149750167405,0.02185789792819743
setfit_ag_news,graphsvx,constituency,teacher_agreement,7600,267,0.0351315789473684,0.9380263157894737,confidence>0.95,6580,30,0.00455927051671734,,0.11235955056179775,0.9270127226463105,0.8838625954198475,0.04783408466573489,0.037606216842888146,-0.044282019307590036,-0.11491070540781739,0.011102782656154752,-0.012209581690497486,-0.04611052393665693,0.016801069926410492
setfit_ag_news,graphsvx,constituency,gold_label,7600,574,0.07552631578947366,0.9380263157894737,all,7600,574,0.07552631578947366,0.04262663923596084,1.0,0.8453759604693766,0.8366755733557092,0.32158996580418747,0.3187973896943708,-0.00857795529923601,-0.019761820245225704,0.003658898099842938,-0.002983700313242715,-0.01851082729247814,0.011482784921055984
setfit_ag_news,graphsvx,constituency,gold_label,7600,574,0.07552631578947366,0.9380263157894737,confidence>0.9,6823,288,0.04221017147882167,,0.5017421602787456,0.7767985420385957,0.7747800306044376,0.14250852126893326,0.14334944189941737,-0.0023565775402474938,-0.02571627877217857,0.01963390139371491,0.000147563894733191,-0.015412437813084462,0.015697658481350987
setfit_ag_news,graphsvx,constituency,gold_label,7600,574,0.07552631578947366,0.9380263157894737,confidence>0.95,6580,231,0.03510638297872337,,0.4024390243902439,0.7548429414865073,0.7505234829222858,0.0994503001785879,0.10300302242055884,-0.004344131015968072,-0.02871976160915807,0.023208183675033776,0.003358830147557806,-0.010360739766752138,0.015904926931517925
setfit_ag_news,graphsvx,skipgrams,teacher_agreement,7600,263,0.034605263157894695,0.9380263157894737,all,7600,263,0.034605263157894695,0.003704040105405625,1.0,0.9490695371291196,0.9540155604879897,0.3353387420664129,0.3817417303054676,0.004928771822245091,0.0009347772930580645,0.009899860600278464,0.046383655927305104,0.014363754495762496,0.08058454916883707
setfit_ag_news,graphsvx,skipgrams,teacher_agreement,7600,263,0.034605263157894695,0.9380263157894737,confidence>0.9,6854,47,0.006857309600233452,,0.17870722433460076,0.9216107323812471,0.9046600964589018,0.09557835615169945,0.09207302642548001,-0.01629466395541008,-0.05052804129231683,0.013631733308671158,-0.0021667273806707456,-0.02857836856644216,0.03153704657776403
setfit_ag_news,graphsvx,skipgrams,teacher_agreement,7600,263,0.034605263157894695,0.9380263157894737,confidence>0.95,6636,22,0.0033152501506932275,,0.08365019011406843,0.8714916018363252,0.7252522198092201,0.04401754431333722,0.021156698315323984,-0.14703664091628235,-0.3151325896675439,-0.0025974287351818314,-0.02433656834184267,-0.054325661781442325,-0.004414373472649153
setfit_ag_news,graphsvx,skipgrams,gold_label,7600,564,0.0742105263157895,0.9380263157894737,all,7600,564,0.0742105263157895,0.04253237886648426,1.0,0.8460599288764167,0.8492794402848169,0.31542453751798516,0.3471301105079306,0.0035021812665900526,-0.009219983332104748,0.016499681037537597,0.03215700040567978,0.010801603589076478,0.055047819713688086
setfit_ag_news,graphsvx,skipgrams,gold_label,7600,564,0.0742105263157895,0.9380263157894737,confidence>0.9,6854,282,0.0411438576014006,,0.5,0.7786121435015517,0.8001909023020508,0.13978118604165726,0.1645375490600285,0.02189317728552291,0.00028273427533747627,0.042527468327295696,0.02604236236906052,0.009614528466316632,0.04851650939823608
setfit_ag_news,graphsvx,skipgrams,gold_label,7600,564,0.0742105263157895,0.9380263157894737,confidence>0.95,6636,231,0.034810126582278444,,0.4095744680851064,0.7609882701217595,0.7831848089459331,0.10959789723579799,0.13075341944682026,0.02252038677837773,-0.00242537183726908,0.046864606266032484,0.022251083954528954,0.004405159384401257,0.042068780558967706
setfit_ag_news,graphsvx,syntactic,teacher_agreement,7600,317,0.04171052631578942,0.9380263157894737,all,7600,317,0.04171052631578942,0.003412938870881748,1.0,0.9351499603025238,0.9418926838395971,0.341454144651772,0.3666439172898828,0.006848124128117506,0.0025047394828864394,0.011595420067821313,0.026913235756040113,-0.0031870501007970936,0.05913091923080049
setfit_ag_news,graphsvx,syntactic,teacher_agreement,7600,317,0.04171052631578942,0.9380263157894737,confidence>0.9,6674,53,0.007941264608930187,,0.167192429022082,0.8710250118975358,0.8090010914386188,0.08597208823815006,0.07329989419741724,-0.062306493001170776,-0.1332202855821465,-0.001213129682224428,-0.015144870178824122,-0.07236123263031084,0.033202884220367074
setfit_ag_news,graphsvx,syntactic,teacher_agreement,7600,317,0.04171052631578942,0.9380263157894737,confidence>0.95,6420,30,0.004672897196261627,,0.0946372239747634,0.8016849243609807,0.728017736045905,0.02902452178075371,0.04953529435494784,-0.07550014136365217,-0.2073969358362343,0.03476830172615095,0.02545509862577517,-0.008297757846481747,0.07715515682163947
setfit_ag_news,graphsvx,syntactic,gold_label,7600,606,0.0797368421052631,0.9380263157894737,all,7600,606,0.0797368421052631,0.04080891824082325,1.0,0.839939184081405,0.8467491230106711,0.31443230128575417,0.31943817952671605,0.006952017716045153,-0.0025776411788724666,0.01654742057041312,0.005414307284160385,-0.014422893805194573,0.024558917037334208
setfit_ag_news,graphsvx,syntactic,gold_label,7600,606,0.0797368421052631,0.9380263157894737,confidence>0.9,6674,268,0.0401558285885526,,0.44224422442244227,0.7591955536087902,0.77503774446531,0.16040742463465496,0.15138391579318372,0.015797926725800562,-0.00807511886747101,0.03807600535185503,-0.007510309759338958,-0.04157036294876678,0.026150572206779167
setfit_ag_news,graphsvx,syntactic,gold_label,7600,606,0.0797368421052631,0.9380263157894737,confidence>0.95,6420,212,0.03302180685358258,,0.34983498349834985,0.7343886768138495,0.7562563825131298,0.09427807562863329,0.10760408068716817,0.022210303466042528,-0.004618579896520034,0.0492651214108484,0.01421384638906507,-0.010083917109418354,0.04076232398830176
setfit_ag_news,graphsvx,window,teacher_agreement,7600,266,0.03500000000000003,0.9380263157894737,all,7600,266,0.03500000000000003,0.004370924681425132,1.0,0.9446321694610128,0.9493880597320954,0.317501439688124,0.3264014204910205,0.004943779935756425,-0.0017190860824286612,0.013263694005853418,0.008337947901616424,-0.024235731713139946,0.03795635382264567
setfit_ag_news,graphsvx,window,teacher_agreement,7600,266,0.03500000000000003,0.9380263157894737,confidence>0.9,6837,52,0.007605675003656609,,0.19548872180451127,0.9081798084008843,0.9233943653987869,0.07643922119714182,0.07665425553140047,0.01514132487667984,-0.01323426754451519,0.049580534394848816,-0.0022577578577228966,-0.04625658756792188,0.0310539554145204
setfit_ag_news,graphsvx,window,teacher_agreement,7600,266,0.03500000000000003,0.9380263157894737,confidence>0.95,6631,30,0.004524204494043116,,0.11278195488721804,0.8752815230015654,0.8904660909963137,0.037131523256455544,0.041055975756760586,0.015211161351233494,-0.037050638116242034,0.07056743798401169,0.005200817373487996,-0.024645249317149103,0.03810106207666761
setfit_ag_news,graphsvx,window,gold_label,7600,562,0.07394736842105265,0.9380263157894737,all,7600,562,0.07394736842105265,0.041468583055232724,1.0,0.8359406839738319,0.8422796835480802,0.3092575178737807,0.31122916176142557,0.006451704486841104,-0.005052809585839058,0.017465547438390867,0.002430263067745089,-0.016858151366141754,0.019912115505203394
setfit_ag_news,graphsvx,window,gold_label,7600,562,0.07394736842105265,0.9380263157894737,confidence>0.9,6837,278,0.040661108673394786,,0.49466192170818507,0.7704203461441854,0.7818051093505435,0.1349523272209553,0.15874942947209145,0.011735007905188848,-0.011940578124882995,0.034991476903741575,0.02488306819004018,0.005322309694214102,0.049752519146586675
setfit_ag_news,graphsvx,window,gold_label,7600,562,0.07394736842105265,0.9380263157894737,confidence>0.95,6631,230,0.03468556778766396,,0.4092526690391459,0.7423595497986047,0.7594839121604641,0.1018754416763155,0.1215889156647176,0.017276980862443825,-0.011747460527282582,0.04548069353243062,0.021275772846088663,0.0011922732142372124,0.044115202208032174
setfit_ag_news,subgraphx,constituency,teacher_agreement,7600,267,0.0351315789473684,0.9380263157894737,all,7600,267,0.0351315789473684,0.0049805883239758784,1.0,0.948047178855423,0.9452431698887233,0.3279913346185102,0.34154179659583467,-0.002782298782427538,-0.0098743559381164,0.0027619927812686123,0.01341605369245628,-0.014187232914110342,0.04056409511636426
setfit_ag_news,subgraphx,constituency,teacher_agreement,7600,267,0.0351315789473684,0.9380263157894737,confidence>0.9,6823,51,0.007474717866041369,,0.19101123595505617,0.9320384976199576,0.894516637133294,0.07035378027641745,0.05981881725755086,-0.03657742444561129,-0.08915000617244094,0.0031951552698322393,-0.01134987310005868,-0.03317436502433346,0.006473629174345921
setfit_ag_news,subgraphx,constituency,teacher_agreement,7600,267,0.0351315789473684,0.9380263157894737,confidence>0.95,6580,30,0.00455927051671734,,0.11235955056179775,0.9270025445292621,0.8635623409669213,0.04783058032430851,0.04537406913128044,-0.06636472165426778,-0.16675633983788593,0.009784739375233427,-0.0013401184081948537,-0.0335755608735636,0.037071315519985965
setfit_ag_news,subgraphx,constituency,gold_label,7600,574,0.07552631578947366,0.9380263157894737,all,7600,574,0.07552631578947366,0.04262661796259253,1.0,0.8453757125103275,0.8320506411725089,0.3215887715522307,0.3191601181033614,-0.013333157173102055,-0.02605448479092888,-0.0009335205242616849,-0.0026192858478227385,-0.020249729211326128,0.01594841462841458
setfit_ag_news,subgraphx,constituency,gold_label,7600,574,0.07552631578947366,0.9380263157894737,confidence>0.9,6823,288,0.04221017147882167,,0.5017421602787456,0.776799073365638,0.7671140440363854,0.14250847091485358,0.14071646472218632,-0.009634947892319421,-0.03107138121875608,0.011329481237662482,-0.0019588500630288164,-0.017085719166229956,0.013586857566039664
setfit_ag_news,subgraphx,constituency,gold_label,7600,574,0.07552631578947366,0.9380263157894737,confidence>0.95,6580,231,0.03510638297872337,,0.4024390243902439,0.7548443051671906,0.740396108328066,0.09945036687850603,0.09378246426892875,-0.014272049778564874,-0.039631828147155074,0.009451875551942093,-0.006963285215020964,-0.021055154614767823,0.003466343539684787
setfit_ag_news,subgraphx,skipgrams,teacher_agreement,7600,263,0.034605263157894695,0.9380263157894737,all,7600,263,0.034605263157894695,0.0037040403916648065,1.0,0.9497836633014292,0.9517140841953721,0.3399492540257762,0.3636736161996609,0.001874358560311983,-0.0015689708056606493,0.004899438403914111,0.02245169841080076,-0.006184303836589862,0.05301868404617631
setfit_ag_news,subgraphx,skipgrams,teacher_agreement,7600,263,0.034605263157894695,0.9380263157894737,confidence>0.9,6854,47,0.006857309600233452,,0.17870722433460076,0.9219107989585189,0.9197353162732981,0.0960505572439133,0.08208853362310889,-0.0019258255010823424,-0.04145235223720904,0.04207344138927114,-0.015177407310474296,-0.0469416646568895,0.008370959554768027
setfit_ag_news,subgraphx,skipgrams,teacher_agreement,7600,263,0.034605263157894695,0.9380263157894737,confidence>0.95,6636,22,0.0033152501506932275,,0.08365019011406843,0.8453006020287545,0.8274665310498391,0.039895236681327516,0.029390205820489127,-0.018195599063734306,-0.13049817021693821,0.09162966953074855,-0.011007231297687955,-0.04469241017066342,0.014758065510370552
setfit_ag_news,subgraphx,skipgrams,gold_label,7600,564,0.0742105263157895,0.9380263157894737,all,7600,564,0.0742105263157895,0.04253237910568715,1.0,0.8407191082134835,0.8429953955140533,0.3161018970622904,0.32031308075146614,0.0021670017082474173,-0.011406608285992445,0.016829437988404514,0.0040222374879069454,-0.011517121804363142,0.018746631177329578
setfit_ag_news,subgraphx,skipgrams,gold_label,7600,564,0.0742105263157895,0.9380263157894737,confidence>0.9,6854,282,0.0411438576014006,,0.5,0.7840224809313528,0.7871536455972684,0.1408453437015989,0.14588851926875318,0.003491704803018186,-0.019221782180261528,0.028032802806195543,0.0060794090789855456,-0.007292995619034854,0.022630104441283907
setfit_ag_news,subgraphx,skipgrams,gold_label,7600,564,0.0742105263157895,0.9380263157894737,confidence>0.95,6636,231,0.034810126582278444,,0.4095744680851064,0.7450172518088208,0.7769917306217071,0.10756908490073902,0.11799589750271429,0.03163933168995218,0.004595441590368605,0.058759903613977996,0.011068016887879825,-0.0026775830093320107,0.025770167523386532
setfit_ag_news,subgraphx,syntactic,teacher_agreement,7600,317,0.04171052631578942,0.9380263157894737,all,7600,317,0.04171052631578942,0.003412938953230285,1.0,0.9351499603025238,0.9379805441218065,0.341454144651772,0.39590935562099727,0.0028985641016044702,-0.005060855798873223,0.009249763714966452,0.05461359078413956,0.022399368281746514,0.0875601685149594
setfit_ag_news,subgraphx,syntactic,teacher_agreement,7600,317,0.04171052631578942,0.9380263157894737,confidence>0.9,6674,53,0.007941264608930187,,0.167192429022082,0.8710250118975358,0.8451040571309698,0.08597208823815006,0.076176827478301,-0.027038848441285082,-0.0790862388622532,0.023248636193171336,-0.010030720638879819,-0.06096057658355814,0.050662814175714055
setfit_ag_news,subgraphx,syntactic,teacher_agreement,7600,317,0.04171052631578942,0.9380263157894737,confidence>0.95,6420,30,0.004672897196261627,,0.0946372239747634,0.8016849243609807,0.7397861241523214,0.02902452178075371,0.05340870521069508,-0.06422993640050934,-0.1901508356240174,0.05229314776157944,0.03137773338718941,-0.017291053017124074,0.11198685211187005
setfit_ag_news,subgraphx,syntactic,gold_label,7600,606,0.0797368421052631,0.9380263157894737,all,7600,606,0.0797368421052631,0.04080891833885723,1.0,0.839939184081405,0.837894055347771,0.31443230128575417,0.3400844324537045,-0.0020443636358986046,-0.011463042117453475,0.0068607874497408905,0.025823184986029566,0.006281076129556524,0.04706028450560315
setfit_ag_news,subgraphx,syntactic,gold_label,7600,606,0.0797368421052631,0.9380263157894737,confidence>0.9,6674,268,0.0401558285885526,,0.44224422442244227,0.7591955536087902,0.752827340040354,0.16040742463465496,0.15840956882051732,-0.006330298562872397,-0.027481056984991925,0.012780564744379563,-0.00015905372616252034,-0.03022029034794501,0.030515328782959445
setfit_ag_news,subgraphx,syntactic,gold_label,7600,606,0.0797368421052631,0.9380263157894737,confidence>0.95,6420,212,0.03302180685358258,,0.34983498349834985,0.7343894366368411,0.7066490590352071,0.09429984631078134,0.10980100558391519,-0.026981598057766155,-0.052973316349840836,-0.0010880481122237146,0.016304943916431783,-0.00698985705890066,0.04452108642035718
setfit_ag_news,subgraphx,window,teacher_agreement,7600,266,0.03500000000000003,0.9380263157894737,all,7600,266,0.03500000000000003,0.004370925179437579,1.0,0.9441969732074937,0.940689260648212,0.31891037385993715,0.3283352580490802,-0.0034299994968974646,-0.012277787126932959,0.004810117133953852,0.009505848683095546,-0.017450409727437097,0.037679411907128244
setfit_ag_news,subgraphx,window,teacher_agreement,7600,266,0.03500000000000003,0.9380263157894737,confidence>0.9,6837,52,0.007605675003656609,,0.19548872180451127,0.9124454396009297,0.8848222889858852,0.07852930663449907,0.06760739115579961,-0.027222830694421836,-0.07054813696432516,0.008315275250374857,-0.011920667785085248,-0.06154809067602189,0.030718194913653078
setfit_ag_news,subgraphx,window,teacher_agreement,7600,266,0.03500000000000003,0.9380263157894737,confidence>0.95,6631,30,0.004524204494043116,,0.11278195488721804,0.87369590466091,0.8373125284047872,0.03526873349384384,0.037092831186826665,-0.035039731894887384,-0.10993740028253206,0.02915568761911195,0.0035685317739106034,-0.020409443250216718,0.041193764894077126
setfit_ag_news,subgraphx,window,gold_label,7600,562,0.07394736842105265,0.9380263157894737,all,7600,562,0.07394736842105265,0.04146858320816565,1.0,0.8402844143485441,0.840878798267463,0.3101830588673594,0.3103560823806916,0.0004576871693596448,-0.012385304730423782,0.013017978626702262,0.0002920403584495777,-0.015076572235641916,0.014893442897508127
setfit_ag_news,subgraphx,window,gold_label,7600,562,0.07394736842105265,0.9380263157894737,confidence>0.9,6837,278,0.040661108673394786,,0.49466192170818507,0.7709106384659006,0.7806391569165769,0.13405525213161937,0.1384660153884305,0.009729866574865579,-0.012007898467544628,0.030174524946415714,0.0056082861330004705,-0.00994660894695021,0.023256419637434605
setfit_ag_news,subgraphx,window,gold_label,7600,562,0.07394736842105265,0.9380263157894737,confidence>0.95,6631,230,0.03468556778766396,,0.4092526690391459,0.7509485610264701,0.7595844399312607,0.10511114752953052,0.11733710598119669,0.008493568812714652,-0.01861312462077994,0.03699160406626501,0.012846354208983562,-0.0044405440879733155,0.0335137360143769
setfit_ag_news,token_shap_llm,tokens,teacher_agreement,7600,471,0.06197368421052629,1.0,all,7600,471,0.06197368421052629,0.010453879684209907,1.0,0.8868036687564534,0.8852889680289742,0.3342144929388435,0.35446132758735255,-0.0014405834219132952,-0.006996876495416554,0.004701533896990751,0.018953350706376028,-0.0016837744462236568,0.03778116376591693
setfit_ag_news,token_shap_llm,tokens,teacher_agreement,7600,471,0.06197368421052629,1.0,confidence>0.9,6506,144,0.022133415308945636,,0.3057324840764331,0.8085485870969995,0.7954761780013274,0.0747455675565978,0.07398910212797204,-0.012903207467620631,-0.028675134946651838,0.004308890006036734,0.0001550395882011328,-0.016600622103924222,0.02115359965713947
setfit_ag_news,token_shap_llm,tokens,teacher_agreement,7600,471,0.06197368421052629,1.0,confidence>0.95,5915,96,0.01622992392223166,,0.20382165605095542,0.7967291058028299,0.7953220771037407,0.04763803515671874,0.0510745081388952,-0.0006134893181803706,-0.021620065269630413,0.027477427749524094,0.004855070919534242,-0.006627076410444416,0.02055660462066508
setfit_ag_news,token_shap_llm,tokens,gold_label,7600,471,0.06197368421052629,1.0,all,7600,471,0.06197368421052629,0.010453879684209907,1.0,0.8868036687564534,0.8852889680289742,0.3342144929388435,0.35446132758735255,-0.0014405834219132952,-0.006996876495416554,0.004701533896990751,0.018953350706376028,-0.0016837744462236568,0.03778116376591693
setfit_ag_news,token_shap_llm,tokens,gold_label,7600,471,0.06197368421052629,1.0,confidence>0.9,6506,144,0.022133415308945636,,0.3057324840764331,0.8085485870969995,0.7954761780013274,0.0747455675565978,0.07398910212797204,-0.012903207467620631,-0.028675134946651838,0.004308890006036734,0.0001550395882011328,-0.016600622103924222,0.02115359965713947
setfit_ag_news,token_shap_llm,tokens,gold_label,7600,471,0.06197368421052629,1.0,confidence>0.95,5915,96,0.01622992392223166,,0.20382165605095542,0.7967291058028299,0.7953220771037407,0.04763803515671874,0.0510745081388952,-0.0006134893181803706,-0.021620065269630413,0.027477427749524094,0.004855070919534242,-0.006627076410444416,0.02055660462066508
stanfordnlp_sst2,graphsvx,constituency,teacher_agreement,872,62,0.07110091743119262,0.9174311926605505,all,872,62,0.07110091743119262,0.01683596036302934,1.0,0.932357626443648,0.9146953405017921,0.47866760861890584,0.4539259753566379,-0.017156217303262302,-0.031970119252875365,-0.0033645400282728954,-0.02224406435737484,-0.12585058467736587,0.07064737888831356
stanfordnlp_sst2,graphsvx,constituency,teacher_agreement,872,62,0.07110091743119262,0.9174311926605505,confidence>0.9,672,5,0.007440476190476164,,0.08064516129032258,,,,,,,,,,
stanfordnlp_sst2,graphsvx,constituency,teacher_agreement,872,62,0.07110091743119262,0.9174311926605505,confidence>0.95,600,3,0.0050000000000000044,,0.04838709677419355,,,,,,,,,,
stanfordnlp_sst2,graphsvx,constituency,gold_label,872,96,0.11009174311926606,0.9174311926605505,all,872,96,0.11009174311926606,0.04348167886427789,1.0,0.8080836554982818,0.7894115120274915,0.31480442642209544,0.30126423423562276,-0.01814000166937411,-0.03920389419318037,0.0026606855318979236,-0.012412074063086639,-0.06628591149862037,0.039509811003883545
stanfordnlp_sst2,graphsvx,constituency,gold_label,872,96,0.11009174311926606,0.9174311926605505,confidence>0.9,672,34,0.05059523809523814,,0.3541666666666667,0.7273649271620873,0.6286649456020652,0.10915616890429636,0.09019667236336126,-0.09787085310554958,-0.1730085078608252,-0.02804633529105668,-0.017033888790605904,-0.05959914669981131,0.026095348980368666
stanfordnlp_sst2,graphsvx,constituency,gold_label,872,96,0.11009174311926606,0.9174311926605505,confidence>0.95,600,24,0.040000000000000036,,0.25,0.726851851851852,0.5967881944444444,0.08367243239779433,0.06534948284915897,-0.1312477367077487,-0.23538941845983724,-0.029796252480886,-0.01835983039676441,-0.05099820388648792,0.021164099102466978
stanfordnlp_sst2,graphsvx,skipgrams,teacher_agreement,872,72,0.08256880733944949,0.9174311926605505,all,872,72,0.08256880733944949,0.01488525311061006,1.0,0.9079166666666667,0.9130034722222222,0.3777652254875419,0.46015783835815566,0.005334548248693137,-0.010850644930028911,0.01896165123343362,0.07837472183491016,-0.0006839086811223054,0.1642343830973188
stanfordnlp_sst2,graphsvx,skipgrams,teacher_agreement,872,72,0.08256880733944949,0.9174311926605505,confidence>0.9,673,8,0.011887072808320909,,0.1111111111111111,,,,,,,,,,
stanfordnlp_sst2,graphsvx,skipgrams,teacher_agreement,872,72,0.08256880733944949,0.9174311926605505,confidence>0.95,606,4,0.0066006600660065695,,0.05555555555555555,,,,,,,,,,
stanfordnlp_sst2,graphsvx,skipgrams,gold_label,872,106,0.12155963302752293,0.9174311926605505,all,872,106,0.12155963302752293,0.04968482590870027,1.0,0.8218631459677818,0.8064190354204641,0.3178063080836808,0.33494213886602886,-0.015515332455012722,-0.03981458891526035,0.002286878959319654,0.017129864776338346,-0.027324548288538687,0.0627776028780565
stanfordnlp_sst2,graphsvx,skipgrams,gold_label,872,106,0.12155963302752293,0.9174311926605505,confidence>0.9,673,37,0.054977711738484425,,0.3490566037735849,0.789775624681285,0.7412034676185618,0.1617312890840998,0.15372502223481904,-0.049368979632036916,-0.0925941424733212,-0.011927565303420175,-0.003942220748070459,-0.03763598914536376,0.04489023560611751
stanfordnlp_sst2,graphsvx,skipgrams,gold_label,872,106,0.12155963302752293,0.9174311926605505,confidence>0.95,606,22,0.0363036303630363,,0.20754716981132076,0.7457970112079702,0.6172166874221668,0.1122614316975491,0.08274944414342204,-0.13030923030505534,-0.23170378507939665,-0.04832458788735102,-0.035926599641192665,-0.10329139691502916,0.0033588468460439606
stanfordnlp_sst2,graphsvx,syntactic,teacher_agreement,872,71,0.08142201834862384,0.9174311926605505,all,872,71,0.08142201834862384,0.021619819514795142,1.0,0.8717975769724464,0.8790596261715109,0.2871421411762576,0.3073382646667565,0.007406229226414407,-0.01107199759170203,0.024770348155175495,0.01901701401531171,-0.052395602092007595,0.08499096374585265
stanfordnlp_sst2,graphsvx,syntactic,teacher_agreement,872,71,0.08142201834862384,0.9174311926605505,confidence>0.9,686,18,0.026239067055393583,,0.2535211267605634,0.8592814371257484,0.8300066533599468,0.16116200776302236,0.15574647114021792,-0.02913542996205472,-0.09496849928286501,0.02500354160500478,-0.00045560285518207874,-0.10780075411634678,0.11319629553538368
stanfordnlp_sst2,graphsvx,syntactic,teacher_agreement,872,71,0.08142201834862384,0.9174311926605505,confidence>0.95,616,7,0.011363636363636354,,0.09859154929577464,,,,,,,,,,
stanfordnlp_sst2,graphsvx,syntactic,gold_label,872,109,0.125,0.9174311926605505,all,872,109,0.125,0.06342497379134551,1.0,0.8020128175838973,0.8002092175983263,0.32328910127624944,0.3224244564092202,-0.0016455930449967742,-0.024332228717266875,0.021199386580702095,-0.0014545094882696663,-0.06031539751496224,0.057478650261207895
stanfordnlp_sst2,graphsvx,syntactic,gold_label,872,109,0.125,0.9174311926605505,confidence>0.9,686,45,0.06559766763848396,,0.41284403669724773,0.7550702028081123,0.7545501820072803,0.1850244135378129,0.20025575687328517,-0.0002022527115529388,-0.060897448756572076,0.06339102643027165,0.018951935493812515,-0.05152090130433419,0.10187915124078233
stanfordnlp_sst2,graphsvx,syntactic,gold_label,872,109,0.125,0.9174311926605505,confidence>0.95,616,30,0.04870129870129869,,0.27522935779816515,0.7136518771331058,0.7125711035267349,0.09348167231139105,0.14911513032650664,0.00038208489926139965,-0.09165837781967967,0.09297400269580444,0.05887285161031659,-0.009926079242379853,0.15862853379122982
stanfordnlp_sst2,graphsvx,window,teacher_agreement,872,58,0.0665137614678899,0.9174311926605505,all,872,58,0.0665137614678899,0.01733257272921572,1.0,0.9136236550029654,0.9067609929678895,0.3640736167599968,0.38916463817195024,-0.0064234324886182975,-0.019921940513266415,0.005682489309240374,0.025086952107448098,-0.042119453245161566,0.09471838577362274
stanfordnlp_sst2,graphsvx,window,teacher_agreement,872,58,0.0665137614678899,0.9174311926605505,confidence>0.9,664,5,0.0075301204819276935,,0.08620689655172414,,,,,,,,,,
stanfordnlp_sst2,graphsvx,window,teacher_agreement,872,58,0.0665137614678899,0.9174311926605505,confidence>0.95,611,3,0.004909983633387904,,0.05172413793103448,,,,,,,,,,
stanfordnlp_sst2,graphsvx,window,gold_label,872,98,0.11238532110091748,0.9174311926605505,all,872,98,0.11238532110091748,0.040222326413207145,1.0,0.8205584559405157,0.8041580973474661,0.32813572751008085,0.3283305180437127,-0.015893560841230815,-0.0343423668323862,0.0034359674102200015,0.0028151098576694837,-0.05581943316094867,0.06667815350793013
stanfordnlp_sst2,graphsvx,window,gold_label,872,98,0.11238532110091748,0.9174311926605505,confidence>0.9,664,32,0.048192771084337394,,0.32653061224489793,0.7228540348101267,0.6616396360759493,0.08941025054206267,0.07520122051208111,-0.061653489832507194,-0.11057220947944454,-0.016169380185552754,-0.015908004942762302,-0.03870154615310457,0.0007106726898183129
stanfordnlp_sst2,graphsvx,window,gold_label,872,98,0.11238532110091748,0.9174311926605505,confidence>0.95,611,26,0.04255319148936165,,0.2653061224489796,0.7418803418803419,0.6738330046022354,0.09135408578138582,0.07182156206489694,-0.0692985755261126,-0.12433991802455405,-0.017292175451955726,-0.02141801430346185,-0.054017981621864115,0.0033015001384450048
stanfordnlp_sst2,subgraphx,constituency,teacher_agreement,872,62,0.07110091743119262,0.9174311926605505,all,872,62,0.07110091743119262,0.01683591347221934,1.0,0.932357626443648,0.936479490242931,0.47866760861890584,0.4643759029766791,0.00434598007567034,-0.010801414180312798,0.024941345982674203,-0.016423766050164774,-0.12254697535719097,0.09445993836952843
stanfordnlp_sst2,subgraphx,constituency,teacher_agreement,872,62,0.07110091743119262,0.9174311926605505,confidence>0.9,672,5,0.007440476190476164,,0.08064516129032258,,,,,,,,,,
stanfordnlp_sst2,subgraphx,constituency,teacher_agreement,872,62,0.07110091743119262,0.9174311926605505,confidence>0.95,600,3,0.0050000000000000044,,0.04838709677419355,,,,,,,,,,
stanfordnlp_sst2,subgraphx,constituency,gold_label,872,96,0.11009174311926606,0.9174311926605505,all,872,96,0.11009174311926606,0.04348172411459307,1.0,0.8080836554982818,0.7966467998281787,0.31480442642209544,0.29926405532209177,-0.011711773778512515,-0.03255811113960219,0.009646081701314218,-0.01601107471505737,-0.07234406299789577,0.03522297349413765
stanfordnlp_sst2,subgraphx,constituency,gold_label,872,96,0.11009174311926606,0.9174311926605505,confidence>0.9,672,34,0.05059523809523814,,0.3541666666666667,0.7273649271620873,0.6496404204314954,0.10915616890429636,0.08945801229033892,-0.07908376729041001,-0.1803145796362023,0.008160119663418647,-0.01981710599731955,-0.053244573406608126,0.010209122453003532
stanfordnlp_sst2,subgraphx,constituency,gold_label,872,96,0.11009174311926606,0.9174311926605505,confidence>0.95,600,24,0.040000000000000036,,0.25,0.726851851851852,0.6213831018518519,0.08367243239779433,0.09700894936100306,-0.10296889495613405,-0.24268637936457993,0.01006936222347608,0.022433755072598486,-0.02963039161199508,0.11478567910251047
stanfordnlp_sst2,subgraphx,skipgrams,teacher_agreement,872,72,0.08256880733944949,0.9174311926605505,all,872,72,0.08256880733944949,0.01488525413591929,1.0,0.9141840277777777,0.8884548611111112,0.40019472174364934,0.3890151904644862,-0.02621885947800674,-0.05932899382788868,0.00017702233057869394,-0.010220409127213463,-0.0877670929997354,0.06530191284525315
stanfordnlp_sst2,subgraphx,skipgrams,teacher_agreement,872,72,0.08256880733944949,0.9174311926605505,confidence>0.9,673,8,0.011887072808320909,,0.1111111111111111,,,,,,,,,,
stanfordnlp_sst2,subgraphx,skipgrams,teacher_agreement,872,72,0.08256880733944949,0.9174311926605505,confidence>0.95,606,4,0.0066006600660065695,,0.05555555555555555,,,,,,,,,,
stanfordnlp_sst2,subgraphx,skipgrams,gold_label,872,106,0.12155963302752293,0.9174311926605505,all,872,106,0.12155963302752293,0.04968482679730166,1.0,0.8228853638110252,0.8009631016306221,0.3288092214151122,0.3099224858435567,-0.02191300492785175,-0.038460929237585886,-0.00812452002991583,-0.01916571184384497,-0.0631056799588491,0.022379722886105246
stanfordnlp_sst2,subgraphx,skipgrams,gold_label,872,106,0.12155963302752293,0.9174311926605505,confidence>0.9,673,37,0.054977711738484425,,0.3490566037735849,0.795045045045045,0.7296022437531872,0.1788196874446445,0.1592009816054537,-0.06642666306716419,-0.12305698237591639,-0.01812802144427099,-0.01958524722850236,-0.06662926361145327,0.024372598079429427
stanfordnlp_sst2,subgraphx,skipgrams,gold_label,872,106,0.12155963302752293,0.9174311926605505,confidence>0.95,606,22,0.0363036303630363,,0.20754716981132076,0.7568493150684932,0.6068648816936487,0.10002354141447009,0.100753671322516,-0.14964171440905127,-0.2655985071049784,-0.05033916382252562,0.007646009542489902,-0.03788309476447014,0.09046872374181389
stanfordnlp_sst2,subgraphx,syntactic,teacher_agreement,872,71,0.08142201834862384,0.9174311926605505,all,872,71,0.08142201834862384,0.02161982019833472,1.0,0.8717975769724464,0.8724657558333773,0.2871421411762576,0.2956996978323494,0.00037740613552485094,-0.0166216144612267,0.01682633391585222,0.008189338012884217,-0.057914355995358345,0.07285109825530517
stanfordnlp_sst2,subgraphx,syntactic,teacher_agreement,872,71,0.08142201834862384,0.9174311926605505,confidence>0.9,686,18,0.026239067055393583,,0.2535211267605634,0.8592814371257484,0.8496340652029275,0.16116200776302236,0.19119041826986913,-0.008821776786580181,-0.07974913065076988,0.046352187175318554,0.03641594941258665,-0.08013287764516486,0.17767799727278688
stanfordnlp_sst2,subgraphx,syntactic,teacher_agreement,872,71,0.08142201834862384,0.9174311926605505,confidence>0.95,616,7,0.011363636363636354,,0.09859154929577464,,,,,,,,,,
stanfordnlp_sst2,subgraphx,syntactic,gold_label,872,109,0.125,0.9174311926605505,all,872,109,0.125,0.06342497433817719,1.0,0.8020128175838973,0.7999567136003464,0.32328910127624944,0.34113530581754603,-0.001762736624336025,-0.02518708088768163,0.02290663469526605,0.01675269472032697,-0.047414198564811494,0.08487409155853891
stanfordnlp_sst2,subgraphx,syntactic,gold_label,872,109,0.125,0.9174311926605505,confidence>0.9,686,45,0.06559766763848396,,0.41284403669724773,0.7550702028081123,0.7707054948864621,0.1850244135378129,0.20675387107384013,0.016317271225317724,-0.038127478051543526,0.07533874597851294,0.023079147987681826,-0.05036572155447356,0.09999136897390018
stanfordnlp_sst2,subgraphx,syntactic,gold_label,872,109,0.125,0.9174311926605505,confidence>0.95,616,30,0.04870129870129869,,0.27522935779816515,0.7136518771331058,0.6954493742889646,0.09348167231139105,0.1232862466559312,-0.018332503168592182,-0.1254043993231811,0.08417577708943949,0.03446089634224576,-0.00975132731914627,0.10499879923293343
stanfordnlp_sst2,subgraphx,window,teacher_agreement,872,58,0.0665137614678899,0.9174311926605505,all,872,58,0.0665137614678899,0.017332571908968294,1.0,0.9156782174023553,0.8885664661526731,0.39805206658551817,0.3229013740309259,-0.02694444641089155,-0.050887685101755474,-0.007858906384044163,-0.07560345967347928,-0.16966223166343564,0.00993292251592745
stanfordnlp_sst2,subgraphx,window,teacher_agreement,872,58,0.0665137614678899,0.9174311926605505,confidence>0.9,664,5,0.0075301204819276935,,0.08620689655172414,,,,,,,,,,
stanfordnlp_sst2,subgraphx,window,teacher_agreement,872,58,0.0665137614678899,0.9174311926605505,confidence>0.95,611,3,0.004909983633387904,,0.05172413793103448,,,,,,,,,,
stanfordnlp_sst2,subgraphx,window,gold_label,872,98,0.11238532110091748,0.9174311926605505,all,872,98,0.11238532110091748,0.04022232778028617,1.0,0.8225096240046407,0.7689579707852133,0.33044130711968,0.2983097353444194,-0.05349212970631322,-0.07789252966118436,-0.030531590853777265,-0.03305966957172747,-0.08969017459194302,0.02065790626886821
stanfordnlp_sst2,subgraphx,window,gold_label,872,98,0.11238532110091748,0.9174311926605505,confidence>0.9,664,32,0.048192771084337394,,0.32653061224489793,0.7295292721518987,0.6656447784810127,0.09468925315218626,0.08505335886705795,-0.06486508059604329,-0.13951043457608026,-0.009880318842583054,-0.009016147504188304,-0.03291897788336938,0.018664272197344144
stanfordnlp_sst2,subgraphx,window,gold_label,872,98,0.11238532110091748,0.9174311926605505,confidence>0.95,611,26,0.04255319148936165,,0.2653061224489796,0.7343852728468113,0.6104536489151873,0.09259005388033213,0.08292609520402272,-0.12511306823406546,-0.24677900919352408,-0.01852307731757634,-0.006288952485123072,-0.044723058632944956,0.0394666549466375
stanfordnlp_sst2,token_shap_llm,tokens,teacher_agreement,872,73,0.08371559633027525,1.0,all,872,73,0.08371559633027525,0.03916633224815398,1.0,0.8348963601762478,0.833867677062081,0.3077422178420738,0.2734918456471634,-0.0005907939746161934,-0.02729626470217874,0.028182840608362958,-0.03564858676157415,-0.10987331807536593,0.03325353679048827
stanfordnlp_sst2,token_shap_llm,tokens,teacher_agreement,872,73,0.08371559633027525,1.0,confidence>0.9,744,32,0.043010752688172005,,0.4383561643835616,0.7933637640449438,0.7971822331460674,0.11572966578941028,0.15460241257346036,0.004863306959052698,-0.059480572582651,0.06579240943960349,0.05063688623732614,-0.025095811620065394,0.15663881902883928
stanfordnlp_sst2,token_shap_llm,tokens,teacher_agreement,872,73,0.08371559633027525,1.0,confidence>0.95,670,21,0.0313432835820896,,0.2876712328767123,0.7736444346613838,0.7989581040428497,0.09120117338939954,0.11184805074247346,0.023271996156161535,-0.07445744213553744,0.13187001319312866,0.026037193630676938,-0.026264851865164404,0.09797309028439467
stanfordnlp_sst2,token_shap_llm,tokens,gold_label,872,73,0.08371559633027525,1.0,all,872,73,0.08371559633027525,0.03916633224815398,1.0,0.8348963601762478,0.833867677062081,0.3077422178420738,0.2734918456471634,-0.0005907939746161934,-0.02729626470217874,0.028182840608362958,-0.03564858676157415,-0.10987331807536593,0.03325353679048827
stanfordnlp_sst2,token_shap_llm,tokens,gold_label,872,73,0.08371559633027525,1.0,confidence>0.9,744,32,0.043010752688172005,,0.4383561643835616,0.7933637640449438,0.7971822331460674,0.11572966578941028,0.15460241257346036,0.004863306959052698,-0.059480572582651,0.06579240943960349,0.05063688623732614,-0.025095811620065394,0.15663881902883928
stanfordnlp_sst2,token_shap_llm,tokens,gold_label,872,73,0.08371559633027525,1.0,confidence>0.95,670,21,0.0313432835820896,,0.2876712328767123,0.7736444346613838,0.7989581040428497,0.09120117338939954,0.11184805074247346,0.023271996156161535,-0.07445744213553744,0.13187001319312866,0.026037193630676938,-0.026264851865164404,0.09797309028439467
