dataset,method,graph,target,n,n_errors,error_rate,teacher_gold_alignment,dimension,js_divergence_bits,cramers_v,chi2,chi2_p_value,legacy_weighted_sd,legacy_separability,n_correct,n_incorrect,pct_correct_by_quadrant,quadrant_share_pct
setfit_ag_news,graphsvx,constituency,teacher_agreement,7600,267,0.0351315789473684,0.9380263157894737,Dimension 3 (consistency),0.38482293335909346,0.28964304152458753,637.5874954274659,3.545149079088563e-139,5.33268560693049,7.5415563091929,7333,267,"{""Sufficient-Necessary"": 87.35, ""Sufficient-Redundant"": 99.59, ""Insufficient-Necessary"": 85.71, ""Insufficient-Redundant"": 0.0}","{""Sufficient-Necessary"": 25.17, ""Sufficient-Redundant"": 74.64, ""Insufficient-Necessary"": 0.18, ""Insufficient-Redundant"": 0.0}"
setfit_ag_news,graphsvx,constituency,teacher_agreement,7600,267,0.0351315789473684,0.9380263157894737,Dimension 4 (fidelity),0.1774971941828389,0.20667943471644123,324.6445543837785,3.19396921284759e-71,3.8052232878079826,5.3813983814759885,7333,267,"{""Faithful"": 89.86, ""Redundant"": 98.67, ""Incomplete"": 100.0, ""Unfaithful"": 0.0}","{""Faithful"": 24.78, ""Redundant"": 75.18, ""Incomplete"": 0.04, ""Unfaithful"": 0.0}"
setfit_ag_news,graphsvx,constituency,gold_label,7600,574,0.07552631578947366,0.9380263157894737,Dimension 3 (consistency),0.17204347449091228,0.2900094575441215,639.2016895342706,1.5816730180885497e-139,7.663172250741071,10.83736212779918,7026,574,"{""Sufficient-Necessary"": 79.46, ""Sufficient-Redundant"": 96.9, ""Insufficient-Necessary"": 64.29, ""Insufficient-Redundant"": 0.0}","{""Sufficient-Necessary"": 25.17, ""Sufficient-Redundant"": 74.64, ""Insufficient-Necessary"": 0.18, ""Insufficient-Redundant"": 0.0}"
setfit_ag_news,graphsvx,constituency,gold_label,7600,574,0.07552631578947366,0.9380263157894737,Dimension 4 (fidelity),0.11236757141926888,0.23391814411842382,415.8545059233385,4.992768176749171e-91,6.181022667788137,8.741286086121514,7026,574,"{""Faithful"": 81.68, ""Redundant"": 95.99, ""Incomplete"": 100.0, ""Unfaithful"": 0.0}","{""Faithful"": 24.78, ""Redundant"": 75.18, ""Incomplete"": 0.04, ""Unfaithful"": 0.0}"
setfit_ag_news,graphsvx,skipgrams,teacher_agreement,7600,263,0.034605263157894695,0.9380263157894737,Dimension 3 (consistency),0.2914675907116013,0.3468806723666791,914.4791265478511,6.402975717568541e-198,6.340210015116579,8.966410991671593,7337,263,"{""Sufficient-Necessary"": 79.69, ""Sufficient-Redundant"": 98.77, ""Insufficient-Necessary"": 50.0, ""Insufficient-Redundant"": 100.0}","{""Sufficient-Necessary"": 11.21, ""Sufficient-Redundant"": 88.53, ""Insufficient-Necessary"": 0.18, ""Insufficient-Redundant"": 0.08}"
setfit_ag_news,graphsvx,skipgrams,teacher_agreement,7600,263,0.034605263157894695,0.9380263157894737,Dimension 4 (fidelity),0.04021392063886101,0.11485716456901944,100.2604787215446,1.366115002484984e-21,2.09933444875997,2.968907249393395,7337,263,"{""Faithful"": 89.35, ""Redundant"": 97.14, ""Incomplete"": 80.0, ""Unfaithful"": 100.0}","{""Faithful"": 7.54, ""Redundant"": 92.34, ""Incomplete"": 0.07, ""Unfaithful"": 0.05}"
setfit_ag_news,graphsvx,skipgrams,gold_label,7600,564,0.0742105263157895,0.9380263157894737,Dimension 3 (consistency),0.1307115523221245,0.30196381290270646,692.9842967008295,6.97106380324111e-150,7.914869810766887,11.193316230803905,7036,564,"{""Sufficient-Necessary"": 71.01, ""Sufficient-Redundant"": 95.41, ""Insufficient-Necessary"": 50.0, ""Insufficient-Redundant"": 83.33}","{""Sufficient-Necessary"": 11.21, ""Sufficient-Redundant"": 88.53, ""Insufficient-Necessary"": 0.18, ""Insufficient-Redundant"": 0.08}"
setfit_ag_news,graphsvx,skipgrams,gold_label,7600,564,0.0742105263157895,0.9380263157894737,Dimension 4 (fidelity),0.03332329713132543,0.14363490387772326,156.79549065091726,9.008291870112803e-34,3.7648602776137685,5.324316465041128,7036,564,"{""Faithful"": 79.76, ""Redundant"": 93.64, ""Incomplete"": 60.0, ""Unfaithful"": 100.0}","{""Faithful"": 7.54, ""Redundant"": 92.34, ""Incomplete"": 0.07, ""Unfaithful"": 0.05}"
setfit_ag_news,graphsvx,syntactic,teacher_agreement,7600,317,0.04171052631578942,0.9380263157894737,Dimension 3 (consistency),0.4150769217330679,0.4333833136609385,1427.4403338539892,1.08460070036414e-310,8.664497478881957,12.253449845782354,7283,317,"{""Sufficient-Necessary"": 72.77, ""Sufficient-Redundant"": 99.08, ""Insufficient-Necessary"": 100.0, ""Insufficient-Redundant"": 0.0}","{""Sufficient-Necessary"": 12.37, ""Sufficient-Redundant"": 87.59, ""Insufficient-Necessary"": 0.04, ""Insufficient-Redundant"": 0.0}"
setfit_ag_news,graphsvx,syntactic,teacher_agreement,7600,317,0.04171052631578942,0.9380263157894737,Dimension 4 (fidelity),0.12284747976909637,0.24988535165625375,474.564436190009,3.2547986167539988e-105,4.995879931660341,7.065241155341626,7283,317,"{""Faithful"": 78.45, ""Redundant"": 97.26, ""Incomplete"": 0.0, ""Unfaithful"": 0.0}","{""Faithful"": 7.63, ""Redundant"": 92.37, ""Incomplete"": 0.0, ""Unfaithful"": 0.0}"
setfit_ag_news,graphsvx,syntactic,gold_label,7600,606,0.0797368421052631,0.9380263157894737,Dimension 3 (consistency),0.1759559290416803,0.36069951021063335,988.79143866305,1.934938730574776e-215,9.770821657803662,13.818028503994707,6994,606,"{""Sufficient-Necessary"": 66.06, ""Sufficient-Redundant"": 95.7, ""Insufficient-Necessary"": 66.67, ""Insufficient-Redundant"": 0.0}","{""Sufficient-Necessary"": 12.37, ""Sufficient-Redundant"": 87.59, ""Insufficient-Necessary"": 0.04, ""Insufficient-Redundant"": 0.0}"
setfit_ag_news,graphsvx,syntactic,gold_label,7600,606,0.0797368421052631,0.9380263157894737,Dimension 4 (fidelity),0.06326271950534647,0.21725768911728416,358.7268664524269,5.330972872298216e-80,5.885192727076112,8.322919371810539,6994,606,"{""Faithful"": 71.55, ""Redundant"": 93.72, ""Incomplete"": 0.0, ""Unfaithful"": 0.0}","{""Faithful"": 7.63, ""Redundant"": 92.37, ""Incomplete"": 0.0, ""Unfaithful"": 0.0}"
setfit_ag_news,graphsvx,window,teacher_agreement,7600,266,0.03500000000000003,0.9380263157894737,Dimension 3 (consistency),0.38152258415142254,0.39697317920554887,1197.6665580650622,1.9607470609939368e-262,7.295563540031804,10.317484903467646,7334,266,"{""Sufficient-Necessary"": 76.0, ""Sufficient-Redundant"": 99.1, ""Insufficient-Necessary"": 0.0, ""Insufficient-Redundant"": 0.0}","{""Sufficient-Necessary"": 11.24, ""Sufficient-Redundant"": 88.76, ""Insufficient-Necessary"": 0.0, ""Insufficient-Redundant"": 0.0}"
setfit_ag_news,graphsvx,window,teacher_agreement,7600,266,0.03500000000000003,0.9380263157894737,Dimension 4 (fidelity),0.08620384058462205,0.18854910126512092,270.18580326792465,1.0337470691047967e-60,3.465150848348176,4.900463325402627,7334,266,"{""Faithful"": 83.9, ""Redundant"": 97.45, ""Incomplete"": 0.0, ""Unfaithful"": 0.0}","{""Faithful"": 7.03, ""Redundant"": 92.97, ""Incomplete"": 0.0, ""Unfaithful"": 0.0}"
setfit_ag_news,graphsvx,window,gold_label,7600,562,0.07394736842105265,0.9380263157894737,Dimension 3 (consistency),0.14459449708945754,0.3197703994576151,777.1236236065487,5.0802747377232045e-171,8.367918779480437,11.834024226777752,7038,562,"{""Sufficient-Necessary"": 69.09, ""Sufficient-Redundant"": 95.58, ""Insufficient-Necessary"": 0.0, ""Insufficient-Redundant"": 0.0}","{""Sufficient-Necessary"": 11.24, ""Sufficient-Redundant"": 88.76, ""Insufficient-Necessary"": 0.0, ""Insufficient-Redundant"": 0.0}"
setfit_ag_news,graphsvx,window,gold_label,7600,562,0.07394736842105265,0.9380263157894737,Dimension 4 (fidelity),0.0394639551186339,0.16035609371141304,195.42698360691446,2.0788490255332208e-44,4.19628198935192,5.934438900883438,7038,562,"{""Faithful"": 77.34, ""Redundant"": 93.76, ""Incomplete"": 0.0, ""Unfaithful"": 0.0}","{""Faithful"": 7.03, ""Redundant"": 92.97, ""Incomplete"": 0.0, ""Unfaithful"": 0.0}"
setfit_ag_news,subgraphx,constituency,teacher_agreement,7600,267,0.0351315789473684,0.9380263157894737,Dimension 3 (consistency),0.11845187644569902,0.27809252393505274,587.7494342011158,4.561473939888202e-127,5.1200263330253,7.240810679871765,7333,267,"{""Sufficient-Necessary"": 70.83, ""Sufficient-Redundant"": 96.95, ""Insufficient-Necessary"": 69.16, ""Insufficient-Redundant"": 97.72}","{""Sufficient-Necessary"": 0.63, ""Sufficient-Redundant"": 33.63, ""Insufficient-Necessary"": 2.82, ""Insufficient-Redundant"": 62.92}"
setfit_ag_news,subgraphx,constituency,teacher_agreement,7600,267,0.0351315789473684,0.9380263157894737,Dimension 4 (fidelity),0.06839529896919479,0.13023617073702717,128.90709727865507,9.302263959765506e-28,2.397808521604448,3.391013331226791,7333,267,"{""Faithful"": 77.27, ""Redundant"": 93.76, ""Incomplete"": 82.76, ""Unfaithful"": 98.0}","{""Faithful"": 0.29, ""Redundant"": 32.91, ""Incomplete"": 0.38, ""Unfaithful"": 66.42}"
setfit_ag_news,subgraphx,constituency,gold_label,7600,574,0.07552631578947366,0.9380263157894737,Dimension 3 (consistency),0.058396531173234456,0.2336154855443316,414.77908265446484,1.392381908137191e-89,6.173025256924111,8.729976039213739,7026,574,"{""Sufficient-Necessary"": 60.42, ""Sufficient-Redundant"": 92.8, ""Insufficient-Necessary"": 59.81, ""Insufficient-Redundant"": 94.04}","{""Sufficient-Necessary"": 0.63, ""Sufficient-Redundant"": 33.63, ""Insufficient-Necessary"": 2.82, ""Insufficient-Redundant"": 62.92}"
setfit_ag_news,subgraphx,constituency,gold_label,7600,574,0.07552631578947366,0.9380263157894737,Dimension 4 (fidelity),0.027895226022293263,0.11636808802060107,102.91564251273473,3.6685377338485287e-22,3.074895248392358,4.34855856315306,7026,574,"{""Faithful"": 63.64, ""Redundant"": 88.88, ""Incomplete"": 82.76, ""Unfaithful"": 94.39}","{""Faithful"": 0.29, ""Redundant"": 32.91, ""Incomplete"": 0.38, ""Unfaithful"": 66.42}"
setfit_ag_news,subgraphx,skipgrams,teacher_agreement,7600,263,0.034605263157894695,0.9380263157894737,Dimension 3 (consistency),0.10106411751374308,0.30449644621573463,704.6574517608896,2.051741455489763e-152,5.565520283077771,7.870834265991132,7337,263,"{""Sufficient-Necessary"": 54.84, ""Sufficient-Redundant"": 96.53, ""Insufficient-Necessary"": 50.0, ""Insufficient-Redundant"": 97.74}","{""Sufficient-Necessary"": 0.82, ""Sufficient-Redundant"": 41.29, ""Insufficient-Necessary"": 0.74, ""Insufficient-Redundant"": 57.16}"
setfit_ag_news,subgraphx,skipgrams,teacher_agreement,7600,263,0.034605263157894695,0.9380263157894737,Dimension 4 (fidelity),0.046302199371284276,0.09419716444955217,67.4356040065534,1.510886979167977e-14,1.7217154284321639,2.4348733094357704,7337,263,"{""Faithful"": 100.0, ""Redundant"": 94.61, ""Incomplete"": 80.0, ""Unfaithful"": 97.98}","{""Faithful"": 0.13, ""Redundant"": 42.49, ""Incomplete"": 0.07, ""Unfaithful"": 57.32}"
setfit_ag_news,subgraphx,skipgrams,gold_label,7600,564,0.0742105263157895,0.9380263157894737,Dimension 3 (consistency),0.060940887144014085,0.2505468106563496,477.0801529085222,4.4208348600264927e-103,6.567162365534217,9.287370083644667,7036,564,"{""Sufficient-Necessary"": 51.61, ""Sufficient-Redundant"": 91.14, ""Insufficient-Necessary"": 33.93, ""Insufficient-Redundant"": 94.96}","{""Sufficient-Necessary"": 0.82, ""Sufficient-Redundant"": 41.29, ""Insufficient-Necessary"": 0.74, ""Insufficient-Redundant"": 57.16}"
setfit_ag_news,subgraphx,skipgrams,gold_label,7600,564,0.0742105263157895,0.9380263157894737,Dimension 4 (fidelity),0.03860099265134702,0.12609751467614994,120.84443237701404,5.076548735983983e-26,3.3051821757349678,4.674233459038206,7036,564,"{""Faithful"": 70.0, ""Redundant"": 89.04, ""Incomplete"": 60.0, ""Unfaithful"": 95.29}","{""Faithful"": 0.13, ""Redundant"": 42.49, ""Incomplete"": 0.07, ""Unfaithful"": 57.32}"
setfit_ag_news,subgraphx,syntactic,teacher_agreement,7600,317,0.04171052631578942,0.9380263157894737,Dimension 3 (consistency),0.20243661485250283,0.3782584034908727,1087.4035905671253,1.967183112389066e-235,7.562402335537773,10.694851947039488,7283,317,"{""Sufficient-Necessary"": 56.2, ""Sufficient-Redundant"": 98.16, ""Insufficient-Necessary"": 51.14, ""Insufficient-Redundant"": 93.01}","{""Sufficient-Necessary"": 1.8, ""Sufficient-Redundant"": 77.08, ""Insufficient-Necessary"": 1.16, ""Insufficient-Redundant"": 19.96}"
setfit_ag_news,subgraphx,syntactic,teacher_agreement,7600,317,0.04171052631578942,0.9380263157894737,Dimension 4 (fidelity),0.01622745572344303,0.11472931740410695,100.03740366729363,1.5256436082176483e-21,2.293747474964978,3.243848787754514,7283,317,"{""Faithful"": 62.5, ""Redundant"": 96.15, ""Incomplete"": 75.0, ""Unfaithful"": 95.36}","{""Faithful"": 0.42, ""Redundant"": 79.34, ""Incomplete"": 0.11, ""Unfaithful"": 20.13}"
setfit_ag_news,subgraphx,syntactic,gold_label,7600,606,0.0797368421052631,0.9380263157894737,Dimension 3 (consistency),0.07599685627301905,0.2598008970410595,512.9734463853779,7.3631407077812e-111,7.0376259453284105,9.952706058792213,6994,606,"{""Sufficient-Necessary"": 56.93, ""Sufficient-Redundant"": 94.4, ""Insufficient-Necessary"": 50.0, ""Insufficient-Redundant"": 88.46}","{""Sufficient-Necessary"": 1.8, ""Sufficient-Redundant"": 77.08, ""Insufficient-Necessary"": 1.16, ""Insufficient-Redundant"": 19.96}"
setfit_ag_news,subgraphx,syntactic,gold_label,7600,606,0.0797368421052631,0.9380263157894737,Dimension 4 (fidelity),0.0077114846922758835,0.08780846873390548,58.59848657858875,1.17115376105018e-12,2.3786028640371777,3.363852429820864,6994,606,"{""Faithful"": 62.5, ""Redundant"": 92.35, ""Incomplete"": 50.0, ""Unfaithful"": 91.57}","{""Faithful"": 0.42, ""Redundant"": 79.34, ""Incomplete"": 0.11, ""Unfaithful"": 20.13}"
setfit_ag_news,subgraphx,window,teacher_agreement,7600,266,0.03500000000000003,0.9380263157894737,Dimension 3 (consistency),0.10179093319393956,0.3039215222920809,701.9990170137523,7.737059837695045e-152,5.5854624272159805,7.899036716694186,7334,266,"{""Sufficient-Necessary"": 62.5, ""Sufficient-Redundant"": 97.72, ""Insufficient-Necessary"": 45.9, ""Insufficient-Redundant"": 96.37}","{""Sufficient-Necessary"": 0.84, ""Sufficient-Redundant"": 60.67, ""Insufficient-Necessary"": 0.8, ""Insufficient-Redundant"": 37.68}"
setfit_ag_news,subgraphx,window,teacher_agreement,7600,266,0.03500000000000003,0.9380263157894737,Dimension 4 (fidelity),0.011822586970819926,0.07013928710112194,37.38834892240743,7.607171157352816e-09,1.2890181314587312,1.822946923653763,7334,266,"{""Faithful"": 73.68, ""Redundant"": 96.06, ""Incomplete"": 0.0, ""Unfaithful"": 97.27}","{""Faithful"": 0.25, ""Redundant"": 58.74, ""Incomplete"": 0.0, ""Unfaithful"": 41.01}"
setfit_ag_news,subgraphx,window,gold_label,7600,562,0.07394736842105265,0.9380263157894737,Dimension 3 (consistency),0.03559209568788189,0.19571222640659774,291.10489429420807,8.371908295363175e-63,5.121499730742812,7.24289437890664,7038,562,"{""Sufficient-Necessary"": 59.38, ""Sufficient-Redundant"": 93.62, ""Insufficient-Necessary"": 47.54, ""Insufficient-Redundant"": 92.67}","{""Sufficient-Necessary"": 0.84, ""Sufficient-Redundant"": 60.67, ""Insufficient-Necessary"": 0.8, ""Insufficient-Redundant"": 37.68}"
setfit_ag_news,subgraphx,window,gold_label,7600,562,0.07394736842105265,0.9380263157894737,Dimension 4 (fidelity),0.010551675751110942,0.07097564905885063,38.28532497087095,4.8578859400215974e-09,1.8573278441430323,2.6266582269602585,7038,562,"{""Faithful"": 68.42, ""Redundant"": 91.49, ""Incomplete"": 0.0, ""Unfaithful"": 94.35}","{""Faithful"": 0.25, ""Redundant"": 58.74, ""Incomplete"": 0.0, ""Unfaithful"": 41.01}"
setfit_ag_news,token_shap_llm,tokens,teacher_agreement,7600,471,0.06197368421052629,1.0,Dimension 3 (consistency),0.08638525747287823,0.23962072616303393,436.37750229243767,2.9153616018546316e-94,5.777441392279298,8.170535972777081,7129,471,"{""Sufficient-Necessary"": 74.69, ""Sufficient-Redundant"": 96.07, ""Insufficient-Necessary"": 59.2, ""Insufficient-Redundant"": 90.74}","{""Sufficient-Necessary"": 2.13, ""Sufficient-Redundant"": 73.63, ""Insufficient-Necessary"": 1.64, ""Insufficient-Redundant"": 22.59}"
setfit_ag_news,token_shap_llm,tokens,teacher_agreement,7600,471,0.06197368421052629,1.0,Dimension 4 (fidelity),0.033619358758251276,0.12931695040070113,127.09383982312418,2.287195693963982e-27,3.1179318831544274,4.409421555712476,7129,471,"{""Faithful"": 76.84, ""Redundant"": 95.21, ""Incomplete"": 75.86, ""Unfaithful"": 90.72}","{""Faithful"": 1.25, ""Redundant"": 75.01, ""Incomplete"": 0.76, ""Unfaithful"": 22.97}"
setfit_ag_news,token_shap_llm,tokens,gold_label,7600,471,0.06197368421052629,1.0,Dimension 3 (consistency),0.08638525747287823,0.23962072616303393,436.37750229243767,2.9153616018546316e-94,5.777441392279298,8.170535972777081,7129,471,"{""Sufficient-Necessary"": 74.69, ""Sufficient-Redundant"": 96.07, ""Insufficient-Necessary"": 59.2, ""Insufficient-Redundant"": 90.74}","{""Sufficient-Necessary"": 2.13, ""Sufficient-Redundant"": 73.63, ""Insufficient-Necessary"": 1.64, ""Insufficient-Redundant"": 22.59}"
setfit_ag_news,token_shap_llm,tokens,gold_label,7600,471,0.06197368421052629,1.0,Dimension 4 (fidelity),0.033619358758251276,0.12931695040070113,127.09383982312418,2.287195693963982e-27,3.1179318831544274,4.409421555712476,7129,471,"{""Faithful"": 76.84, ""Redundant"": 95.21, ""Incomplete"": 75.86, ""Unfaithful"": 90.72}","{""Faithful"": 1.25, ""Redundant"": 75.01, ""Incomplete"": 0.76, ""Unfaithful"": 22.97}"
stanfordnlp_sst2,graphsvx,constituency,teacher_agreement,872,62,0.07110091743119262,0.9174311926605505,Dimension 3 (consistency),0.3118044226747246,0.355205321946306,110.0209556843896,9.696029257268292e-26,9.128540218836,12.909705382146132,810,62,"{""Sufficient-Necessary"": 78.57, ""Sufficient-Redundant"": 98.71, ""Insufficient-Necessary"": 0.0, ""Insufficient-Redundant"": 0.0}","{""Sufficient-Necessary"": 28.9, ""Sufficient-Redundant"": 71.1, ""Insufficient-Necessary"": 0.0, ""Insufficient-Redundant"": 0.0}"
stanfordnlp_sst2,graphsvx,constituency,teacher_agreement,872,62,0.07110091743119262,0.9174311926605505,Dimension 4 (fidelity),0.013833607865905725,0.07804949248138916,5.311982697197313,0.021179239978183106,2.00581997834987,2.836657817061294,810,62,"{""Faithful"": 88.44, ""Redundant"": 93.79, ""Incomplete"": 0.0, ""Unfaithful"": 0.0}","{""Faithful"": 16.86, ""Redundant"": 83.14, ""Incomplete"": 0.0, ""Unfaithful"": 0.0}"
stanfordnlp_sst2,graphsvx,constituency,gold_label,872,96,0.11009174311926606,0.9174311926605505,Dimension 3 (consistency),0.14305652435499433,0.3011344099456663,79.07464544809906,5.980697327341613e-19,9.425629755579202,13.329853434247509,776,96,"{""Sufficient-Necessary"": 74.21, ""Sufficient-Redundant"": 95.0, ""Insufficient-Necessary"": 0.0, ""Insufficient-Redundant"": 0.0}","{""Sufficient-Necessary"": 28.9, ""Sufficient-Redundant"": 71.1, ""Insufficient-Necessary"": 0.0, ""Insufficient-Redundant"": 0.0}"
stanfordnlp_sst2,graphsvx,constituency,gold_label,872,96,0.11009174311926606,0.9174311926605505,Dimension 4 (fidelity),0.023473769226518143,0.12542734959679067,13.718321463435474,0.00021237258514947356,3.9259271590259512,5.5520994331833755,776,96,"{""Faithful"": 80.27, ""Redundant"": 90.76, ""Incomplete"": 0.0, ""Unfaithful"": 0.0}","{""Faithful"": 16.86, ""Redundant"": 83.14, ""Incomplete"": 0.0, ""Unfaithful"": 0.0}"
stanfordnlp_sst2,graphsvx,skipgrams,teacher_agreement,872,72,0.08256880733944949,0.9174311926605505,Dimension 3 (consistency),0.2988115059276936,0.4614231201335261,185.65864993215737,4.838785921888153e-41,12.699718902757603,17.960114710605765,800,72,"{""Sufficient-Necessary"": 61.94, ""Sufficient-Redundant"": 97.15, ""Insufficient-Necessary"": 0.0, ""Insufficient-Redundant"": 100.0}","{""Sufficient-Necessary"": 15.37, ""Sufficient-Redundant"": 84.52, ""Insufficient-Necessary"": 0.0, ""Insufficient-Redundant"": 0.11}"
stanfordnlp_sst2,graphsvx,skipgrams,teacher_agreement,872,72,0.08256880733944949,0.9174311926605505,Dimension 4 (fidelity),0.007646167574431535,0.06989840709819738,4.260406538562567,0.03901058447322623,1.9238093696751555,2.7206773020150403,800,72,"{""Faithful"": 80.77, ""Redundant"": 92.08, ""Incomplete"": 0.0, ""Unfaithful"": 0.0}","{""Faithful"": 2.98, ""Redundant"": 97.02, ""Incomplete"": 0.0, ""Unfaithful"": 0.0}"
stanfordnlp_sst2,graphsvx,skipgrams,gold_label,872,106,0.12155963302752293,0.9174311926605505,Dimension 3 (consistency),0.1217466997707444,0.32814458880359554,93.89597565246244,4.0808248073286395e-21,10.722994408602634,15.164604121896712,766,106,"{""Sufficient-Necessary"": 62.69, ""Sufficient-Redundant"": 92.4, ""Insufficient-Necessary"": 0.0, ""Insufficient-Redundant"": 100.0}","{""Sufficient-Necessary"": 15.37, ""Sufficient-Redundant"": 84.52, ""Insufficient-Necessary"": 0.0, ""Insufficient-Redundant"": 0.11}"
stanfordnlp_sst2,graphsvx,skipgrams,gold_label,872,106,0.12155963302752293,0.9174311926605505,Dimension 4 (fidelity),0.0019829451857818576,0.03795466748528053,1.25616551557668,0.26237815608777526,1.2402693846298039,1.7540057847396013,766,106,"{""Faithful"": 80.77, ""Redundant"": 88.06, ""Incomplete"": 0.0, ""Unfaithful"": 0.0}","{""Faithful"": 2.98, ""Redundant"": 97.02, ""Incomplete"": 0.0, ""Unfaithful"": 0.0}"
stanfordnlp_sst2,graphsvx,syntactic,teacher_agreement,872,71,0.08142201834862384,0.9174311926605505,Dimension 3 (consistency),0.26966164372485363,0.3972643414111432,137.61813046635518,8.832923696325391e-32,10.864469669866102,15.364680355115786,801,71,"{""Sufficient-Necessary"": 70.56, ""Sufficient-Redundant"": 97.4, ""Insufficient-Necessary"": 0.0, ""Insufficient-Redundant"": 0.0}","{""Sufficient-Necessary"": 20.64, ""Sufficient-Redundant"": 79.36, ""Insufficient-Necessary"": 0.0, ""Insufficient-Redundant"": 0.0}"
stanfordnlp_sst2,graphsvx,syntactic,teacher_agreement,872,71,0.08142201834862384,0.9174311926605505,Dimension 4 (fidelity),0.08985721584470356,0.2549870709944798,56.69605035842786,5.086561293723498e-14,6.973440629448383,9.861934314569478,801,71,"{""Faithful"": 71.43, ""Redundant"": 94.24, ""Incomplete"": 0.0, ""Unfaithful"": 0.0}","{""Faithful"": 10.44, ""Redundant"": 89.56, ""Incomplete"": 0.0, ""Unfaithful"": 0.0}"
stanfordnlp_sst2,graphsvx,syntactic,gold_label,872,109,0.125,0.9174311926605505,Dimension 3 (consistency),0.13370069009587998,0.32984689233459125,94.87270391779063,2.0303020620769212e-22,10.908660598060319,15.427175765101902,763,109,"{""Sufficient-Necessary"": 66.11, ""Sufficient-Redundant"": 93.06, ""Insufficient-Necessary"": 0.0, ""Insufficient-Redundant"": 0.0}","{""Sufficient-Necessary"": 20.64, ""Sufficient-Redundant"": 79.36, ""Insufficient-Necessary"": 0.0, ""Insufficient-Redundant"": 0.0}"
stanfordnlp_sst2,graphsvx,syntactic,gold_label,872,109,0.125,0.9174311926605505,Dimension 4 (fidelity),0.054021615899889235,0.22258936949735633,43.20413590433711,4.931632505128229e-11,7.36145145220839,10.410664482464222,763,109,"{""Faithful"": 65.93, ""Redundant"": 90.01, ""Incomplete"": 0.0, ""Unfaithful"": 0.0}","{""Faithful"": 10.44, ""Redundant"": 89.56, ""Incomplete"": 0.0, ""Unfaithful"": 0.0}"
stanfordnlp_sst2,graphsvx,window,teacher_agreement,872,58,0.0665137614678899,0.9174311926605505,Dimension 3 (consistency),0.34335273258074067,0.4411162967028264,169.67688805306355,1.429328015004758e-37,10.991648128814218,15.54453785660192,814,58,"{""Sufficient-Necessary"": 68.53, ""Sufficient-Redundant"": 98.21, ""Insufficient-Necessary"": 0.0, ""Insufficient-Redundant"": 100.0}","{""Sufficient-Necessary"": 16.4, ""Sufficient-Redundant"": 83.49, ""Insufficient-Necessary"": 0.0, ""Insufficient-Redundant"": 0.11}"
stanfordnlp_sst2,graphsvx,window,teacher_agreement,872,58,0.0665137614678899,0.9174311926605505,Dimension 4 (fidelity),0.029813904668089225,0.14372394504991265,18.012531115979392,2.1945560455042172e-05,3.5812846713707644,5.064701352971408,814,58,"{""Faithful"": 75.0, ""Redundant"": 94.05, ""Incomplete"": 0.0, ""Unfaithful"": 0.0}","{""Faithful"": 3.67, ""Redundant"": 96.33, ""Incomplete"": 0.0, ""Unfaithful"": 0.0}"
stanfordnlp_sst2,graphsvx,window,gold_label,872,98,0.11238532110091748,0.9174311926605505,Dimension 3 (consistency),0.13472192005380762,0.3327888986169885,96.57264930924161,1.0703249545986604e-21,10.510802208548744,14.864519034750716,774,98,"{""Sufficient-Necessary"": 65.03, ""Sufficient-Redundant"": 93.41, ""Insufficient-Necessary"": 0.0, ""Insufficient-Redundant"": 100.0}","{""Sufficient-Necessary"": 16.4, ""Sufficient-Redundant"": 83.49, ""Insufficient-Necessary"": 0.0, ""Insufficient-Redundant"": 0.11}"
stanfordnlp_sst2,graphsvx,window,gold_label,872,98,0.11238532110091748,0.9174311926605505,Dimension 4 (fidelity),0.012750921962620142,0.10435352681220005,9.495782262702052,0.002059447605165587,3.295901049120905,4.661107963906496,774,98,"{""Faithful"": 71.88, ""Redundant"": 89.4, ""Incomplete"": 0.0, ""Unfaithful"": 0.0}","{""Faithful"": 3.67, ""Redundant"": 96.33, ""Incomplete"": 0.0, ""Unfaithful"": 0.0}"
stanfordnlp_sst2,subgraphx,constituency,teacher_agreement,872,62,0.07110091743119262,0.9174311926605505,Dimension 3 (consistency),0.07968107075619033,0.26105615765009543,59.42707681381144,7.791810549897538e-13,6.708969396702673,9.487915510362962,810,62,"{""Sufficient-Necessary"": 62.07, ""Sufficient-Redundant"": 93.7, ""Insufficient-Necessary"": 63.64, ""Insufficient-Redundant"": 95.29}","{""Sufficient-Necessary"": 3.33, ""Sufficient-Redundant"": 56.42, ""Insufficient-Necessary"": 1.26, ""Insufficient-Redundant"": 38.99}"
stanfordnlp_sst2,subgraphx,constituency,teacher_agreement,872,62,0.07110091743119262,0.9174311926605505,Dimension 4 (fidelity),0.14771919075064974,0.1752347584627533,26.77669634009155,1.5329015662085312e-06,4.503416591846739,6.36879282120568,810,62,"{""Faithful"": 85.71, ""Redundant"": 89.95, ""Incomplete"": 0.0, ""Unfaithful"": 99.63}","{""Faithful"": 0.8, ""Redundant"": 68.46, ""Incomplete"": 0.0, ""Unfaithful"": 30.73}"
stanfordnlp_sst2,subgraphx,constituency,gold_label,872,96,0.11009174311926606,0.9174311926605505,Dimension 3 (consistency),0.02188598216785162,0.14241143390619676,17.68504639429501,0.000510779180216202,4.457535919601959,6.303907752266317,776,96,"{""Sufficient-Necessary"": 65.52, ""Sufficient-Redundant"": 89.63, ""Insufficient-Necessary"": 81.82, ""Insufficient-Redundant"": 90.29}","{""Sufficient-Necessary"": 3.33, ""Sufficient-Redundant"": 56.42, ""Insufficient-Necessary"": 1.26, ""Insufficient-Redundant"": 38.99}"
stanfordnlp_sst2,subgraphx,constituency,gold_label,872,96,0.11009174311926606,0.9174311926605505,Dimension 4 (fidelity),0.05893160635468709,0.16028552002188834,22.40294259381521,1.3654092056405472e-05,5.017002099425932,7.095112411462445,776,96,"{""Faithful"": 71.43, ""Redundant"": 85.93, ""Incomplete"": 0.0, ""Unfaithful"": 96.27}","{""Faithful"": 0.8, ""Redundant"": 68.46, ""Incomplete"": 0.0, ""Unfaithful"": 30.73}"
stanfordnlp_sst2,subgraphx,skipgrams,teacher_agreement,872,72,0.08256880733944949,0.9174311926605505,Dimension 3 (consistency),0.1115013817362854,0.2859037030528895,71.2780887096774,3.3278189953587813e-16,7.868909258336412,11.128318194222567,800,72,"{""Sufficient-Necessary"": 60.0, ""Sufficient-Redundant"": 94.76, ""Insufficient-Necessary"": 0.0, ""Insufficient-Redundant"": 78.57}","{""Sufficient-Necessary"": 3.44, ""Sufficient-Redundant"": 85.32, ""Insufficient-Necessary"": 0.0, ""Insufficient-Redundant"": 11.24}"
stanfordnlp_sst2,subgraphx,skipgrams,teacher_agreement,872,72,0.08256880733944949,0.9174311926605505,Dimension 4 (fidelity),0.0013875232009086154,0.016360237429055957,0.23339722553699283,0.8898533431884326,0.4502817641024573,0.6367945776829778,800,72,"{""Faithful"": 100.0, ""Redundant"": 91.77, ""Incomplete"": 0.0, ""Unfaithful"": 90.62}","{""Faithful"": 0.23, ""Redundant"": 96.1, ""Incomplete"": 0.0, ""Unfaithful"": 3.67}"
stanfordnlp_sst2,subgraphx,skipgrams,gold_label,872,106,0.12155963302752293,0.9174311926605505,Dimension 3 (consistency),0.04232846716393566,0.20179918414208523,35.51037814819858,1.9454468037741178e-08,6.594323347234313,9.325781512332311,766,106,"{""Sufficient-Necessary"": 56.67, ""Sufficient-Redundant"": 90.05, ""Insufficient-Necessary"": 0.0, ""Insufficient-Redundant"": 80.61}","{""Sufficient-Necessary"": 3.44, ""Sufficient-Redundant"": 85.32, ""Insufficient-Necessary"": 0.0, ""Insufficient-Redundant"": 11.24}"
stanfordnlp_sst2,subgraphx,skipgrams,gold_label,872,106,0.12155963302752293,0.9174311926605505,Dimension 4 (fidelity),0.009014125507812106,0.05697398290716439,2.8305422830827105,0.2428597551523408,1.8617759396148605,2.6329487839032484,766,106,"{""Faithful"": 100.0, ""Redundant"": 87.47, ""Incomplete"": 0.0, ""Unfaithful"": 96.88}","{""Faithful"": 0.23, ""Redundant"": 96.1, ""Incomplete"": 0.0, ""Unfaithful"": 3.67}"
stanfordnlp_sst2,subgraphx,syntactic,teacher_agreement,872,71,0.08142201834862384,0.9174311926605505,Dimension 3 (consistency),0.126401345235273,0.2883228453096268,72.4894150471268,1.2504683643983862e-15,7.885114472819062,11.151235828325095,801,71,"{""Sufficient-Necessary"": 71.28, ""Sufficient-Redundant"": 95.22, ""Insufficient-Necessary"": 75.0, ""Insufficient-Redundant"": 80.95}","{""Sufficient-Necessary"": 10.78, ""Sufficient-Redundant"": 83.94, ""Insufficient-Necessary"": 0.46, ""Insufficient-Redundant"": 4.82}"
stanfordnlp_sst2,subgraphx,syntactic,teacher_agreement,872,71,0.08142201834862384,0.9174311926605505,Dimension 4 (fidelity),0.018796315139814983,0.11451497185760035,11.435127895764984,0.0032877101884150467,3.1317797969812227,4.429005463256904,801,71,"{""Faithful"": 76.47, ""Redundant"": 92.55, ""Incomplete"": 0.0, ""Unfaithful"": 89.47}","{""Faithful"": 3.9, ""Redundant"": 93.92, ""Incomplete"": 0.0, ""Unfaithful"": 2.18}"
stanfordnlp_sst2,subgraphx,syntactic,gold_label,872,109,0.125,0.9174311926605505,Dimension 3 (consistency),0.10299312661963829,0.3030442010073655,80.08080693037591,2.9491923293357707e-17,10.022244901571984,14.173594665227705,763,109,"{""Sufficient-Necessary"": 61.7, ""Sufficient-Redundant"": 91.8, ""Insufficient-Necessary"": 75.0, ""Insufficient-Redundant"": 71.43}","{""Sufficient-Necessary"": 10.78, ""Sufficient-Redundant"": 83.94, ""Insufficient-Necessary"": 0.46, ""Insufficient-Redundant"": 4.82}"
stanfordnlp_sst2,subgraphx,syntactic,gold_label,872,109,0.125,0.9174311926605505,Dimension 4 (fidelity),0.01796925229732456,0.1280848171368685,14.305788172218955,0.0007825959008133575,4.236007160841727,5.99061877717192,763,109,"{""Faithful"": 67.65, ""Redundant"": 88.52, ""Incomplete"": 0.0, ""Unfaithful"": 78.95}","{""Faithful"": 3.9, ""Redundant"": 93.92, ""Incomplete"": 0.0, ""Unfaithful"": 2.18}"
stanfordnlp_sst2,subgraphx,window,teacher_agreement,872,58,0.0665137614678899,0.9174311926605505,Dimension 3 (consistency),0.12057247943655214,0.29409481282340255,75.42081378663926,2.9438247186675666e-16,7.328196040877779,10.363634228738176,814,58,"{""Sufficient-Necessary"": 64.29, ""Sufficient-Redundant"": 95.95, ""Insufficient-Necessary"": 50.0, ""Insufficient-Redundant"": 88.39}","{""Sufficient-Necessary"": 4.82, ""Sufficient-Redundant"": 82.11, ""Insufficient-Necessary"": 0.23, ""Insufficient-Redundant"": 12.84}"
stanfordnlp_sst2,subgraphx,window,teacher_agreement,872,58,0.0665137614678899,0.9174311926605505,Dimension 4 (fidelity),0.0033890291821922335,0.03898535421279323,1.3253160391805445,0.5154793576977192,0.9714293008151804,1.3738084920994413,814,58,"{""Faithful"": 83.33, ""Redundant"": 93.3, ""Incomplete"": 0.0, ""Unfaithful"": 95.56}","{""Faithful"": 0.69, ""Redundant"": 94.15, ""Incomplete"": 0.0, ""Unfaithful"": 5.16}"
stanfordnlp_sst2,subgraphx,window,gold_label,872,98,0.11238532110091748,0.9174311926605505,Dimension 3 (consistency),0.029981215367857625,0.16096760107188438,22.594015814698135,4.906720893359476e-05,5.0839995681418015,7.189861140365094,774,98,"{""Sufficient-Necessary"": 69.05, ""Sufficient-Redundant"": 90.5, ""Insufficient-Necessary"": 50.0, ""Insufficient-Redundant"": 85.71}","{""Sufficient-Necessary"": 4.82, ""Sufficient-Redundant"": 82.11, ""Insufficient-Necessary"": 0.23, ""Insufficient-Redundant"": 12.84}"
stanfordnlp_sst2,subgraphx,window,gold_label,872,98,0.11238532110091748,0.9174311926605505,Dimension 4 (fidelity),0.009673731350263046,0.07613951506800133,5.055180858177231,0.07985119578126869,2.4047899027294215,3.400886495097824,774,98,"{""Faithful"": 66.67, ""Redundant"": 88.55, ""Incomplete"": 0.0, ""Unfaithful"": 95.56}","{""Faithful"": 0.69, ""Redundant"": 94.15, ""Incomplete"": 0.0, ""Unfaithful"": 5.16}"
stanfordnlp_sst2,token_shap_llm,tokens,teacher_agreement,872,73,0.08371559633027525,1.0,Dimension 3 (consistency),0.054092274670722675,0.1788152681736499,27.882112915116494,3.844964510310807e-06,4.952482312314032,7.003867653487371,799,73,"{""Sufficient-Necessary"": 80.0, ""Sufficient-Redundant"": 94.44, ""Insufficient-Necessary"": 76.67, ""Insufficient-Redundant"": 91.67}","{""Sufficient-Necessary"": 9.17, ""Sufficient-Redundant"": 55.73, ""Insufficient-Necessary"": 3.44, ""Insufficient-Redundant"": 31.65}"
stanfordnlp_sst2,token_shap_llm,tokens,teacher_agreement,872,73,0.08371559633027525,1.0,Dimension 4 (fidelity),0.02424539444812019,0.12284459437272784,13.15917268767523,0.004304729360132012,3.4023139467235826,4.8115985269076225,799,73,"{""Faithful"": 80.28, ""Redundant"": 92.94, ""Incomplete"": 91.67, ""Unfaithful"": 92.08}","{""Faithful"": 8.14, ""Redundant"": 60.09, ""Incomplete"": 1.38, ""Unfaithful"": 30.39}"
stanfordnlp_sst2,token_shap_llm,tokens,gold_label,872,73,0.08371559633027525,1.0,Dimension 3 (consistency),0.054092274670722675,0.1788152681736499,27.882112915116494,3.844964510310807e-06,4.952482312314032,7.003867653487371,799,73,"{""Sufficient-Necessary"": 80.0, ""Sufficient-Redundant"": 94.44, ""Insufficient-Necessary"": 76.67, ""Insufficient-Redundant"": 91.67}","{""Sufficient-Necessary"": 9.17, ""Sufficient-Redundant"": 55.73, ""Insufficient-Necessary"": 3.44, ""Insufficient-Redundant"": 31.65}"
stanfordnlp_sst2,token_shap_llm,tokens,gold_label,872,73,0.08371559633027525,1.0,Dimension 4 (fidelity),0.02424539444812019,0.12284459437272784,13.15917268767523,0.004304729360132012,3.4023139467235826,4.8115985269076225,799,73,"{""Faithful"": 80.28, ""Redundant"": 92.94, ""Incomplete"": 91.67, ""Unfaithful"": 92.08}","{""Faithful"": 8.14, ""Redundant"": 60.09, ""Incomplete"": 1.38, ""Unfaithful"": 30.39}"
