dataset,method,regime,n,n_bert_errors,addition,n_added,auroc_base,auroc_full,delta_auroc,delta_auroc_ci_low,delta_auroc_ci_high,auprc_base,auprc_full,delta_auprc,delta_auprc_ci_low,delta_auprc_ci_high
setfit_ag_news,graphsvx,all,7600,471,bert_explanation,19,0.8868036687564534,0.8852889680289742,-0.0014405834219132952,-0.006996876495416554,0.004701533896990751,0.3342144929388435,0.35446132758735255,0.018953350706376028,-0.0016837744462236568,0.03778116376591693
setfit_ag_news,graphsvx,all,7600,471,constituency:gnn_confidence,3,0.8868036687564534,0.8852079616196398,-0.0015878081560273174,-0.004191223928041973,-9.251264763588424e-05,0.3342144929388435,0.32913244677895737,-0.005209267601425644,-0.010339564866600029,-9.681311836903449e-05
setfit_ag_news,graphsvx,all,7600,471,constituency:gnn_disagreement,1,0.8868036687564534,0.8865835814899162,-0.00021080157727212812,-0.0006007387045974727,0.00018585288262762672,0.3342144929388435,0.3340661433269705,2.7314706655861722e-05,-0.005653252564707517,0.005287342604512271
setfit_ag_news,graphsvx,all,7600,471,constituency:gnn_confidence+explanation,22,0.8868036687564534,0.8779867762993115,-0.008744940337222782,-0.014934368736819132,-0.0036263151666236517,0.3342144929388435,0.3131597655156773,-0.021098415856529475,-0.03495624223856861,-0.0074706903403576365
setfit_ag_news,graphsvx,all,7600,471,constituency:gnn_confidence+explanation+bert_explanation,41,0.8868036687564534,0.8780284707747043,-0.008633317853941844,-0.016667808209204417,-0.0005513561146978224,0.3342144929388435,0.3329942804226476,-0.0015584581446586015,-0.022551096169851206,0.019867829609721072
setfit_ag_news,graphsvx,all,7600,471,syntactic:gnn_confidence,3,0.8868036687564534,0.8848094815619586,-0.002006077266624737,-0.004860792214140553,9.214876740840883e-05,0.3342144929388435,0.33076490676538667,-0.003917910431662215,-0.013092154764215623,0.004418985372721241
setfit_ag_news,graphsvx,all,7600,471,syntactic:gnn_disagreement,1,0.8868036687564534,0.8872998330136261,0.0005149866156474501,-0.0005281073454093871,0.0015577357545185544,0.3342144929388435,0.3438277617267281,0.009434322195077983,-0.0023804911252100656,0.02182496094914065
setfit_ag_news,graphsvx,all,7600,471,syntactic:gnn_confidence+explanation,22,0.8868036687564534,0.8775805529819144,-0.009383819678489374,-0.016063923857222096,-0.003996781598628818,0.3342144929388435,0.3295034083213959,-0.005485259164172336,-0.02146528384752216,0.010783940016953274
setfit_ag_news,graphsvx,all,7600,471,syntactic:gnn_confidence+explanation+bert_explanation,41,0.8868036687564534,0.8778989200833056,-0.009011405129924585,-0.017431063782876767,-0.0010067066908063585,0.3342144929388435,0.35008189958011005,0.014246974966743584,-0.009727850193182803,0.038445235114700015
setfit_ag_news,graphsvx,all,7600,471,window:gnn_confidence,3,0.8868036687564534,0.8863197150242171,-0.0005117380908150821,-0.0029772499433460553,0.001242700009005834,0.3342144929388435,0.34308565110657585,0.00876221491134582,-0.0043214273622677254,0.0221951239300563
setfit_ag_news,graphsvx,all,7600,471,window:gnn_disagreement,1,0.8868036687564534,0.8873823285113672,0.0005989269804884138,-0.00027724212361387166,0.0014325676759591455,0.3342144929388435,0.3479498771799123,0.013074274889955134,0.000342945133874037,0.025917270471882657
setfit_ag_news,graphsvx,all,7600,471,window:gnn_confidence+explanation,22,0.8868036687564534,0.8847761259816443,-0.0019679257861182596,-0.006151665984685584,0.0017685905082785356,0.3342144929388435,0.34673051216455303,0.012942807103224853,-0.008153251439080508,0.03299997398512199
setfit_ag_news,graphsvx,all,7600,471,window:gnn_confidence+explanation+bert_explanation,41,0.8868036687564534,0.8839487884627814,-0.0027259410897198305,-0.00915029501036782,0.004174708153008398,0.3342144929388435,0.3582264691931387,0.02330318702413315,-0.0028294135581541156,0.04717446281888715
setfit_ag_news,graphsvx,all,7600,471,skipgrams:gnn_confidence,3,0.8868036687564534,0.886691093672893,-0.00013858501190707384,-0.001960729441589426,0.0013045363912758392,0.3342144929388435,0.3403747669651794,0.005567721405506649,-0.007987445229493935,0.019100836306977557
setfit_ag_news,graphsvx,all,7600,471,skipgrams:gnn_disagreement,1,0.8868036687564534,0.8873701179864308,0.0005901396908630634,-0.0002930686605281396,0.0014587022373782036,0.3342144929388435,0.3493288204299207,0.014430735600726717,0.0019640828857452374,0.028820788754477963
setfit_ag_news,graphsvx,all,7600,471,skipgrams:gnn_confidence+explanation,22,0.8868036687564534,0.8855013120357953,-0.001244394056036804,-0.005152183623605494,0.002887659713868711,0.3342144929388435,0.3499911097062429,0.015257595434316531,-0.007776138951369132,0.03949377427838057
setfit_ag_news,graphsvx,all,7600,471,skipgrams:gnn_confidence+explanation+bert_explanation,41,0.8868036687564534,0.8851752016746882,-0.0015264116372184998,-0.007821110803102212,0.0053288360705915,0.3342144929388435,0.3607800345561144,0.02536287050819415,-0.0017026771076510405,0.05178255508526767
setfit_ag_news,graphsvx,all,7600,471,committee:confidence+disagreement(4 topologies),16,0.8868036687564534,0.8856043569535517,-0.0012015560120052003,-0.0045157875649623844,0.0015396489975596998,0.3342144929388435,0.3456417149767151,0.010255446821719012,-0.009404487159474426,0.029370573584733814
setfit_ag_news,graphsvx,all,7600,471,committee:confidence+explanation(4 topologies),88,0.8868036687564534,0.8681677273443388,-0.018714765823740997,-0.027430130239533102,-0.01068773540911755,0.3342144929388435,0.3298011660214722,-0.00537932498810822,-0.03391587044624256,0.022151431813161215
setfit_ag_news,graphsvx,bert_confidence>0.9,6506,144,bert_explanation,19,0.8106061598379266,0.8002768172133151,-0.010043366769136728,-0.02925045030142585,0.010405264446673609,0.09288454724528535,0.08453702606583749,-0.008892824500478702,-0.034701899440901074,0.017991348034704164
setfit_ag_news,graphsvx,bert_confidence>0.9,6506,144,constituency:gnn_confidence,3,0.8106061598379266,0.8059135841279822,-0.004578503891604297,-0.014069595661280215,9.88620499743959e-05,0.09288454724528535,0.0999404824991334,0.0047952622500895235,-0.0029651362342647623,0.01659376767095649
setfit_ag_news,graphsvx,bert_confidence>0.9,6506,144,constituency:gnn_disagreement,1,0.8106061598379266,0.8103845750812115,-0.0002238451244267955,-0.0003642751350490525,-9.700235178136958e-05,0.09288454724528535,0.09229216362164754,-0.0006119270744441596,-0.002266923708361005,0.0005799020786757316
setfit_ag_news,graphsvx,bert_confidence>0.9,6506,144,constituency:gnn_confidence+explanation,22,0.8106061598379266,0.7830947203884173,-0.027375203564842708,-0.046484441587794606,-0.01043063829188116,0.09288454724528535,0.08661396376844609,-0.006136107007606444,-0.02389135381597188,0.010226937577026814
setfit_ag_news,graphsvx,bert_confidence>0.9,6506,144,constituency:gnn_confidence+explanation+bert_explanation,41,0.8106061598379266,0.779100737014915,-0.031229353131779748,-0.056942748935517165,-0.00446367461682035,0.09288454724528535,0.0819567002585539,-0.01143447725185927,-0.036547179438812576,0.014229537020521179
setfit_ag_news,graphsvx,bert_confidence>0.9,6506,144,syntactic:gnn_confidence,3,0.8106061598379266,0.8036857295050474,-0.0067533890674699535,-0.017283733042731276,5.166445565465674e-05,0.09288454724528535,0.09667659116856046,0.0025391784123909044,-0.00771310422671275,0.013927451828882801
setfit_ag_news,graphsvx,bert_confidence>0.9,6506,144,syntactic:gnn_disagreement,1,0.8106061598379266,0.8116442243878585,0.0009924522932408524,-0.0004928709507834694,0.0041746955336839,0.09288454724528535,0.0903167911159655,-0.0027811562196197663,-0.010949314525927732,0.0009116745969183252
setfit_ag_news,graphsvx,bert_confidence>0.9,6506,144,syntactic:gnn_confidence+explanation,22,0.8106061598379266,0.7845835953054595,-0.02571307434855998,-0.04062074045958003,-0.011362826204880695,0.09288454724528535,0.08158254937810418,-0.011408137873397003,-0.03202438608652061,0.008431189515637027
setfit_ag_news,graphsvx,bert_confidence>0.9,6506,144,syntactic:gnn_confidence+explanation+bert_explanation,41,0.8106061598379266,0.7815840144608612,-0.028648718180298682,-0.05053948946011164,-0.00571362006434,0.09288454724528535,0.07844887581299073,-0.015042101132009985,-0.040523618044505334,0.007864821028733645
setfit_ag_news,graphsvx,bert_confidence>0.9,6506,144,window:gnn_confidence,3,0.8106061598379266,0.8074472126165778,-0.003101941120499861,-0.010726040769970505,0.0008393301392101288,0.09288454724528535,0.10194623797338226,0.009027206758816696,-0.006715286029527404,0.0324598843273402
setfit_ag_news,graphsvx,bert_confidence>0.9,6506,144,window:gnn_disagreement,1,0.8106061598379266,0.8105712302211046,-3.578002593860075e-05,-0.00042950646020459006,0.0005501990876203145,0.09288454724528535,0.09412464128858,0.00128728434291494,-0.009626509233039728,0.015924048502927394
setfit_ag_news,graphsvx,bert_confidence>0.9,6506,144,window:gnn_confidence+explanation,22,0.8106061598379266,0.8022230518006218,-0.008066050444426586,-0.02047032257600749,0.0040252350331515295,0.09288454724528535,0.08565500468545853,-0.007598975228008403,-0.029225633575537376,0.0107872768997727
setfit_ag_news,graphsvx,bert_confidence>0.9,6506,144,window:gnn_confidence+explanation+bert_explanation,41,0.8106061598379266,0.7981744909008349,-0.011955284822770921,-0.03374697006985657,0.011636002948156181,0.09288454724528535,0.08350583523910736,-0.009772910027662564,-0.03633201343672214,0.01420743811123887
setfit_ag_news,graphsvx,bert_confidence>0.9,6506,144,skipgrams:gnn_confidence,3,0.8106061598379266,0.8092624611408014,-0.0013334843069438566,-0.006376441746911798,0.002089076214539325,0.09288454724528535,0.09540355756892292,0.0026880404571804403,-0.009610469996391478,0.01670999994200377
setfit_ag_news,graphsvx,bert_confidence>0.9,6506,144,skipgrams:gnn_disagreement,1,0.8106061598379266,0.8106923923294561,8.484171932566564e-05,-0.0002686492075451574,0.0006466724559568673,0.09288454724528535,0.09436147926680272,0.0015218009379707285,-0.008861043393439322,0.01580728965933173
setfit_ag_news,graphsvx,bert_confidence>0.9,6506,144,skipgrams:gnn_confidence+explanation,22,0.8106061598379266,0.80409287785113,-0.006163883686910953,-0.019152506626054774,0.005647830839321228,0.09288454724528535,0.08989073668195663,-0.0027169039769982025,-0.024983467321144134,0.01953887610362795
setfit_ag_news,graphsvx,bert_confidence>0.9,6506,144,skipgrams:gnn_confidence+explanation+bert_explanation,41,0.8106061598379266,0.7995924150337073,-0.010552499920238571,-0.03418871684876957,0.011777516515110225,0.09288454724528535,0.08362127866266225,-0.00957595098103384,-0.035705366562448326,0.016092776742976534
setfit_ag_news,graphsvx,bert_confidence>0.9,6506,144,committee:confidence+disagreement(4 topologies),16,0.8106061598379266,0.8037250253239722,-0.006766823289610027,-0.017424803992055152,-0.00037578447944083555,0.09288454724528535,0.09801554076726131,0.003805461792974134,-0.012362824629240144,0.027848862884224883
setfit_ag_news,graphsvx,bert_confidence>0.9,6506,144,committee:confidence+explanation(4 topologies),88,0.8106061598379266,0.7624600492507597,-0.0480132964760057,-0.0727175908673795,-0.026735685362511558,0.09288454724528535,0.07851855110439311,-0.01443316469172087,-0.03729485159646808,0.008960065946120737
setfit_ag_news,graphsvx,bert_confidence>0.95,5915,96,bert_explanation,19,0.799738285501518,0.782408203013118,-0.01683870883568512,-0.04578995723425483,0.016957313193297432,0.05382084223468235,0.04990246855332167,-0.0030895591821764904,-0.022657525947624678,0.020404104841443626
setfit_ag_news,graphsvx,bert_confidence>0.95,5915,96,constituency:gnn_confidence,3,0.799738285501518,0.7931864724752249,-0.006737010958915123,-0.022146773372196837,0.00077117608136803,0.05382084223468235,0.053404413630529425,-0.00046981473842641185,-0.006299547500152876,0.005254302166434643
setfit_ag_news,graphsvx,bert_confidence>0.95,5915,96,constituency:gnn_disagreement,1,0.799738285501518,0.7995270521853697,-0.00020974140115908622,-0.00037007070326094407,-6.203223091849628e-05,0.05382084223468235,0.05277881401989055,-0.0014281761231420827,-0.007634652251329583,-2.177043734768755e-05
setfit_ag_news,graphsvx,bert_confidence>0.95,5915,96,constituency:gnn_confidence+explanation,22,0.799738285501518,0.7581235321074641,-0.041912662749200046,-0.07372866534744352,-0.013816633958137974,0.05382084223468235,0.049187884355222554,-0.005206085554089686,-0.02202774439570091,0.011889352963314264
setfit_ag_news,graphsvx,bert_confidence>0.95,5915,96,constituency:gnn_confidence+explanation+bert_explanation,41,0.799738285501518,0.7503222203127685,-0.04920747818440328,-0.09196844393860831,-0.009838207045633795,0.05382084223468235,0.04963415393448641,-0.003134826117660477,-0.024337891435378088,0.0230188076340091
setfit_ag_news,graphsvx,bert_confidence>0.95,5915,96,syntactic:gnn_confidence,3,0.799738285501518,0.7890531019075443,-0.011036950886257576,-0.02845243271670808,0.0005693180093516547,0.05382084223468235,0.054386133845565884,0.0007840842067192161,-0.0011832440819603844,0.007087796947547734
setfit_ag_news,graphsvx,bert_confidence>0.95,5915,96,syntactic:gnn_disagreement,1,0.799738285501518,0.8016125336541216,0.001933618655329838,-0.0006118919547860036,0.007031428553463996,0.05382084223468235,0.05255821858587311,-0.0020502746316976355,-0.01099194463343375,0.0007743590350824988
setfit_ag_news,graphsvx,bert_confidence>0.95,5915,96,syntactic:gnn_confidence+explanation,22,0.799738285501518,0.7610432061637166,-0.03892833513033729,-0.06328077617709787,-0.016819535987386138,0.05382084223468235,0.04320070184311361,-0.01138659334669214,-0.029910093110566253,0.002345741042200236
setfit_ag_news,graphsvx,bert_confidence>0.95,5915,96,syntactic:gnn_confidence+explanation+bert_explanation,41,0.799738285501518,0.7570977974451509,-0.04224317902473868,-0.07815084947947222,-0.005333405888390509,0.05382084223468235,0.04339229331564315,-0.010415491590308698,-0.031170066273345776,0.009317391193328306
setfit_ag_news,graphsvx,bert_confidence>0.95,5915,96,window:gnn_confidence,3,0.799738285501518,0.7944216503408374,-0.005522833889043385,-0.01892661741376358,0.0011486293595166673,0.05382084223468235,0.05371086139766815,-8.723038522008014e-05,-0.005203330281142565,0.0049304936326750376
setfit_ag_news,graphsvx,bert_confidence>0.95,5915,96,window:gnn_disagreement,1,0.799738285501518,0.7995395829753108,-0.0001914163684550687,-0.0004710348154051275,4.8460126792679275e-05,0.05382084223468235,0.05225251627012645,-0.0023658937973287035,-0.011378542646347842,1.5444146608051809e-06
setfit_ag_news,graphsvx,bert_confidence>0.95,5915,96,window:gnn_confidence+explanation,22,0.799738285501518,0.7881365641290027,-0.011744841996581268,-0.03140413809631858,0.008426096083889858,0.05382084223468235,0.05377271723717707,0.0004906389485232198,-0.020751346741803563,0.02555648039681055
setfit_ag_news,graphsvx,bert_confidence>0.95,5915,96,window:gnn_confidence+explanation+bert_explanation,41,0.799738285501518,0.7807451881766626,-0.01848518548683117,-0.05166421806107843,0.01606984837869697,0.05382084223468235,0.051437725028083685,-0.0015263280023838956,-0.02248849284378177,0.025976982128841353
setfit_ag_news,graphsvx,bert_confidence>0.95,5915,96,skipgrams:gnn_confidence,3,0.799738285501518,0.7974487311680128,-0.002394328765121652,-0.011763673794659753,0.003941893618177278,0.05382084223468235,0.05391038694877046,0.00012871379637450443,-0.0049987829200631795,0.005182106656739435
setfit_ag_news,graphsvx,bert_confidence>0.95,5915,96,skipgrams:gnn_disagreement,1,0.799738285501518,0.7996899524546027,-4.704615076556373e-05,-0.00020590523905150148,8.930855449379437e-05,0.05382084223468235,0.05244393768271274,-0.002091251276587926,-0.011003934819641048,4.0179673122657164e-05
setfit_ag_news,graphsvx,bert_confidence>0.95,5915,96,skipgrams:gnn_confidence+explanation,22,0.799738285501518,0.7897691470470299,-0.010042844762507287,-0.030120949509113783,0.010910913535013741,0.05382084223468235,0.05391194018995848,0.00024063393516082115,-0.02078366743113689,0.023249448612352727
setfit_ag_news,graphsvx,bert_confidence>0.95,5915,96,skipgrams:gnn_confidence+explanation+bert_explanation,41,0.799738285501518,0.7824529558343358,-0.016881183734764445,-0.04796684026944803,0.017409651868576174,0.05382084223468235,0.050426898251918574,-0.0030563272357663714,-0.024214295251738942,0.020086108937140777
setfit_ag_news,graphsvx,bert_confidence>0.95,5915,96,committee:confidence+disagreement(4 topologies),16,0.799738285501518,0.7897584063699375,-0.010266230856619802,-0.026230531984382195,0.00031223542103321313,0.05382084223468235,0.052280756033087045,-0.0017274594434312381,-0.008552838646513395,0.0019505939676904898
setfit_ag_news,graphsvx,bert_confidence>0.95,5915,96,committee:confidence+explanation(4 topologies),88,0.799738285501518,0.7334772584063699,-0.0664784529979018,-0.10072105378745062,-0.033165763102052305,0.05382084223468235,0.04201385179437202,-0.011948236221517557,-0.03213545891483747,0.0074842903325542795
setfit_ag_news,subgraphx,all,7600,471,bert_explanation,19,0.8868036687564534,0.8852889680289742,-0.0014405834219132952,-0.006996876495416554,0.004701533896990751,0.3342144929388435,0.35446132758735255,0.018953350706376028,-0.0016837744462236568,0.03778116376591693
setfit_ag_news,subgraphx,all,7600,471,constituency:gnn_confidence,3,0.8868036687564534,0.8852112376141348,-0.0015848287988950252,-0.0041899480581794515,-8.522769255172601e-05,0.3342144929388435,0.32916665976772125,-0.005176513970217522,-0.010230549474715439,-2.7350904933351758e-05
setfit_ag_news,subgraphx,all,7600,471,constituency:gnn_disagreement,1,0.8868036687564534,0.8865835814899162,-0.00021080157727212812,-0.0006007387045974727,0.00018585288262762672,0.3342144929388435,0.3340661433269705,2.7314706655861722e-05,-0.005653252564707517,0.005287342604512271
setfit_ag_news,subgraphx,all,7600,471,constituency:gnn_confidence+explanation,22,0.8868036687564534,0.8813184627008669,-0.005517086774804118,-0.01174639250299804,-0.00016281671795548048,0.3342144929388435,0.32155577513761185,-0.012738840820389527,-0.029184383607753717,0.0033537764239589297
setfit_ag_news,subgraphx,all,7600,471,constituency:gnn_confidence+explanation+bert_explanation,41,0.8868036687564534,0.8804071405958558,-0.0063505052769605545,-0.01457346276354136,0.0017296234909969592,0.3342144929388435,0.33810635626170904,0.0036032354040330594,-0.021472675852153664,0.027918845394654966
setfit_ag_news,subgraphx,all,7600,471,syntactic:gnn_confidence,3,0.8868036687564534,0.8848097793796398,-0.0020057688492234787,-0.004860763727066389,9.158491836271888e-05,0.3342144929388435,0.3307623126139902,-0.003920172928730121,-0.013102280075763657,0.004419048929146857
setfit_ag_news,subgraphx,all,7600,471,syntactic:gnn_disagreement,1,0.8868036687564534,0.8872998330136261,0.0005149866156474501,-0.0005281073454093871,0.0015577357545185544,0.3342144929388435,0.3438277617267281,0.009434322195077983,-0.0023804911252100656,0.02182496094914065
setfit_ag_news,subgraphx,all,7600,471,syntactic:gnn_confidence+explanation,22,0.8868036687564534,0.8845968397374557,-0.0021705646289473753,-0.009659526872766,0.003943107173476772,0.3342144929388435,0.3244584787379348,-0.010191208633947608,-0.03180024699995022,0.011045365528756587
setfit_ag_news,subgraphx,all,7600,471,syntactic:gnn_confidence+explanation+bert_explanation,41,0.8868036687564534,0.8834028886528189,-0.003323266241210985,-0.011937464365149208,0.004355988817114777,0.3342144929388435,0.33968572453725937,0.004809322524726019,-0.02156463103055227,0.029523771729015567
setfit_ag_news,subgraphx,all,7600,471,window:gnn_confidence,3,0.8868036687564534,0.8863191193888544,-0.0005123074616509761,-0.0029772636465752234,0.0012414928638940085,0.3342144929388435,0.34308518554572126,0.008761769067262804,-0.004321496931605699,0.022195089586733215
setfit_ag_news,subgraphx,all,7600,471,window:gnn_disagreement,1,0.8868036687564534,0.8873823285113672,0.0005989269804884138,-0.00027724212361387166,0.0014325676759591455,0.3342144929388435,0.3479498771799123,0.013074274889955134,0.000342945133874037,0.025917270471882657
setfit_ag_news,subgraphx,all,7600,471,window:gnn_confidence+explanation,22,0.8868036687564534,0.8849789398226615,-0.0018012903003564228,-0.006380710124537961,0.0025623887003064145,0.3342144929388435,0.3417395806397062,0.007647246232899605,-0.013181184373209065,0.028443171112441313
setfit_ag_news,subgraphx,all,7600,471,window:gnn_confidence+explanation+bert_explanation,41,0.8868036687564534,0.8851081926963786,-0.0015868955051071203,-0.007698555268622734,0.005178313773472105,0.3342144929388435,0.35083384014448105,0.016195452178743637,-0.009545939486024165,0.04132451027683165
setfit_ag_news,subgraphx,all,7600,471,skipgrams:gnn_confidence,3,0.8868036687564534,0.886691093672893,-0.00013858501190707362,-0.0019607294415893177,0.0013045363912758392,0.3342144929388435,0.3403747669651794,0.005567721405506649,-0.007987445229493935,0.019100836306977557
setfit_ag_news,subgraphx,all,7600,471,skipgrams:gnn_disagreement,1,0.8868036687564534,0.8873701179864308,0.0005901396908630634,-0.0002930686605281396,0.0014587022373782036,0.3342144929388435,0.3493288204299207,0.014430735600726717,0.0019640828857452374,0.028820788754477963
setfit_ag_news,subgraphx,all,7600,471,skipgrams:gnn_confidence+explanation,22,0.8868036687564534,0.8830627808606872,-0.003719322460323903,-0.007889926908989769,0.0002731635355391809,0.3342144929388435,0.33641577285922675,0.0017209277749427937,-0.0170539276704492,0.018803328555886463
setfit_ag_news,subgraphx,all,7600,471,skipgrams:gnn_confidence+explanation+bert_explanation,41,0.8868036687564534,0.8828129118260124,-0.003920002101518795,-0.010481652663664237,0.0026641106432410923,0.3342144929388435,0.35041370795291965,0.015059563452603869,-0.008919208922939863,0.03938429066453477
setfit_ag_news,subgraphx,all,7600,471,committee:confidence+disagreement(4 topologies),16,0.8868036687564534,0.885633245268645,-0.0011701991962680997,-0.004524901130849629,0.0015759656538844617,0.3342144929388435,0.34527582743678686,0.009868070562069372,-0.009882816095982808,0.02904448605147218
setfit_ag_news,subgraphx,all,7600,471,committee:confidence+explanation(4 topologies),88,0.8868036687564534,0.875290632829813,-0.011390371518863783,-0.02072952420365319,-0.002977249328363358,0.3342144929388435,0.31932900205799464,-0.015163521626455486,-0.04511742970392437,0.013446030125759047
setfit_ag_news,subgraphx,bert_confidence>0.9,6506,144,bert_explanation,19,0.8106061598379266,0.8002768172133151,-0.010043366769136728,-0.02925045030142585,0.010405264446673609,0.09288454724528535,0.08453702606583749,-0.008892824500478702,-0.034701899440901074,0.017991348034704164
setfit_ag_news,subgraphx,bert_confidence>0.9,6506,144,constituency:gnn_confidence,3,0.8106061598379266,0.8059103094764051,-0.004582331890128139,-0.014077999073612634,0.00010583994359778202,0.09288454724528535,0.09994154096650866,0.004796197914922148,-0.0029302177580211356,0.016588488122979427
setfit_ag_news,subgraphx,bert_confidence>0.9,6506,144,constituency:gnn_disagreement,1,0.8106061598379266,0.8103845750812115,-0.0002238451244267955,-0.0003642751350490525,-9.700235178136958e-05,0.09288454724528535,0.09229216362164754,-0.0006119270744441596,-0.002266923708361005,0.0005799020786757316
setfit_ag_news,subgraphx,bert_confidence>0.9,6506,144,constituency:gnn_confidence+explanation,22,0.8106061598379266,0.8009361137308324,-0.008896971398375144,-0.024276121895811277,0.005062721495761552,0.09288454724528535,0.08231765605963622,-0.012034364905423893,-0.032068751365855734,0.003658458435469494
setfit_ag_news,subgraphx,bert_confidence>0.9,6506,144,constituency:gnn_confidence+explanation+bert_explanation,41,0.8106061598379266,0.7952873397603828,-0.014351888526815328,-0.03821938372111391,0.009018121759419679,0.09288454724528535,0.08361899683471498,-0.010124996189282285,-0.03540198075628298,0.014847938561168093
setfit_ag_news,subgraphx,bert_confidence>0.9,6506,144,syntactic:gnn_confidence,3,0.8106061598379266,0.8036879126060987,-0.00675130161135389,-0.017279184434448067,5.166445565465674e-05,0.09288454724528535,0.09667665159505673,0.0025392362928641898,-0.007713044671498779,0.013927509989902704
setfit_ag_news,subgraphx,bert_confidence>0.9,6506,144,syntactic:gnn_disagreement,1,0.8106061598379266,0.8116442243878585,0.0009924522932408524,-0.0004928709507834694,0.0041746955336839,0.09288454724528535,0.0903167911159655,-0.0027811562196197663,-0.010949314525927732,0.0009116745969183252
setfit_ag_news,subgraphx,bert_confidence>0.9,6506,144,syntactic:gnn_confidence+explanation,22,0.8106061598379266,0.8089131649725804,-0.0016115416328815297,-0.020624387524280727,0.017280969130555313,0.09288454724528535,0.10227402623803969,0.00977595902104287,-0.01834604747175099,0.04151845793906608
setfit_ag_news,subgraphx,bert_confidence>0.9,6506,144,syntactic:gnn_confidence+explanation+bert_explanation,41,0.8106061598379266,0.8017689667819344,-0.008530279408469272,-0.032564911481183116,0.01419992671229998,0.09288454724528535,0.10201725367359556,0.00939786721237926,-0.020705451162529576,0.04456240588358916
setfit_ag_news,subgraphx,bert_confidence>0.9,6506,144,window:gnn_confidence,3,0.8106061598379266,0.8074450295155263,-0.003104181087533689,-0.01072834624785684,0.0008372439493964517,0.09288454724528535,0.10194273762520854,0.009023500354498136,-0.006720901285229674,0.03245937133028185
setfit_ag_news,subgraphx,bert_confidence>0.9,6506,144,window:gnn_disagreement,1,0.8106061598379266,0.8105712302211046,-3.578002593860075e-05,-0.00042950646020459006,0.0005501990876203145,0.09288454724528535,0.09412464128858,0.00128728434291494,-0.009626509233039728,0.015924048502927394
setfit_ag_news,subgraphx,bert_confidence>0.9,6506,144,window:gnn_confidence+explanation,22,0.8106061598379266,0.7997375912536239,-0.010506405800033284,-0.026136004080369965,0.003495157666916873,0.09288454724528535,0.1008201397056917,0.0068069559789821505,-0.013004801512492803,0.031236129188305112
setfit_ag_news,subgraphx,bert_confidence>0.9,6506,144,window:gnn_confidence+explanation+bert_explanation,41,0.8106061598379266,0.7990411820182333,-0.011068989969024626,-0.03071215190964321,0.011168508375003739,0.09288454724528535,0.08869009923239767,-0.0039677999603017315,-0.02906543802240389,0.022168948606477775
setfit_ag_news,subgraphx,bert_confidence>0.9,6506,144,skipgrams:gnn_confidence,3,0.8106061598379266,0.8092624611408014,-0.001333484306943858,-0.006376441746911798,0.002089076214539325,0.09288454724528535,0.09540355756892292,0.0026880404571804403,-0.009610469996391478,0.01670999994200377
setfit_ag_news,subgraphx,bert_confidence>0.9,6506,144,skipgrams:gnn_disagreement,1,0.8106061598379266,0.8106923923294561,8.484171932566564e-05,-0.0002686492075451574,0.0006466724559568673,0.09288454724528535,0.09436147926680272,0.0015218009379707285,-0.008861043393439322,0.01580728965933173
setfit_ag_news,subgraphx,bert_confidence>0.9,6506,144,skipgrams:gnn_confidence+explanation,22,0.8106061598379266,0.7966179398511998,-0.013697033430372412,-0.028576856495865895,0.0010796748683524822,0.09288454724528535,0.09974932402372258,0.007228187886134318,-0.015254790019870292,0.03487931178991997
setfit_ag_news,subgraphx,bert_confidence>0.9,6506,144,skipgrams:gnn_confidence+explanation+bert_explanation,41,0.8106061598379266,0.7945079726850397,-0.015640611271325832,-0.03577714321757071,0.006379393072665278,0.09288454724528535,0.08645573024167316,-0.006465845516891374,-0.031318522140221884,0.020082201358500817
setfit_ag_news,subgraphx,bert_confidence>0.9,6506,144,committee:confidence+disagreement(4 topologies),16,0.8106061598379266,0.8037021027629327,-0.006785034461753502,-0.017437921140906948,-0.00031817934543698113,0.09288454724528535,0.09798216579237275,0.0037703250187503486,-0.012387675707989196,0.027761007948606472
setfit_ag_news,subgraphx,bert_confidence>0.9,6506,144,committee:confidence+explanation(4 topologies),88,0.8106061598379266,0.7936740280834118,-0.016895803668062093,-0.036938422999330464,0.0021654491744391487,0.09288454724528535,0.08453654944077929,-0.008741515704917876,-0.0347026237806349,0.018140699890720157
setfit_ag_news,subgraphx,bert_confidence>0.95,5915,96,bert_explanation,19,0.799738285501518,0.782408203013118,-0.01683870883568512,-0.04578995723425483,0.016957313193297432,0.05382084223468235,0.04990246855332167,-0.0030895591821764904,-0.022657525947624678,0.020404104841443626
setfit_ag_news,subgraphx,bert_confidence>0.95,5915,96,constituency:gnn_confidence,3,0.799738285501518,0.7931811021366787,-0.006742851567599293,-0.022150619252962776,0.0007688887945805965,0.05382084223468235,0.05341196534529389,-0.000461993115507368,-0.006290998829984724,0.005256490078165133
setfit_ag_news,subgraphx,bert_confidence>0.95,5915,96,constituency:gnn_disagreement,1,0.799738285501518,0.7995270521853697,-0.00020974140115908622,-0.00037007070326094407,-6.203223091849628e-05,0.05382084223468235,0.05277881401989055,-0.0014281761231420827,-0.007634652251329583,-2.177043734768755e-05
setfit_ag_news,subgraphx,bert_confidence>0.95,5915,96,constituency:gnn_confidence+explanation,22,0.799738285501518,0.7844560921120467,-0.015788599044382484,-0.04065892479851514,0.006480956437928962,0.05382084223468235,0.055622236481971725,0.0016843161305575452,-0.016679401178837264,0.021161942450981092
setfit_ag_news,subgraphx,bert_confidence>0.95,5915,96,constituency:gnn_confidence+explanation+bert_explanation,41,0.799738285501518,0.7746444835882452,-0.02510641442508904,-0.06283456452800029,0.013858577755006832,0.05382084223468235,0.054069247374297254,0.0016356301149746315,-0.021043825611441563,0.03101315526382206
setfit_ag_news,subgraphx,bert_confidence>0.95,5915,96,syntactic:gnn_confidence,3,0.799738285501518,0.7890566821332416,-0.011033140053913875,-0.028444760794376793,0.0005693180093516574,0.05382084223468235,0.05438620849172814,0.0007841637939874834,-0.0011832385288253425,0.007087796947547734
setfit_ag_news,subgraphx,bert_confidence>0.95,5915,96,syntactic:gnn_disagreement,1,0.799738285501518,0.8016125336541216,0.001933618655329838,-0.0006118919547860036,0.007031428553463996,0.05382084223468235,0.05255821858587311,-0.0020502746316976355,-0.01099194463343375,0.0007743590350824988
setfit_ag_news,subgraphx,bert_confidence>0.95,5915,96,syntactic:gnn_confidence+explanation,22,0.799738285501518,0.7949855358881823,-0.004844381366875565,-0.03671304594609674,0.026076963296396683,0.05382084223468235,0.060076584036392766,0.006087859738262584,-0.010901603416818437,0.024287153839184193
setfit_ag_news,subgraphx,bert_confidence>0.95,5915,96,syntactic:gnn_confidence+explanation+bert_explanation,41,0.799738285501518,0.7845026350461134,-0.01511750200282492,-0.04975622623412223,0.022666753213867148,0.05382084223468235,0.06020490246461785,0.008776440304700867,-0.014636812742368915,0.041245273139125814
setfit_ag_news,subgraphx,bert_confidence>0.95,5915,96,window:gnn_confidence,3,0.799738285501518,0.7944198602279888,-0.00552471653165262,-0.01892661741376347,0.0011468659303251636,0.05382084223468235,0.05371078693599625,-8.730927301648332e-05,-0.005203330281142565,0.0049304936326750376
setfit_ag_news,subgraphx,bert_confidence>0.95,5915,96,window:gnn_disagreement,1,0.799738285501518,0.7995395829753108,-0.0001914163684550687,-0.0004710348154051275,4.8460126792679275e-05,0.05382084223468235,0.05225251627012645,-0.0023658937973287035,-0.011378542646347842,1.5444146608051809e-06
setfit_ag_news,subgraphx,bert_confidence>0.95,5915,96,window:gnn_confidence+explanation,22,0.799738285501518,0.7836093687346051,-0.016442853738621747,-0.04175908022713046,0.008198695800883135,0.05382084223468235,0.05236251684484779,-0.0022948027275480785,-0.020376070852512716,0.012838473319057948
setfit_ag_news,subgraphx,bert_confidence>0.95,5915,96,window:gnn_confidence+explanation+bert_explanation,41,0.799738285501518,0.7818640087071089,-0.01754180841004186,-0.05035170804425531,0.018250061020927077,0.05382084223468235,0.05011989540383938,-0.003140057173115202,-0.02398058815663172,0.018806662539274502
setfit_ag_news,subgraphx,bert_confidence>0.95,5915,96,skipgrams:gnn_confidence,3,0.799738285501518,0.7974487311680128,-0.0023943287651216516,-0.011763673794659753,0.003941893618177495,0.05382084223468235,0.05391038694877046,0.00012871379637450443,-0.0049987829200631795,0.005182106656739435
setfit_ag_news,subgraphx,bert_confidence>0.95,5915,96,skipgrams:gnn_disagreement,1,0.799738285501518,0.7996899524546027,-4.704615076556373e-05,-0.00020590523905150148,8.930855449379437e-05,0.05382084223468235,0.05244393768271274,-0.002091251276587926,-0.011003934819641048,4.0179673122657164e-05
setfit_ag_news,subgraphx,bert_confidence>0.95,5915,96,skipgrams:gnn_confidence+explanation,22,0.799738285501518,0.777594589562926,-0.022321935294225086,-0.04646887824155997,0.00048377875486056547,0.05382084223468235,0.047626839425810176,-0.006993135429197146,-0.02563071893856101,0.006720667936936315
setfit_ag_news,subgraphx,bert_confidence>0.95,5915,96,skipgrams:gnn_confidence+explanation+bert_explanation,41,0.799738285501518,0.7743186830497795,-0.025041427960396566,-0.05699453299543624,0.00895240684955056,0.05382084223468235,0.04693169874342555,-0.006618949758240098,-0.0265959103686586,0.013309908545811606
setfit_ag_news,subgraphx,bert_confidence>0.95,5915,96,committee:confidence+disagreement(4 topologies),16,0.799738285501518,0.7896545798247122,-0.010371779634190571,-0.026379236505396253,0.0002164077574667153,0.05382084223468235,0.05226977524898107,-0.0017362634962701006,-0.008485451517706622,0.0020371428023908365
setfit_ag_news,subgraphx,bert_confidence>0.95,5915,96,committee:confidence+explanation(4 topologies),88,0.799738285501518,0.7860779343529817,-0.013572630614688504,-0.04038483907500632,0.0134687004738661,0.05382084223468235,0.051209647989602224,-0.003013507367236981,-0.02127212826113469,0.013343670707729976
stanfordnlp_sst2,graphsvx,all,872,73,bert_explanation,19,0.8348963601762478,0.833867677062081,-0.0005907939746161934,-0.02729626470217874,0.028182840608362958,0.3077422178420738,0.2734918456471634,-0.03564858676157415,-0.10987331807536593,0.03325353679048827
stanfordnlp_sst2,graphsvx,all,872,73,constituency:gnn_confidence,3,0.8348963601762478,0.8411370377355255,0.006174703927170598,-0.009574450706526277,0.02272468535140234,0.3077422178420738,0.2947493433152253,-0.014723447466343555,-0.07069296808486944,0.03328081946708071
stanfordnlp_sst2,graphsvx,all,872,73,constituency:gnn_disagreement,1,0.8348963601762478,0.8323075076722615,-0.002610881202222127,-0.004950973252606438,-0.0005849740012949387,0.3077422178420738,0.27997161162700346,-0.030123456247817152,-0.06583529634633906,-0.008039749780879754
stanfordnlp_sst2,graphsvx,all,872,73,constituency:gnn_confidence+explanation,22,0.8348963601762478,0.8377080940216366,0.002899604798927762,-0.02207268158118763,0.02700782667427018,0.3077422178420738,0.2708923762622575,-0.039842372328296044,-0.11243433007225148,0.026401291963017656
stanfordnlp_sst2,graphsvx,all,872,73,constituency:gnn_confidence+explanation+bert_explanation,41,0.8348963601762478,0.8268211977300393,-0.0076399186411819295,-0.04665018796651635,0.027752923134933008,0.3077422178420738,0.25686668927758666,-0.053333645113042685,-0.13132649741495553,0.02104125230766018
stanfordnlp_sst2,graphsvx,all,872,73,syntactic:gnn_confidence,3,0.8348963601762478,0.8483035300975534,0.013515376981049083,-0.006419075023522997,0.03524870701706283,0.3077422178420738,0.2989307120992482,-0.011344323298333124,-0.07359560983135958,0.041642449668164834
stanfordnlp_sst2,graphsvx,all,872,73,syntactic:gnn_disagreement,1,0.8348963601762478,0.8291185900183449,-0.005747665530724252,-0.010304877479614774,-0.001677448911150159,0.3077422178420738,0.28309086533898326,-0.02903710676913461,-0.06838966090981875,0.0056295395441998365
stanfordnlp_sst2,graphsvx,all,872,73,syntactic:gnn_confidence+explanation,22,0.8348963601762478,0.7982752413119139,-0.03650360760171647,-0.08466435820509043,0.00577654087934521,0.3077422178420738,0.27734591471606557,-0.03298378781422119,-0.11646827299078846,0.04067561310443034
stanfordnlp_sst2,graphsvx,all,872,73,syntactic:gnn_confidence+explanation+bert_explanation,41,0.8348963601762478,0.7865311090918442,-0.04864696709179165,-0.09058762575107873,-0.00781849363653309,0.3077422178420738,0.2567613296780511,-0.05105471019835915,-0.13365242774080213,0.022908895269509927
stanfordnlp_sst2,graphsvx,all,872,73,window:gnn_confidence,3,0.8348963601762478,0.8415142215440534,0.006645003676603574,-0.008155323832051592,0.02284480864102605,0.3077422178420738,0.2964208476116532,-0.011932541626539667,-0.06544659016838276,0.03537831288210319
stanfordnlp_sst2,graphsvx,all,872,73,window:gnn_disagreement,1,0.8348963601762478,0.830353009755345,-0.00457673727843116,-0.008487750368613035,-0.0009899527293615905,0.3077422178420738,0.2741670707114266,-0.03477464258063196,-0.08680694679655171,0.0093923750074657
stanfordnlp_sst2,graphsvx,all,872,73,window:gnn_confidence+explanation,22,0.8348963601762478,0.8231865173933169,-0.011338999558365568,-0.039004427674694156,0.015723494438213696,0.3077422178420738,0.26031688930431873,-0.0491197053758098,-0.11261900934866953,0.006786960471752436
stanfordnlp_sst2,graphsvx,all,872,73,window:gnn_confidence+explanation+bert_explanation,41,0.8348963601762478,0.8059389305124557,-0.028638298027473384,-0.06270390005708004,0.0056606567659703505,0.3077422178420738,0.24855045223333982,-0.060024804626489126,-0.14219163105884994,0.014908201204687601
stanfordnlp_sst2,graphsvx,all,872,73,skipgrams:gnn_confidence,3,0.8348963601762478,0.8415999451369005,0.006595013612389937,-0.006984256183581341,0.02208896381482136,0.3077422178420738,0.28741829992762374,-0.02215503724335711,-0.08105254793730991,0.02666790619094058
stanfordnlp_sst2,graphsvx,all,872,73,skipgrams:gnn_disagreement,1,0.8348963601762478,0.831398837588081,-0.003570475336984526,-0.0074816272623459855,0.000170431917743698,0.3077422178420738,0.28316043091448573,-0.02636392273802594,-0.08110811132152712,0.02003202694144597
stanfordnlp_sst2,graphsvx,all,872,73,skipgrams:gnn_confidence+explanation,22,0.8348963601762478,0.8043273269669278,-0.02991469801122799,-0.06984554545824992,0.005703145765578173,0.3077422178420738,0.25400788644805594,-0.05415801097731621,-0.12382606450965696,0.00479476997762168
stanfordnlp_sst2,graphsvx,all,872,73,skipgrams:gnn_confidence+explanation+bert_explanation,41,0.8348963601762478,0.8079962967407889,-0.0262829766046556,-0.06446169885864807,0.012707617442821874,0.3077422178420738,0.261829050000944,-0.04637245658939261,-0.13364331027573637,0.025683369452044632
stanfordnlp_sst2,graphsvx,all,872,73,committee:confidence+disagreement(4 topologies),16,0.8348963601762478,0.8252953177773587,-0.008960951402524868,-0.04096757286666669,0.019619398738164755,0.3077422178420738,0.2560800610008232,-0.05604346372867944,-0.12251138131847412,-0.0014844908193242877
stanfordnlp_sst2,graphsvx,all,872,73,committee:confidence+explanation(4 topologies),88,0.8348963601762478,0.730965076208274,-0.10325693788880447,-0.16180730041856126,-0.04853224360858414,0.3077422178420738,0.22646118905998386,-0.08510008418951638,-0.17930895749974374,0.006011585753904608
stanfordnlp_sst2,graphsvx,bert_confidence>0.9,744,32,bert_explanation,19,0.7701018258426966,0.8001228932584269,0.03132743975243292,-0.022501962470315943,0.0886187992567838,0.11214413353020516,0.1440293457911001,0.0416972345108832,-0.013438265383053363,0.12742460363273322
stanfordnlp_sst2,graphsvx,bert_confidence>0.9,744,32,constituency:gnn_confidence,3,0.7701018258426966,0.7908620084269663,0.02051054388165393,-0.011739278346347838,0.05851927625841888,0.11214413353020516,0.13355229781686592,0.02305949129248507,-0.008752307839049307,0.06710363027638896
stanfordnlp_sst2,graphsvx,bert_confidence>0.9,744,32,constituency:gnn_disagreement,1,0.7701018258426966,0.7703651685393259,0.00024035743781530017,-0.00036183800648229567,0.000947774012834543,0.11214413353020516,0.11223365732101893,6.937411694982515e-05,-0.0011230404436553543,0.0013053302035983983
stanfordnlp_sst2,graphsvx,bert_confidence>0.9,744,32,constituency:gnn_confidence+explanation,22,0.7701018258426966,0.8049508426966292,0.0347229111935017,-0.01399243940517017,0.08509517988226631,0.11214413353020516,0.13751879782496976,0.02878814798174161,-0.014445524968629447,0.09177643199976676
stanfordnlp_sst2,graphsvx,bert_confidence>0.9,744,32,constituency:gnn_confidence+explanation+bert_explanation,41,0.7701018258426966,0.802097963483146,0.03275190348296329,-0.035205686465548516,0.10395946345713378,0.11214413353020516,0.14171056859252962,0.03917164753076506,-0.023243078884820613,0.12528434071565073
stanfordnlp_sst2,graphsvx,bert_confidence>0.9,744,32,syntactic:gnn_confidence,3,0.7701018258426966,0.8057847612359551,0.03653259045089349,-0.008741248881896901,0.09085134442086382,0.11214413353020516,0.1522812644754381,0.04518697286968649,-0.00020599092287174647,0.10930051515153708
stanfordnlp_sst2,graphsvx,bert_confidence>0.9,744,32,syntactic:gnn_disagreement,1,0.7701018258426966,0.7654933286516854,-0.0043309940555558216,-0.012655583027365452,-0.0001488719089841247,0.11214413353020516,0.1085439614482371,-0.0034910087764516914,-0.011994156198049907,0.0009622522384978903
stanfordnlp_sst2,graphsvx,bert_confidence>0.9,744,32,syntactic:gnn_confidence+explanation,22,0.7701018258426966,0.7488588483146067,-0.020043172344767643,-0.1007715534385266,0.06437924236323163,0.11214413353020516,0.11312818779262271,0.0018848133105288773,-0.03558247592046616,0.045421850516662914
stanfordnlp_sst2,graphsvx,bert_confidence>0.9,744,32,syntactic:gnn_confidence+explanation+bert_explanation,41,0.7701018258426966,0.7234462780898877,-0.04466900174499798,-0.12496359682080241,0.03812871718029147,0.11214413353020516,0.12721691069435148,0.02276120772738097,-0.03854385288775688,0.10731024120449714
stanfordnlp_sst2,graphsvx,bert_confidence>0.9,744,32,window:gnn_confidence,3,0.7701018258426966,0.7933637640449438,0.02351852344360774,-0.009961716879489296,0.06439999181830142,0.11214413353020516,0.13024345660453257,0.01895656767809685,-0.013521094217710495,0.060539869127485615
stanfordnlp_sst2,graphsvx,bert_confidence>0.9,744,32,window:gnn_disagreement,1,0.7701018258426966,0.7681706460674157,-0.0018666911932608964,-0.004622232083788011,0.00013607599870073785,0.11214413353020516,0.11129683801893311,-0.000605279912730464,-0.0039643772330803595,0.0025573848300023505
stanfordnlp_sst2,graphsvx,bert_confidence>0.9,744,32,window:gnn_confidence+explanation,22,0.7701018258426966,0.7834006320224719,0.013126884930133793,-0.0432665837733529,0.06686096291905418,0.11214413353020516,0.12427008276087824,0.013382304895662413,-0.022524692360607477,0.05008087854879225
stanfordnlp_sst2,graphsvx,bert_confidence>0.9,744,32,window:gnn_confidence+explanation+bert_explanation,41,0.7701018258426966,0.7663272471910112,-0.0018824231323013175,-0.07606872704071917,0.07263990883768044,0.11214413353020516,0.11944264139249522,0.011941264424746854,-0.03214005923362113,0.06882982484448319
stanfordnlp_sst2,graphsvx,bert_confidence>0.9,744,32,skipgrams:gnn_confidence,3,0.7701018258426966,0.7945049157303371,0.023910228834877905,-0.005870500056773998,0.06154233006404808,0.11214413353020516,0.12929063802953497,0.017316335793262923,-0.013059731087921711,0.0531479929548972
stanfordnlp_sst2,graphsvx,bert_confidence>0.9,744,32,skipgrams:gnn_disagreement,1,0.7701018258426966,0.7689167837078651,-0.0011262341922581816,-0.003622396046011489,0.000469693959122077,0.11214413353020516,0.11112976738677624,-0.000948384584000979,-0.004315897688559014,0.0013424589178782612
stanfordnlp_sst2,graphsvx,bert_confidence>0.9,744,32,skipgrams:gnn_confidence+explanation,22,0.7701018258426966,0.7374912219101123,-0.03229245006327167,-0.13017355884010573,0.0478887159468488,0.11214413353020516,0.11408730924542851,0.0031356822012408203,-0.03895779776531334,0.05369787903285944
stanfordnlp_sst2,graphsvx,bert_confidence>0.9,744,32,skipgrams:gnn_confidence+explanation+bert_explanation,41,0.7701018258426966,0.7547401685393258,-0.01439532137049378,-0.10358867701844632,0.07623289813711684,0.11214413353020516,0.1111840081682081,0.0019419800344744917,-0.04745064338872419,0.058887006585634206
stanfordnlp_sst2,graphsvx,bert_confidence>0.9,744,32,committee:confidence+disagreement(4 topologies),16,0.7701018258426966,0.7704968398876405,0.002687382871984016,-0.07624119839914455,0.0646085745186484,0.11214413353020516,0.12607856142555646,0.01636043994475081,-0.021897187677887946,0.06320493664377703
stanfordnlp_sst2,graphsvx,bert_confidence>0.9,744,32,committee:confidence+explanation(4 topologies),88,0.7701018258426966,0.690967345505618,-0.07943250046594173,-0.15675247703931594,-0.005828193707650754,0.11214413353020516,0.10118039750159198,-0.010196197849362054,-0.04642905738642756,0.030460983758772996
stanfordnlp_sst2,graphsvx,bert_confidence>0.95,670,21,bert_explanation,19,0.7453958470907623,0.7931616406192677,0.045982269171415624,-0.03263121735935197,0.14238008544935524,0.086656777665657,0.11666111167049292,0.03971086028325477,-0.027261347169807233,0.13870926094560074
stanfordnlp_sst2,graphsvx,bert_confidence>0.95,670,21,constituency:gnn_confidence,3,0.7453958470907623,0.7714432460195172,0.025619619739015043,-0.019745106251982336,0.08762559090692916,0.086656777665657,0.13675988603837286,0.06210619972997604,-0.0014427221737331262,0.15809424696842442
stanfordnlp_sst2,graphsvx,bert_confidence>0.95,670,21,constituency:gnn_disagreement,1,0.7453958470907623,0.7458360848191357,0.00045874421364231865,-0.0004617082308863596,0.0016190133711862064,0.086656777665657,0.0867097816615758,5.790694642047557e-05,-7.607599128423466e-05,0.0002821367870554577
stanfordnlp_sst2,graphsvx,bert_confidence>0.95,670,21,constituency:gnn_confidence+explanation,22,0.7453958470907623,0.7970504072198987,0.050907500441456574,-0.021999425972626392,0.13179736544415346,0.086656777665657,0.12055680130104399,0.04148746408864978,-0.019960857331620795,0.1354983852625506
stanfordnlp_sst2,graphsvx,bert_confidence>0.95,670,21,constituency:gnn_confidence+explanation+bert_explanation,41,0.7453958470907623,0.8054882970137206,0.05807899445866441,-0.04333525256074617,0.17024047118974509,0.086656777665657,0.13696214234629683,0.06090965367376559,-0.02465340126070727,0.17922642962841623
stanfordnlp_sst2,graphsvx,bert_confidence>0.95,670,21,syntactic:gnn_confidence,3,0.7453958470907623,0.7902267224301123,0.04360215139290459,-0.02407096607193691,0.1309816291751874,0.086656777665657,0.13071232279652673,0.05333874443236768,-0.01325817310779058,0.15565025640522645
stanfordnlp_sst2,graphsvx,bert_confidence>0.95,670,21,syntactic:gnn_disagreement,1,0.7453958470907623,0.7436348961772691,-0.0017345354037838307,-0.004479286310747696,0.0001093878661861276,0.086656777665657,0.08523787623001272,-0.0016039214919395146,-0.005657233212946347,-2.3107927178435412e-05
stanfordnlp_sst2,graphsvx,bert_confidence>0.95,670,21,syntactic:gnn_confidence+explanation,22,0.7453958470907623,0.7036466358500256,-0.04294794691023186,-0.1743095630515607,0.08115769625901004,0.086656777665657,0.08151949458896261,-0.0028513364651262694,-0.05793906582988735,0.05691828851120692
stanfordnlp_sst2,graphsvx,bert_confidence>0.95,670,21,syntactic:gnn_confidence+explanation+bert_explanation,41,0.7453958470907623,0.6786998312422041,-0.06885174161662506,-0.18520211695300176,0.05555904103240807,0.086656777665657,0.11607300700367305,0.04201247715562831,-0.05284085558607314,0.1970246319864455
stanfordnlp_sst2,graphsvx,bert_confidence>0.95,670,21,window:gnn_confidence,3,0.7453958470907623,0.7783403037640325,0.0324337880142278,-0.01870003408316279,0.09661306084972156,0.086656777665657,0.11615142283701804,0.03750245210486788,-0.010375300127831779,0.11899646069795873
stanfordnlp_sst2,graphsvx,bert_confidence>0.95,670,21,window:gnn_disagreement,1,0.7453958470907623,0.7435615232225401,-0.001840486521065332,-0.004644931819903183,1.4400092161679594e-06,0.086656777665657,0.08644109936254148,-0.0002566903117028684,-0.001523695167857993,0.0007560935811200534
stanfordnlp_sst2,graphsvx,bert_confidence>0.95,670,21,window:gnn_confidence+explanation,22,0.7453958470907623,0.7523662777900066,0.005867719618686939,-0.07658539554737136,0.09093384711920073,0.086656777665657,0.09285349826120153,0.00938366697938842,-0.043671019055537295,0.07818997349243698
stanfordnlp_sst2,graphsvx,bert_confidence>0.95,670,21,window:gnn_confidence+explanation+bert_explanation,41,0.7453958470907623,0.7312348668280871,-0.01668864264255877,-0.12442365847017918,0.09462945483415668,0.086656777665657,0.1055480988785438,0.029181507105155755,-0.05390800352146612,0.1454357151997684
stanfordnlp_sst2,graphsvx,bert_confidence>0.95,670,21,skipgrams:gnn_confidence,3,0.7453958470907623,0.779954508768068,0.034164094301477106,-0.009404946904946981,0.09670566993210022,0.086656777665657,0.12178650919353182,0.04387040628260382,-0.0030534471965907232,0.12505468116684224
stanfordnlp_sst2,graphsvx,bert_confidence>0.95,670,21,skipgrams:gnn_disagreement,1,0.7453958470907623,0.744955609362389,-0.0004578092788361845,-0.002058442043812009,0.000956020238892449,0.086656777665657,0.0865750456694925,-8.782546370509809e-05,-0.0003717355825781185,6.895864301565655e-05
stanfordnlp_sst2,graphsvx,bert_confidence>0.95,670,21,skipgrams:gnn_confidence+explanation,22,0.7453958470907623,0.7233839606720962,-0.02424028804326816,-0.1548445991445832,0.08253545561356763,0.086656777665657,0.11492709722716594,0.039109645577606926,-0.03248951287576997,0.17734076427786954
stanfordnlp_sst2,graphsvx,bert_confidence>0.95,670,21,skipgrams:gnn_confidence+explanation+bert_explanation,41,0.7453958470907623,0.7386455352557048,-0.010293171178993362,-0.16093651914626497,0.11683069087712093,0.086656777665657,0.11289211820217467,0.03638246165449803,-0.04423507804815894,0.15696907714648933
stanfordnlp_sst2,graphsvx,bert_confidence>0.95,670,21,committee:confidence+disagreement(4 topologies),16,0.7453958470907623,0.7842101401423436,0.03804530463830544,-0.01811272970030643,0.11210952221067408,0.086656777665657,0.1157043966428809,0.037664469527775905,-0.018519634419984703,0.14190564296969474
stanfordnlp_sst2,graphsvx,bert_confidence>0.95,670,21,committee:confidence+explanation(4 topologies),88,0.7453958470907623,0.6107564751632548,-0.13771096028177426,-0.26399958207955476,-0.022930366633636647,0.086656777665657,0.0657177976029623,-0.01787411948807896,-0.0803487580085133,0.05674553886493614
stanfordnlp_sst2,subgraphx,all,872,73,bert_explanation,19,0.8348963601762478,0.833867677062081,-0.0005907939746161934,-0.02729626470217874,0.028182840608362958,0.3077422178420738,0.2734918456471634,-0.03564858676157415,-0.10987331807536593,0.03325353679048827
stanfordnlp_sst2,subgraphx,all,872,73,constituency:gnn_confidence,3,0.8348963601762478,0.8411370377355255,0.006174703927170598,-0.009574450706526277,0.02272468535140234,0.3077422178420738,0.2947493433152253,-0.014723447466343555,-0.07069296808486944,0.03328081946708071
stanfordnlp_sst2,subgraphx,all,872,73,constituency:gnn_disagreement,1,0.8348963601762478,0.8323075076722615,-0.002610881202222127,-0.004950973252606438,-0.0005849740012949387,0.3077422178420738,0.27997161162700346,-0.030123456247817152,-0.06583529634633906,-0.008039749780879754
stanfordnlp_sst2,subgraphx,all,872,73,constituency:gnn_confidence+explanation,22,0.8348963601762478,0.8385653299501088,0.0027590750017154786,-0.022486789850662027,0.027920125194542254,0.3077422178420738,0.31485806983992504,0.005033555380577215,-0.08217819799276276,0.08793362019094735
stanfordnlp_sst2,subgraphx,all,872,73,constituency:gnn_confidence+explanation+bert_explanation,41,0.8348963601762478,0.8404855384298867,0.0050695532150853515,-0.025184472598761058,0.03582986960085736,0.3077422178420738,0.3009231032435983,-0.009015290930346592,-0.09860946120148284,0.06834558653385572
stanfordnlp_sst2,subgraphx,all,872,73,syntactic:gnn_confidence,3,0.8348963601762478,0.8483035300975534,0.013515376981049083,-0.006419075023522997,0.03524870701706283,0.3077422178420738,0.2989307120992482,-0.011344323298333124,-0.07359560983135958,0.041642449668164834
stanfordnlp_sst2,subgraphx,all,872,73,syntactic:gnn_disagreement,1,0.8348963601762478,0.8291185900183449,-0.005747665530724252,-0.010304877479614774,-0.001677448911150159,0.3077422178420738,0.28309086533898326,-0.02903710676913461,-0.06838966090981875,0.0056295395441998365
stanfordnlp_sst2,subgraphx,all,872,73,syntactic:gnn_confidence+explanation,22,0.8348963601762478,0.8353421228590533,0.00040439347719725417,-0.027885050834786373,0.026140725850129366,0.3077422178420738,0.27128336921913854,-0.038303035856618727,-0.10608701482601418,0.03291754363003123
stanfordnlp_sst2,subgraphx,all,872,73,syntactic:gnn_confidence+explanation+bert_explanation,41,0.8348963601762478,0.8056989044524834,-0.02894798878391898,-0.06597426350589482,0.00756995954232061,0.3077422178420738,0.24703222616491546,-0.06440331798562965,-0.1399650336650296,-0.0009955827282357133
stanfordnlp_sst2,subgraphx,all,872,73,window:gnn_confidence,3,0.8348963601762478,0.8415142215440534,0.006645003676603574,-0.008155323832051592,0.02284480864102605,0.3077422178420738,0.2964208476116532,-0.011932541626539667,-0.06544659016838276,0.03537831288210319
stanfordnlp_sst2,subgraphx,all,872,73,window:gnn_disagreement,1,0.8348963601762478,0.830353009755345,-0.00457673727843116,-0.008487750368613035,-0.0009899527293615905,0.3077422178420738,0.2741670707114266,-0.03477464258063196,-0.08680694679655171,0.0093923750074657
stanfordnlp_sst2,subgraphx,all,872,73,window:gnn_confidence+explanation,22,0.8348963601762478,0.8384967510758311,0.0039037076578614348,-0.014870619316997744,0.02410121057621779,0.3077422178420738,0.30192572333427614,-0.012014465449287531,-0.09112867799574391,0.056736507259984324
stanfordnlp_sst2,subgraphx,all,872,73,window:gnn_confidence+explanation+bert_explanation,41,0.8348963601762478,0.8130711334373446,-0.021699917798694297,-0.053557272893658116,0.012174293126643206,0.3077422178420738,0.26466310589001973,-0.04585503263660048,-0.13498122023845271,0.030565407429543483
stanfordnlp_sst2,subgraphx,all,872,73,skipgrams:gnn_confidence,3,0.8348963601762478,0.8415999451369005,0.006595013612389937,-0.006984256183581341,0.02208896381482136,0.3077422178420738,0.28741829992762374,-0.02215503724335711,-0.08105254793730991,0.02666790619094058
stanfordnlp_sst2,subgraphx,all,872,73,skipgrams:gnn_disagreement,1,0.8348963601762478,0.831398837588081,-0.003570475336984526,-0.0074816272623459855,0.000170431917743698,0.3077422178420738,0.28316043091448573,-0.02636392273802594,-0.08110811132152712,0.02003202694144597
stanfordnlp_sst2,subgraphx,all,872,73,skipgrams:gnn_confidence+explanation,22,0.8348963601762478,0.8331647436007337,-0.0018289262764998382,-0.029774235970116907,0.024650709840007532,0.3077422178420738,0.30128328114474107,-0.011334995715826864,-0.08194364702862088,0.05313174480568573
stanfordnlp_sst2,subgraphx,all,872,73,skipgrams:gnn_confidence+explanation+bert_explanation,41,0.8348963601762478,0.8066418639738028,-0.027855532277399835,-0.06624226246302531,0.013600608142444045,0.3077422178420738,0.27527224141920614,-0.03289844918586986,-0.12015580723271724,0.046826792496482264
stanfordnlp_sst2,subgraphx,all,872,73,committee:confidence+disagreement(4 topologies),16,0.8348963601762478,0.825312462495928,-0.00894430124606684,-0.040878997831559336,0.01963780500374354,0.3077422178420738,0.2561204814780978,-0.05600281779612781,-0.12251138131847412,-0.0013952051050385716
stanfordnlp_sst2,subgraphx,all,872,73,committee:confidence+explanation(4 topologies),88,0.8348963601762478,0.7766043170401359,-0.058573654264767246,-0.10558794593973038,-0.010661049819083224,0.3077422178420738,0.26840624820238124,-0.04201924478293889,-0.13805938054232098,0.05503139947247561
stanfordnlp_sst2,subgraphx,bert_confidence>0.9,744,32,bert_explanation,19,0.7701018258426966,0.8001228932584269,0.03132743975243292,-0.022501962470315943,0.0886187992567838,0.11214413353020516,0.1440293457911001,0.0416972345108832,-0.013438265383053363,0.12742460363273322
stanfordnlp_sst2,subgraphx,bert_confidence>0.9,744,32,constituency:gnn_confidence,3,0.7701018258426966,0.7908620084269663,0.02051054388165393,-0.011739278346347838,0.05851927625841888,0.11214413353020516,0.13355229781686592,0.02305949129248507,-0.008752307839049307,0.06710363027638896
stanfordnlp_sst2,subgraphx,bert_confidence>0.9,744,32,constituency:gnn_disagreement,1,0.7701018258426966,0.7703651685393259,0.00024035743781530017,-0.00036183800648229567,0.000947774012834543,0.11214413353020516,0.11223365732101893,6.937411694982515e-05,-0.0011230404436553543,0.0013053302035983983
stanfordnlp_sst2,subgraphx,bert_confidence>0.9,744,32,constituency:gnn_confidence+explanation,22,0.7701018258426966,0.7816011235955056,0.011036587992885228,-0.04527777777777773,0.06544382185029146,0.11214413353020516,0.18691065655402214,0.08040960597215187,0.002917525512430808,0.1873870465163756
stanfordnlp_sst2,subgraphx,bert_confidence>0.9,744,32,constituency:gnn_confidence+explanation+bert_explanation,41,0.7701018258426966,0.7981478230337078,0.028505826381243226,-0.03417001766070326,0.09892046254794237,0.11214413353020516,0.17674769544029034,0.0749525960645567,-0.009082284523215316,0.19362762698477579
stanfordnlp_sst2,subgraphx,bert_confidence>0.9,744,32,syntactic:gnn_confidence,3,0.7701018258426966,0.8057847612359551,0.03653259045089349,-0.008741248881896901,0.09085134442086382,0.11214413353020516,0.1522812644754381,0.04518697286968649,-0.00020599092287174647,0.10930051515153708
stanfordnlp_sst2,subgraphx,bert_confidence>0.9,744,32,syntactic:gnn_disagreement,1,0.7701018258426966,0.7654933286516854,-0.0043309940555558216,-0.012655583027365452,-0.0001488719089841247,0.11214413353020516,0.1085439614482371,-0.0034910087764516914,-0.011994156198049907,0.0009622522384978903
stanfordnlp_sst2,subgraphx,bert_confidence>0.9,744,32,syntactic:gnn_confidence+explanation,22,0.7701018258426966,0.7873946629213483,0.016467035696763607,-0.051538348875657614,0.08167344916837284,0.11214413353020516,0.13103318834410158,0.02076325016726052,-0.01747042316388506,0.06852836489176226
stanfordnlp_sst2,subgraphx,bert_confidence>0.9,744,32,syntactic:gnn_confidence+explanation+bert_explanation,41,0.7701018258426966,0.7435481039325843,-0.024749847678461775,-0.10799939789935988,0.051766120868578194,0.11214413353020516,0.13339503424399596,0.02863185539887715,-0.026845967670326973,0.11548486502314376
stanfordnlp_sst2,subgraphx,bert_confidence>0.9,744,32,window:gnn_confidence,3,0.7701018258426966,0.7933637640449438,0.02351852344360774,-0.009961716879489296,0.06439999181830142,0.11214413353020516,0.13024345660453257,0.01895656767809685,-0.013521094217710495,0.060539869127485615
stanfordnlp_sst2,subgraphx,bert_confidence>0.9,744,32,window:gnn_disagreement,1,0.7701018258426966,0.7681706460674157,-0.0018666911932608964,-0.004622232083788011,0.00013607599870073785,0.11214413353020516,0.11129683801893311,-0.000605279912730464,-0.0039643772330803595,0.0025573848300023505
stanfordnlp_sst2,subgraphx,bert_confidence>0.9,744,32,window:gnn_confidence+explanation,22,0.7701018258426966,0.7934515449438202,0.02479726030911539,-0.014423376646669367,0.06604374066241918,0.11214413353020516,0.12871445832555478,0.02020654150060424,-0.01761016592748813,0.07958974752546571
stanfordnlp_sst2,subgraphx,bert_confidence>0.9,744,32,window:gnn_confidence+explanation+bert_explanation,41,0.7701018258426966,0.7693117977528091,0.0014823878934034874,-0.06420358322865645,0.06663170329656054,0.11214413353020516,0.1379464838830305,0.03704825061400372,-0.027966452897682858,0.1336466380761229
stanfordnlp_sst2,subgraphx,bert_confidence>0.9,744,32,skipgrams:gnn_confidence,3,0.7701018258426966,0.7945049157303371,0.023910228834877905,-0.005870500056773998,0.06154233006404808,0.11214413353020516,0.12929063802953497,0.017316335793262923,-0.013059731087921711,0.0531479929548972
stanfordnlp_sst2,subgraphx,bert_confidence>0.9,744,32,skipgrams:gnn_disagreement,1,0.7701018258426966,0.7689167837078651,-0.0011262341922581816,-0.003622396046011489,0.000469693959122077,0.11214413353020516,0.11112976738677624,-0.000948384584000979,-0.004315897688559014,0.0013424589178782612
stanfordnlp_sst2,subgraphx,bert_confidence>0.9,744,32,skipgrams:gnn_confidence+explanation,22,0.7701018258426966,0.7799771769662921,0.009276137789529078,-0.05685085702495169,0.07303248640174048,0.11214413353020516,0.11667233312218073,0.004332281466506826,-0.030394656355411387,0.03710535706101321
stanfordnlp_sst2,subgraphx,bert_confidence>0.9,744,32,skipgrams:gnn_confidence+explanation+bert_explanation,41,0.7701018258426966,0.7639132724719101,-0.004527060681056367,-0.08260577650348339,0.07310191998929612,0.11214413353020516,0.1088419723245358,6.3658672230363925e-06,-0.045853277865944155,0.052066494138680953
stanfordnlp_sst2,subgraphx,bert_confidence>0.9,744,32,committee:confidence+disagreement(4 topologies),16,0.7701018258426966,0.7704968398876405,0.002687382871984017,-0.07624119839914455,0.0646085745186484,0.11214413353020516,0.12607856142555646,0.01636043994475081,-0.021897187677887946,0.06320493664377703
stanfordnlp_sst2,subgraphx,bert_confidence>0.9,744,32,committee:confidence+explanation(4 topologies),88,0.7701018258426966,0.7169943820224719,-0.054593008138968266,-0.13625219436900232,0.018673916907618115,0.11214413353020516,0.13697352878570915,0.028507619035337366,-0.04290542761197018,0.13657837334451758
stanfordnlp_sst2,subgraphx,bert_confidence>0.95,670,21,bert_explanation,19,0.7453958470907623,0.7931616406192677,0.045982269171415624,-0.03263121735935197,0.14238008544935524,0.086656777665657,0.11666111167049292,0.03971086028325477,-0.027261347169807233,0.13870926094560074
stanfordnlp_sst2,subgraphx,bert_confidence>0.95,670,21,constituency:gnn_confidence,3,0.7453958470907623,0.7714432460195172,0.025619619739015043,-0.019745106251982336,0.08762559090692916,0.086656777665657,0.13675988603837286,0.06210619972997604,-0.0014427221737331262,0.15809424696842442
stanfordnlp_sst2,subgraphx,bert_confidence>0.95,670,21,constituency:gnn_disagreement,1,0.7453958470907623,0.7458360848191357,0.00045874421364231865,-0.0004617082308863596,0.0016190133711862064,0.086656777665657,0.0867097816615758,5.790694642047557e-05,-7.607599128423466e-05,0.0002821367870554577
stanfordnlp_sst2,subgraphx,bert_confidence>0.95,670,21,constituency:gnn_confidence+explanation,22,0.7453958470907623,0.741066842761758,-0.003917455050958333,-0.08336092768647338,0.07962344961240311,0.086656777665657,0.16720796973044583,0.09789058671122157,-0.008610594272867823,0.26985784641356175
stanfordnlp_sst2,subgraphx,bert_confidence>0.95,670,21,constituency:gnn_confidence+explanation+bert_explanation,41,0.7453958470907623,0.7855308533274635,0.03849201329154734,-0.05226571268237924,0.13925636983688322,0.086656777665657,0.1788102433451969,0.10985697248432243,-0.006592313968338626,0.2876649746306619
stanfordnlp_sst2,subgraphx,bert_confidence>0.95,670,21,syntactic:gnn_confidence,3,0.7453958470907623,0.7902267224301123,0.04360215139290459,-0.02407096607193691,0.1309816291751874,0.086656777665657,0.13071232279652673,0.05333874443236768,-0.01325817310779058,0.15565025640522645
stanfordnlp_sst2,subgraphx,bert_confidence>0.95,670,21,syntactic:gnn_disagreement,1,0.7453958470907623,0.7436348961772691,-0.0017345354037838307,-0.004479286310747696,0.0001093878661861276,0.086656777665657,0.08523787623001272,-0.0016039214919395146,-0.005657233212946347,-2.3107927178435412e-05
stanfordnlp_sst2,subgraphx,bert_confidence>0.95,670,21,syntactic:gnn_confidence+explanation,22,0.7453958470907623,0.7580159953041309,0.010035244394160779,-0.09830602892633307,0.11233082605170684,0.086656777665657,0.09067418547163177,0.008060722129991557,-0.047768568386738486,0.07812624211012727
stanfordnlp_sst2,subgraphx,bert_confidence>0.95,670,21,syntactic:gnn_confidence+explanation+bert_explanation,41,0.7453958470907623,0.6919069630934038,-0.05725915549501309,-0.19145798260381597,0.07851203883260523,0.086656777665657,0.09943703221856659,0.02219942596431668,-0.0538390053083815,0.1331025163135514
stanfordnlp_sst2,subgraphx,bert_confidence>0.95,670,21,window:gnn_confidence,3,0.7453958470907623,0.7783403037640325,0.0324337880142278,-0.01870003408316279,0.09661306084972156,0.086656777665657,0.11615142283701804,0.03750245210486788,-0.010375300127831779,0.11899646069795873
stanfordnlp_sst2,subgraphx,bert_confidence>0.95,670,21,window:gnn_disagreement,1,0.7453958470907623,0.7435615232225401,-0.001840486521065332,-0.004644931819903183,1.4400092161679594e-06,0.086656777665657,0.08644109936254148,-0.0002566903117028684,-0.001523695167857993,0.0007560935811200534
stanfordnlp_sst2,subgraphx,bert_confidence>0.95,670,21,window:gnn_confidence+explanation,22,0.7453958470907623,0.7717367378384328,0.025766382148015438,-0.034485755545705266,0.09126919152828614,0.086656777665657,0.11703423281650634,0.04081742263096333,-0.03194390888610859,0.15775490094006256
stanfordnlp_sst2,subgraphx,bert_confidence>0.95,670,21,window:gnn_confidence+explanation+bert_explanation,41,0.7453958470907623,0.7481106464157311,0.0007184537453089971,-0.09448277507097932,0.10675594551865673,0.086656777665657,0.11118900152285437,0.035609175640595965,-0.03981095180951651,0.1545695881579523
stanfordnlp_sst2,subgraphx,bert_confidence>0.95,670,21,skipgrams:gnn_confidence,3,0.7453958470907623,0.779954508768068,0.034164094301477106,-0.009404946904946981,0.09670566993210022,0.086656777665657,0.12178650919353182,0.04387040628260382,-0.0030534471965907232,0.12505468116684224
stanfordnlp_sst2,subgraphx,bert_confidence>0.95,670,21,skipgrams:gnn_disagreement,1,0.7453958470907623,0.744955609362389,-0.0004578092788361845,-0.002058442043812009,0.000956020238892449,0.086656777665657,0.0865750456694925,-8.782546370509809e-05,-0.0003717355825781185,6.895864301565655e-05
stanfordnlp_sst2,subgraphx,bert_confidence>0.95,670,21,skipgrams:gnn_confidence+explanation,22,0.7453958470907623,0.7549343312055177,0.008957438177564992,-0.1030209801393245,0.11577307692307699,0.086656777665657,0.09015203535707236,0.0058478334065493855,-0.03999765144932455,0.058670406230682946
stanfordnlp_sst2,subgraphx,bert_confidence>0.95,670,21,skipgrams:gnn_confidence+explanation+bert_explanation,41,0.7453958470907623,0.7466431873211534,-0.0006020460056518971,-0.12653299222914965,0.13368369146740455,0.086656777665657,0.09227552424998767,0.01022928930061883,-0.05019884983282742,0.08572069348767443
stanfordnlp_sst2,subgraphx,bert_confidence>0.95,670,21,committee:confidence+disagreement(4 topologies),16,0.7453958470907623,0.7842101401423436,0.03804530463830544,-0.01811272970030643,0.11210952221067408,0.086656777665657,0.1157043966428809,0.037664469527775905,-0.018519634419984703,0.14190564296969474
stanfordnlp_sst2,subgraphx,bert_confidence>0.95,670,21,committee:confidence+explanation(4 topologies),88,0.7453958470907623,0.6481033091202583,-0.09814575047242204,-0.21555078202721925,0.035075789714136524,0.086656777665657,0.0831787346450894,0.002998023860530872,-0.0832177664254127,0.14324603744954512
