dataset,method,graph,target,n,n_errors,error_rate,teacher_gold_alignment,feature_set,n_features,accuracy,balanced_accuracy,auroc,auprc_error,mcc,precision_error,recall_error,f1_error
setfit_ag_news,graphsvx,constituency,teacher_agreement,7600,141,0.018552631578947376,0.9380263157894737,majority baseline,0,0.9814473684210526,0.5,0.5,0.01855263157894737,0.0,0.0,0.0,0.0
setfit_ag_news,graphsvx,constituency,teacher_agreement,7600,141,0.018552631578947376,0.9380263157894737,confidence,3,0.9425,0.9393949334375438,0.9739749876155133,0.3395957448761417,0.453894120702837,0.2357142857142857,0.9361702127659575,0.37660485021398005
setfit_ag_news,graphsvx,constituency,teacher_agreement,7600,141,0.018552631578947376,0.9380263157894737,explanation,19,0.9434210526315789,0.9224688343559448,0.9748782707167979,0.4031060087212537,0.4426541686497278,0.23388581952117865,0.900709219858156,0.3713450292397661
setfit_ag_news,graphsvx,constituency,teacher_agreement,7600,141,0.018552631578947376,0.9380263157894737,confidence+explanation,22,0.9405263157894737,0.9279522381929013,0.9753907650237373,0.3703100187915052,0.4388443138018004,0.22671353251318102,0.9148936170212766,0.36338028169014086
setfit_ag_news,graphsvx,constituency,teacher_agreement,7600,141,0.018552631578947376,0.9380263157894737,paper (4 dimensions),20,0.9435526315789474,0.9190568012938818,0.974878270716798,0.4018319581731942,0.4402035279058423,0.23333333333333334,0.8936170212765957,0.3700440528634361
setfit_ag_news,graphsvx,constituency,gold_label,7600,496,0.0652631578947368,0.9380263157894737,majority baseline,0,0.9347368421052632,0.5,0.5,0.06526315789473684,0.0,0.0,0.0,0.0
setfit_ag_news,graphsvx,constituency,gold_label,7600,496,0.0652631578947368,0.9380263157894737,confidence,3,0.8955263157894737,0.7378260316768381,0.819883107654025,0.29170928493312315,0.3727523158982921,0.3247058823529412,0.5564516129032258,0.4101040118870728
setfit_ag_news,graphsvx,constituency,gold_label,7600,496,0.0652631578947368,0.9380263157894737,explanation,19,0.8468421052631578,0.7596061283057252,0.8371027907948272,0.3201413434283834,0.3383069091176476,0.24735249621785174,0.6592741935483871,0.35973597359735976
setfit_ag_news,graphsvx,constituency,gold_label,7600,496,0.0652631578947368,0.9380263157894737,confidence+explanation,22,0.8465789473684211,0.7735305870386515,0.843360056124673,0.31130594696278013,0.35311639795028293,0.25258493353028066,0.6895161290322581,0.36972972972972973
setfit_ag_news,graphsvx,constituency,gold_label,7600,496,0.0652631578947368,0.9380263157894737,paper (4 dimensions),20,0.8469736842105263,0.7606141928218542,0.836801393126998,0.31932453971213187,0.33951923775091847,0.24792139077853365,0.6612903225806451,0.3606377130291369
setfit_ag_news,graphsvx,skipgrams,teacher_agreement,7600,144,0.0189473684210526,0.9380263157894737,majority baseline,0,0.9810526315789474,0.5,0.5,0.018947368421052633,0.0,0.0,0.0,0.0
setfit_ag_news,graphsvx,skipgrams,teacher_agreement,7600,144,0.0189473684210526,0.9380263157894737,confidence,3,0.9471052631578948,0.949205710538865,0.9815873494873629,0.39069871844951076,0.4800708910143962,0.2575187969924812,0.9513888888888888,0.40532544378698226
setfit_ag_news,graphsvx,skipgrams,teacher_agreement,7600,144,0.0189473684210526,0.9380263157894737,explanation,19,0.9403947368421053,0.9423804840247973,0.9832722341440153,0.45478951875633145,0.4539776406262271,0.23407917383820998,0.9444444444444444,0.37517241379310345
setfit_ag_news,graphsvx,skipgrams,teacher_agreement,7600,144,0.0189473684210526,0.9380263157894737,confidence+explanation,22,0.9410526315789474,0.9393106223175965,0.9828680108488316,0.4450375939669888,0.45334191713830363,0.23519163763066203,0.9375,0.37604456824512533
setfit_ag_news,graphsvx,skipgrams,teacher_agreement,7600,144,0.0189473684210526,0.9380263157894737,paper (4 dimensions),20,0.9405263157894737,0.9424475441106342,0.9832433610515022,0.4544591386563247,0.45440534099530255,0.23448275862068965,0.9444444444444444,0.3756906077348066
setfit_ag_news,graphsvx,skipgrams,gold_label,7600,478,0.06289473684210523,0.9380263157894737,majority baseline,0,0.9371052631578948,0.5,0.5,0.06289473684210527,0.0,0.0,0.0,0.0
setfit_ag_news,graphsvx,skipgrams,gold_label,7600,478,0.06289473684210523,0.9380263157894737,confidence,3,0.9032894736842105,0.7395738233465988,0.8154472146533989,0.2925644703124189,0.3822227510403123,0.3363057324840764,0.5523012552301255,0.4180522565320665
setfit_ag_news,graphsvx,skipgrams,gold_label,7600,478,0.06289473684210523,0.9380263157894737,explanation,19,0.8215789473684211,0.7798970483351134,0.8614182702193333,0.3442482784664216,0.3350575219974345,0.2217997465145754,0.7322175732217573,0.3404669260700389
setfit_ag_news,graphsvx,skipgrams,gold_label,7600,478,0.06289473684210523,0.9380263157894737,confidence+explanation,22,0.8173684210526316,0.7786263084860512,0.8614311949889492,0.33704916225006015,0.33093571179962483,0.21774193548387097,0.7343096234309623,0.33588516746411484
setfit_ag_news,graphsvx,skipgrams,gold_label,7600,478,0.06289473684210523,0.9380263157894737,paper (4 dimensions),20,0.8215789473684211,0.7798970483351134,0.8614476446957334,0.3428388448756094,0.3350575219974345,0.2217997465145754,0.7322175732217573,0.3404669260700389
setfit_ag_news,graphsvx,syntactic,teacher_agreement,7600,141,0.018552631578947376,0.9380263157894737,majority baseline,0,0.9814473684210526,0.5,0.5,0.01855263157894737,0.0,0.0,0.0,0.0
setfit_ag_news,graphsvx,syntactic,teacher_agreement,7600,141,0.018552631578947376,0.9380263157894737,confidence,3,0.9335526315789474,0.9348366816611662,0.9723462255602495,0.31010438600208734,0.4262334382541858,0.21019108280254778,0.9361702127659575,0.3433029908972692
setfit_ag_news,graphsvx,syntactic,teacher_agreement,7600,141,0.018552631578947376,0.9380263157894737,explanation,19,0.9253947368421053,0.916764363865253,0.9721836346020182,0.39799048146174965,0.39353917078962464,0.187683284457478,0.9078014184397163,0.3110571081409477
setfit_ag_news,graphsvx,syntactic,teacher_agreement,7600,141,0.018552631578947376,0.9380263157894737,confidence+explanation,22,0.9242105263157895,0.9161610658360265,0.9733921323091054,0.39579800825311096,0.3906561652765874,0.18523878437047755,0.9078014184397163,0.3076923076923077
setfit_ag_news,graphsvx,syntactic,teacher_agreement,7600,141,0.018552631578947376,0.9380263157894737,paper (4 dimensions),20,0.9243421052631579,0.916228098950385,0.9729984910418087,0.39202507371454104,0.3909738239505484,0.1855072463768116,0.9078014184397163,0.30806257521058966
setfit_ag_news,graphsvx,syntactic,gold_label,7600,484,0.06368421052631579,0.9380263157894737,majority baseline,0,0.9363157894736842,0.5,0.5,0.06368421052631579,0.0,0.0,0.0,0.0
setfit_ag_news,graphsvx,syntactic,gold_label,7600,484,0.06368421052631579,0.9380263157894737,confidence,3,0.8942105263157895,0.7432465076953809,0.8274137202161117,0.3014445097327371,0.3727486044247215,0.3165137614678899,0.5702479338842975,0.40707964601769914
setfit_ag_news,graphsvx,syntactic,gold_label,7600,484,0.06368421052631579,0.9380263157894737,explanation,19,0.8181578947368421,0.7883224394798823,0.8532221649269021,0.296441401257517,0.3432116255772395,0.2242014742014742,0.7541322314049587,0.3456439393939394
setfit_ag_news,graphsvx,syntactic,gold_label,7600,484,0.06368421052631579,0.9380263157894737,confidence+explanation,22,0.8169736842105263,0.784801680765961,0.853374887925708,0.29659027593543613,0.3387937767160767,0.22194972409564684,0.7479338842975206,0.34231678486997635
setfit_ag_news,graphsvx,syntactic,gold_label,7600,484,0.06368421052631579,0.9380263157894737,paper (4 dimensions),20,0.8180263157894737,0.7892149689443879,0.8534535722083628,0.29598743650722936,0.34404372666610655,0.22440220723482526,0.756198347107438,0.34609929078014184
setfit_ag_news,graphsvx,window,teacher_agreement,7600,136,0.017894736842105297,0.9380263157894737,majority baseline,0,0.9821052631578947,0.5,0.5,0.017894736842105262,0.0,0.0,0.0,0.0
setfit_ag_news,graphsvx,window,teacher_agreement,7600,136,0.017894736842105297,0.9380263157894737,confidence,3,0.9446052631578947,0.9501410692894521,0.9760802833995336,0.30732010130979853,0.4625803104821849,0.23853211009174313,0.9558823529411765,0.38179148311306904
setfit_ag_news,graphsvx,window,teacher_agreement,7600,136,0.017894736842105297,0.9380263157894737,explanation,19,0.939078947368421,0.9473275644663011,0.9829958309690436,0.5065083364842229,0.4442628061922305,0.22146507666098808,0.9558823529411765,0.359612724757953
setfit_ag_news,graphsvx,window,teacher_agreement,7600,136,0.017894736842105297,0.9380263157894737,confidence+explanation,22,0.9385526315789474,0.9470596116260008,0.9830785811109009,0.5081543349499088,0.44261785713940727,0.21996615905245348,0.9558823529411765,0.3576341127922971
setfit_ag_news,graphsvx,window,teacher_agreement,7600,136,0.017894736842105297,0.9380263157894737,paper (4 dimensions),20,0.939078947368421,0.9473275644663011,0.9830165185045079,0.5084590715467129,0.4442628061922305,0.22146507666098808,0.9558823529411765,0.359612724757953
setfit_ag_news,graphsvx,window,gold_label,7600,478,0.06289473684210523,0.9380263157894737,majority baseline,0,0.9371052631578948,0.5,0.5,0.06289473684210527,0.0,0.0,0.0,0.0
setfit_ag_news,graphsvx,window,gold_label,7600,478,0.06289473684210523,0.9380263157894737,confidence,3,0.9028947368421053,0.7325324676087649,0.8208788490845151,0.29065197910063273,0.373314541133031,0.33204134366925064,0.5376569037656904,0.41054313099041534
setfit_ag_news,graphsvx,window,gold_label,7600,478,0.06289473684210523,0.9380263157894737,explanation,19,0.8210526315789474,0.7727854875986835,0.8508361150962485,0.3234048642285004,0.32731242733269283,0.21875,0.7175732217573222,0.33528836754643204
setfit_ag_news,graphsvx,window,gold_label,7600,478,0.06289473684210523,0.9380263157894737,confidence+explanation,22,0.8225,0.7735577425832385,0.8510340990671842,0.322690454333806,0.32909655528706555,0.22029543994861914,0.7175732217573222,0.3371007371007371
setfit_ag_news,graphsvx,window,gold_label,7600,478,0.06289473684210523,0.9380263157894737,paper (4 dimensions),20,0.8213157894736842,0.7719500774898688,0.8508278902428564,0.3230428551381301,0.32661875995358636,0.2186700767263427,0.7154811715481172,0.33496571988246815
setfit_ag_news,subgraphx,constituency,teacher_agreement,7600,141,0.018552631578947376,0.9380263157894737,majority baseline,0,0.9814473684210526,0.5,0.5,0.01855263157894737,0.0,0.0,0.0,0.0
setfit_ag_news,subgraphx,constituency,teacher_agreement,7600,141,0.018552631578947376,0.9380263157894737,confidence,3,0.9425,0.9393949334375438,0.9739749876155133,0.3395957448761417,0.453894120702837,0.2357142857142857,0.9361702127659575,0.37660485021398005
setfit_ag_news,subgraphx,constituency,teacher_agreement,7600,141,0.018552631578947376,0.9380263157894737,explanation,19,0.9411842105263157,0.9248083375882721,0.9615752876956677,0.35565287222995146,0.4381069053188478,0.2277580071174377,0.9078014184397163,0.36415362731152207
setfit_ag_news,subgraphx,constituency,teacher_agreement,7600,141,0.018552631578947376,0.9380263157894737,confidence+explanation,22,0.9398684210526316,0.9206589402682656,0.9628665071183462,0.3437297272619739,0.4310174851790167,0.22280701754385965,0.900709219858156,0.35724331926863573
setfit_ag_news,subgraphx,constituency,teacher_agreement,7600,141,0.018552631578947376,0.9380263157894737,paper (4 dimensions),20,0.9411842105263157,0.9248083375882721,0.9615905008847421,0.35636282606778663,0.4381069053188478,0.2277580071174377,0.9078014184397163,0.36415362731152207
setfit_ag_news,subgraphx,constituency,gold_label,7600,496,0.0652631578947368,0.9380263157894737,majority baseline,0,0.9347368421052632,0.5,0.5,0.06526315789473684,0.0,0.0,0.0,0.0
setfit_ag_news,subgraphx,constituency,gold_label,7600,496,0.0652631578947368,0.9380263157894737,confidence,3,0.8955263157894737,0.7378260316768381,0.819883107654025,0.29170928493312315,0.3727523158982921,0.3247058823529412,0.5564516129032258,0.4101040118870728
setfit_ag_news,subgraphx,constituency,gold_label,7600,496,0.0652631578947368,0.9380263157894737,explanation,19,0.8639473684210527,0.7453138622493461,0.8237050684757337,0.30031239041357033,0.3391269688270651,0.26444833625218916,0.6088709677419355,0.36874236874236876
setfit_ag_news,subgraphx,constituency,gold_label,7600,496,0.0652631578947368,0.9380263157894737,confidence+explanation,22,0.8676315789473684,0.7510353095030514,0.8303525614828539,0.29683935018235214,0.3495748835822603,0.2727272727272727,0.6169354838709677,0.37824474660074164
setfit_ag_news,subgraphx,constituency,gold_label,7600,496,0.0652631578947368,0.9380263157894737,paper (4 dimensions),20,0.8639473684210527,0.7453138622493461,0.8239105410854404,0.30003958231599026,0.3391269688270651,0.26444833625218916,0.6088709677419355,0.36874236874236876
setfit_ag_news,subgraphx,skipgrams,teacher_agreement,7600,144,0.0189473684210526,0.9380263157894737,majority baseline,0,0.9810526315789474,0.5,0.5,0.018947368421052633,0.0,0.0,0.0,0.0
setfit_ag_news,subgraphx,skipgrams,teacher_agreement,7600,144,0.0189473684210526,0.9380263157894737,confidence,3,0.9471052631578948,0.949205710538865,0.9815873494873629,0.39069871844951076,0.4800708910143962,0.2575187969924812,0.9513888888888888,0.40532544378698226
setfit_ag_news,subgraphx,skipgrams,teacher_agreement,7600,144,0.0189473684210526,0.9380263157894737,explanation,19,0.9419736842105263,0.9431852050548402,0.9818453445398188,0.43400322302319505,0.45918190243141804,0.2390158172231986,0.9444444444444444,0.3814866760168303
setfit_ag_news,subgraphx,skipgrams,teacher_agreement,7600,144,0.0189473684210526,0.9380263157894737,confidence+explanation,22,0.9419736842105263,0.9431852050548402,0.9815072499403911,0.42523505944672907,0.45918190243141804,0.2390158172231986,0.9444444444444444,0.3814866760168303
setfit_ag_news,subgraphx,skipgrams,teacher_agreement,7600,144,0.0189473684210526,0.9380263157894737,paper (4 dimensions),20,0.9419736842105263,0.9431852050548402,0.9818043633762518,0.4324275353399795,0.45918190243141804,0.2390158172231986,0.9444444444444444,0.3814866760168303
setfit_ag_news,subgraphx,skipgrams,gold_label,7600,478,0.06289473684210523,0.9380263157894737,majority baseline,0,0.9371052631578948,0.5,0.5,0.06289473684210527,0.0,0.0,0.0,0.0
setfit_ag_news,subgraphx,skipgrams,gold_label,7600,478,0.06289473684210523,0.9380263157894737,confidence,3,0.9032894736842105,0.7395738233465988,0.8154475083981629,0.2925657313742421,0.3822227510403123,0.3363057324840764,0.5523012552301255,0.4180522565320665
setfit_ag_news,subgraphx,skipgrams,gold_label,7600,478,0.06289473684210523,0.9380263157894737,explanation,19,0.7902631578947369,0.7680673591993222,0.8534472123034408,0.29127582452727,0.3046492324557915,0.19441401971522454,0.7426778242677824,0.3081597222222222
setfit_ag_news,subgraphx,skipgrams,gold_label,7600,478,0.06289473684210523,0.9380263157894737,confidence+explanation,22,0.7918421052631579,0.7698856392884796,0.8535429730965046,0.29012328315657143,0.30729298109298564,0.1960352422907489,0.7447698744769874,0.31037489102005233
setfit_ag_news,subgraphx,skipgrams,gold_label,7600,478,0.06289473684210523,0.9380263157894737,paper (4 dimensions),20,0.7906578947368421,0.7673021540891034,0.8534974426580846,0.29117965385797884,0.3040647440286505,0.19439868204283361,0.7405857740585774,0.30795998260113094
setfit_ag_news,subgraphx,syntactic,teacher_agreement,7600,141,0.018552631578947376,0.9380263157894737,majority baseline,0,0.9814473684210526,0.5,0.5,0.01855263157894737,0.0,0.0,0.0,0.0
setfit_ag_news,subgraphx,syntactic,teacher_agreement,7600,141,0.018552631578947376,0.9380263157894737,confidence,3,0.9335526315789474,0.9348366816611662,0.9723462255602495,0.31010438600208734,0.4262334382541858,0.21019108280254778,0.9361702127659575,0.3433029908972692
setfit_ag_news,subgraphx,syntactic,teacher_agreement,7600,141,0.018552631578947376,0.9380263157894737,explanation,19,0.9293421052631579,0.9222544234724295,0.9732922957558054,0.3754081611188178,0.4063476942693024,0.19724770642201836,0.9148936170212766,0.32452830188679244
setfit_ag_news,subgraphx,syntactic,teacher_agreement,7600,141,0.018552631578947376,0.9380263157894737,confidence+explanation,22,0.9303947368421053,0.9262697545637191,0.9735442641998481,0.37502634294503434,0.41192864171144217,0.2006172839506173,0.9219858156028369,0.32953105196451205
setfit_ag_news,subgraphx,syntactic,teacher_agreement,7600,141,0.018552631578947376,0.9380263157894737,paper (4 dimensions),20,0.9305263157894736,0.9298158538544992,0.9741917755598216,0.3847437367246248,0.4150651720303607,0.20184899845916796,0.9290780141843972,0.33164556962025316
setfit_ag_news,subgraphx,syntactic,gold_label,7600,484,0.06368421052631579,0.9380263157894737,majority baseline,0,0.9363157894736842,0.5,0.5,0.06368421052631579,0.0,0.0,0.0,0.0
setfit_ag_news,subgraphx,syntactic,gold_label,7600,484,0.06368421052631579,0.9380263157894737,confidence,3,0.8942105263157895,0.7432465076953809,0.8274134298682052,0.30144445784489593,0.3727486044247215,0.3165137614678899,0.5702479338842975,0.40707964601769914
setfit_ag_news,subgraphx,syntactic,gold_label,7600,484,0.06368421052631579,0.9380263157894737,explanation,19,0.835,0.7665068591789426,0.8466515918033625,0.29036372556417933,0.3324838097964876,0.2318941504178273,0.6880165289256198,0.346875
setfit_ag_news,subgraphx,syntactic,gold_label,7600,484,0.06368421052631579,0.9380263157894737,confidence+explanation,22,0.843421052631579,0.767152592922944,0.8471149870620973,0.28635009113216797,0.3399928636912051,0.24120234604105573,0.6797520661157025,0.3560606060606061
setfit_ag_news,subgraphx,syntactic,gold_label,7600,484,0.06368421052631579,0.9380263157894737,paper (4 dimensions),20,0.8386842105263158,0.7723254312247108,0.8470386255626943,0.28829529651251085,0.3415800352919781,0.2379943502824859,0.6962809917355371,0.3547368421052632
setfit_ag_news,subgraphx,window,teacher_agreement,7600,136,0.017894736842105297,0.9380263157894737,majority baseline,0,0.9821052631578947,0.5,0.5,0.017894736842105262,0.0,0.0,0.0,0.0
setfit_ag_news,subgraphx,window,teacher_agreement,7600,136,0.017894736842105297,0.9380263157894737,confidence,3,0.9446052631578947,0.9501410692894521,0.9760802833995336,0.30732010130979853,0.4625803104821849,0.23853211009174313,0.9558823529411765,0.38179148311306904
setfit_ag_news,subgraphx,window,teacher_agreement,7600,136,0.017894736842105297,0.9380263157894737,explanation,19,0.9392105263157895,0.9365661055418952,0.9803941271042179,0.3891379793438548,0.43596610642279415,0.2189655172413793,0.9338235294117647,0.3547486033519553
setfit_ag_news,subgraphx,window,teacher_agreement,7600,136,0.017894736842105297,0.9380263157894737,confidence+explanation,22,0.9392105263157895,0.932956623163735,0.9799321054788475,0.380652929065367,0.4330472859748378,0.2179930795847751,0.9264705882352942,0.35294117647058826
setfit_ag_news,subgraphx,window,teacher_agreement,7600,136,0.017894736842105297,0.9380263157894737,paper (4 dimensions),20,0.9392105263157895,0.932956623163735,0.9803507817918165,0.38849022919657333,0.4330472859748378,0.2179930795847751,0.9264705882352942,0.35294117647058826
setfit_ag_news,subgraphx,window,gold_label,7600,478,0.06289473684210523,0.9380263157894737,majority baseline,0,0.9371052631578948,0.5,0.5,0.06289473684210527,0.0,0.0,0.0,0.0
setfit_ag_news,subgraphx,window,gold_label,7600,478,0.06289473684210523,0.9380263157894737,confidence,3,0.9028947368421053,0.7325324676087649,0.8208788490845151,0.29065197910063273,0.373314541133031,0.33204134366925064,0.5376569037656904,0.41054313099041534
setfit_ag_news,subgraphx,window,gold_label,7600,478,0.06289473684210523,0.9380263157894737,explanation,19,0.8169736842105263,0.7774398733842569,0.8456441763925558,0.2959585068479195,0.3294518825024043,0.21698698078115314,0.7322175732217573,0.3347680535628886
setfit_ag_news,subgraphx,window,gold_label,7600,478,0.06289473684210523,0.9380263157894737,confidence+explanation,22,0.8177631578947369,0.775909463163819,0.8454194616480961,0.29610166765442986,0.32838078691085965,0.21709295071740486,0.7280334728033473,0.3344545891398366
setfit_ag_news,subgraphx,window,gold_label,7600,478,0.06289473684210523,0.9380263157894737,paper (4 dimensions),20,0.8172368421052632,0.7766044632754421,0.8456294891543559,0.29665662780847596,0.3287580761730127,0.21690490988191424,0.7301255230125523,0.3344513655965501
setfit_ag_news,token_shap_llm,tokens,teacher_agreement,7600,471,0.06197368421052629,1.0,majority baseline,0,0.9380263157894737,0.5,0.5,0.06197368421052631,0.0,0.0,0.0,0.0
setfit_ag_news,token_shap_llm,tokens,teacher_agreement,7600,471,0.06197368421052629,1.0,confidence,3,0.8378947368421052,0.8114745578822066,0.8868036687564534,0.3342144929388435,0.37765457436495015,0.2458249832999332,0.7813163481953291,0.37398373983739835
setfit_ag_news,token_shap_llm,tokens,teacher_agreement,7600,471,0.06197368421052629,1.0,explanation,19,0.8740789473684211,0.7801987873459649,0.862640231177997,0.3617594804536666,0.3811750743782421,0.2830357142857143,0.673036093418259,0.39849151477058453
setfit_ag_news,token_shap_llm,tokens,teacher_agreement,7600,471,0.06197368421052629,1.0,confidence+explanation,22,0.8364473684210526,0.8097116261173003,0.8852889680289742,0.35446132758735255,0.3746696840929383,0.24369189907038513,0.7791932059447984,0.3712696004046535
setfit_ag_news,token_shap_llm,tokens,teacher_agreement,7600,471,0.06197368421052629,1.0,paper (4 dimensions),20,0.8736842105263158,0.7819712492766753,0.8636712759909214,0.3640030353114359,0.3825998747555826,0.28305235137533274,0.6772823779193206,0.3992490613266583
setfit_ag_news,token_shap_llm,tokens,gold_label,7600,471,0.06197368421052629,1.0,majority baseline,0,0.9380263157894737,0.5,0.5,0.06197368421052631,0.0,0.0,0.0,0.0
setfit_ag_news,token_shap_llm,tokens,gold_label,7600,471,0.06197368421052629,1.0,confidence,3,0.8378947368421052,0.8114745578822066,0.8868036687564534,0.3342144929388435,0.37765457436495015,0.2458249832999332,0.7813163481953291,0.37398373983739835
setfit_ag_news,token_shap_llm,tokens,gold_label,7600,471,0.06197368421052629,1.0,explanation,19,0.8740789473684211,0.7801987873459649,0.862640231177997,0.3617594804536666,0.3811750743782421,0.2830357142857143,0.673036093418259,0.39849151477058453
setfit_ag_news,token_shap_llm,tokens,gold_label,7600,471,0.06197368421052629,1.0,confidence+explanation,22,0.8364473684210526,0.8097116261173003,0.8852889680289742,0.35446132758735255,0.3746696840929383,0.24369189907038513,0.7791932059447984,0.3712696004046535
setfit_ag_news,token_shap_llm,tokens,gold_label,7600,471,0.06197368421052629,1.0,paper (4 dimensions),20,0.8736842105263158,0.7819712492766753,0.8636712759909214,0.3640030353114359,0.3825998747555826,0.28305235137533274,0.6772823779193206,0.3992490613266583
stanfordnlp_sst2,graphsvx,constituency,teacher_agreement,872,14,0.016055045871559592,0.9174311926605505,majority baseline,0,0.9839449541284404,0.5,0.5,0.016055045871559634,0.0,0.0,0.0,0.0
stanfordnlp_sst2,graphsvx,constituency,teacher_agreement,872,14,0.016055045871559592,0.9174311926605505,confidence,3,0.9059633027522935,0.9170829170829171,0.9062604062604062,0.3481769730154116,0.33806976714179726,0.13829787234042554,0.9285714285714286,0.24074074074074073
stanfordnlp_sst2,graphsvx,constituency,teacher_agreement,872,14,0.016055045871559592,0.9174311926605505,explanation,19,0.9174311926605505,0.8175158175158175,0.8840326340326341,0.1701356550435814,0.2796697344543767,0.1282051282051282,0.7142857142857143,0.21739130434782608
stanfordnlp_sst2,graphsvx,constituency,teacher_agreement,872,14,0.016055045871559592,0.9174311926605505,confidence+explanation,22,0.9208715596330275,0.8192640692640693,0.884115884115884,0.16665079863779927,0.286238409331001,0.13333333333333333,0.7142857142857143,0.2247191011235955
stanfordnlp_sst2,graphsvx,constituency,teacher_agreement,872,14,0.016055045871559592,0.9174311926605505,paper (4 dimensions),20,0.9174311926605505,0.8175158175158175,0.8835331335331336,0.16892618571823784,0.2796697344543767,0.1282051282051282,0.7142857142857143,0.21739130434782608
stanfordnlp_sst2,graphsvx,constituency,gold_label,872,78,0.08944954128440363,0.9174311926605505,majority baseline,0,0.9105504587155964,0.5,0.5,0.08944954128440367,0.0,0.0,0.0,0.0
stanfordnlp_sst2,graphsvx,constituency,gold_label,872,78,0.08944954128440363,0.9174311926605505,confidence,3,0.8222477064220184,0.7578796098947232,0.8292966479364464,0.3015799482146086,0.36146761781181713,0.2896174863387978,0.6794871794871795,0.4061302681992337
stanfordnlp_sst2,graphsvx,constituency,gold_label,872,78,0.08944954128440363,0.9174311926605505,explanation,19,0.7912844036697247,0.7350965575146935,0.823887489504618,0.32661838408053917,0.3148604493524664,0.25,0.6666666666666666,0.36363636363636365
stanfordnlp_sst2,graphsvx,constituency,gold_label,872,78,0.08944954128440363,0.9174311926605505,confidence+explanation,22,0.7935779816513762,0.7421365368468643,0.8291674740037461,0.30951168894828346,0.3242889628083507,0.2548076923076923,0.6794871794871795,0.3706293706293706
stanfordnlp_sst2,graphsvx,constituency,gold_label,872,78,0.08944954128440363,0.9174311926605505,paper (4 dimensions),20,0.7889908256880734,0.7338371116708649,0.8240005166957308,0.32630065456655055,0.3121492847676204,0.24761904761904763,0.6666666666666666,0.3611111111111111
stanfordnlp_sst2,graphsvx,skipgrams,teacher_agreement,872,16,0.01834862385321101,0.9174311926605505,majority baseline,0,0.981651376146789,0.5,0.5,0.01834862385321101,0.0,0.0,0.0,0.0
stanfordnlp_sst2,graphsvx,skipgrams,teacher_agreement,872,16,0.01834862385321101,0.9174311926605505,confidence,3,0.8853211009174312,0.8802570093457944,0.9031103971962616,0.2552820216558852,0.30506212425616075,0.125,0.875,0.21875
stanfordnlp_sst2,graphsvx,skipgrams,teacher_agreement,872,16,0.01834862385321101,0.9174311926605505,explanation,19,0.9162844036697247,0.834696261682243,0.9469918224299065,0.24267784312923021,0.30949025567007005,0.14814814814814814,0.75,0.24742268041237114
stanfordnlp_sst2,graphsvx,skipgrams,teacher_agreement,872,16,0.01834862385321101,0.9174311926605505,confidence+explanation,22,0.9036697247706422,0.8589369158878505,0.9415887850467289,0.21210427711568608,0.31066424403393555,0.13829787234042554,0.8125,0.23636363636363636
stanfordnlp_sst2,graphsvx,skipgrams,teacher_agreement,872,16,0.01834862385321101,0.9174311926605505,paper (4 dimensions),20,0.9162844036697247,0.834696261682243,0.9470648364485982,0.24274340830101096,0.30949025567007005,0.14814814814814814,0.75,0.24742268041237114
stanfordnlp_sst2,graphsvx,skipgrams,gold_label,872,78,0.08944954128440363,0.9174311926605505,majority baseline,0,0.9105504587155964,0.5,0.5,0.08944954128440367,0.0,0.0,0.0,0.0
stanfordnlp_sst2,graphsvx,skipgrams,gold_label,872,78,0.08944954128440363,0.9174311926605505,confidence,3,0.8348623853211009,0.7763676290124653,0.8458470580636829,0.29945167231534414,0.3930191999160557,0.3125,0.7051282051282052,0.4330708661417323
stanfordnlp_sst2,graphsvx,skipgrams,gold_label,872,78,0.08944954128440363,0.9174311926605505,explanation,19,0.8245412844036697,0.7302363882968417,0.8099205580313892,0.28805467162956644,0.33098205489452254,0.2807017543859649,0.6153846153846154,0.3855421686746988
stanfordnlp_sst2,graphsvx,skipgrams,gold_label,872,78,0.08944954128440363,0.9174311926605505,confidence+explanation,22,0.8302752293577982,0.7449460698830976,0.8275043596202286,0.2865029715525779,0.35291084714708576,0.29411764705882354,0.6410256410256411,0.4032258064516129
stanfordnlp_sst2,graphsvx,skipgrams,gold_label,872,78,0.08944954128440363,0.9174311926605505,paper (4 dimensions),20,0.8245412844036697,0.7302363882968417,0.8099044112898016,0.2882173723377059,0.33098205489452254,0.2807017543859649,0.6153846153846154,0.3855421686746988
stanfordnlp_sst2,graphsvx,syntactic,teacher_agreement,872,24,0.02752293577981646,0.9174311926605505,majority baseline,0,0.9724770642201835,0.5,0.5,0.027522935779816515,0.0,0.0,0.0,0.0
stanfordnlp_sst2,graphsvx,syntactic,teacher_agreement,872,24,0.02752293577981646,0.9174311926605505,confidence,3,0.9071100917431193,0.8915094339622642,0.94624606918239,0.3437104271224474,0.4038019667114171,0.21212121212121213,0.875,0.34146341463414637
stanfordnlp_sst2,graphsvx,syntactic,teacher_agreement,872,24,0.02752293577981646,0.9174311926605505,explanation,19,0.9311926605504587,0.8634040880503144,0.9022209119496855,0.3845783428793752,0.42668369331322126,0.25675675675675674,0.7916666666666666,0.3877551020408163
stanfordnlp_sst2,graphsvx,syntactic,teacher_agreement,872,24,0.02752293577981646,0.9174311926605505,confidence+explanation,22,0.9243119266055045,0.8801100628930818,0.9137676886792453,0.3002743379791208,0.42611069811483104,0.24390243902439024,0.8333333333333334,0.37735849056603776
stanfordnlp_sst2,graphsvx,syntactic,teacher_agreement,872,24,0.02752293577981646,0.9174311926605505,paper (4 dimensions),20,0.9311926605504587,0.8634040880503144,0.9012382075471698,0.38653883882937135,0.42668369331322126,0.25675675675675674,0.7916666666666666,0.3877551020408163
stanfordnlp_sst2,graphsvx,syntactic,gold_label,872,84,0.09633027522935778,0.9174311926605505,majority baseline,0,0.9036697247706422,0.5,0.5,0.0963302752293578,0.0,0.0,0.0,0.0
stanfordnlp_sst2,graphsvx,syntactic,gold_label,872,84,0.09633027522935778,0.9174311926605505,confidence,3,0.8428899082568807,0.7694887599709934,0.8497099347353153,0.3550132671215538,0.4041295519916479,0.3413173652694611,0.6785714285714286,0.4541832669322709
stanfordnlp_sst2,graphsvx,syntactic,gold_label,872,84,0.09633027522935778,0.9174311926605505,explanation,19,0.8073394495412844,0.7125936669083877,0.8177121102248006,0.3239841084623505,0.3074538528148265,0.2717391304347826,0.5952380952380952,0.373134328358209
stanfordnlp_sst2,graphsvx,syntactic,gold_label,872,84,0.09633027522935778,0.9174311926605505,confidence+explanation,22,0.8211009174311926,0.7467971960357747,0.8308556925308195,0.3216030992112805,0.35835439010893855,0.3021978021978022,0.6547619047619048,0.41353383458646614
stanfordnlp_sst2,graphsvx,syntactic,gold_label,872,84,0.09633027522935778,0.9174311926605505,paper (4 dimensions),20,0.8073394495412844,0.7125936669083877,0.8179387237128354,0.3241274550220028,0.3074538528148265,0.2717391304347826,0.5952380952380952,0.373134328358209
stanfordnlp_sst2,graphsvx,window,teacher_agreement,872,16,0.01834862385321101,0.9174311926605505,majority baseline,0,0.981651376146789,0.5,0.5,0.01834862385321101,0.0,0.0,0.0,0.0
stanfordnlp_sst2,graphsvx,window,teacher_agreement,872,16,0.01834862385321101,0.9174311926605505,confidence,3,0.8944954128440367,0.9155957943925234,0.907491238317757,0.1811593811058458,0.3413742004463618,0.14150943396226415,0.9375,0.2459016393442623
stanfordnlp_sst2,graphsvx,window,teacher_agreement,872,16,0.01834862385321101,0.9174311926605505,explanation,19,0.9346330275229358,0.905373831775701,0.8868282710280374,0.47179016173498806,0.40308836393782405,0.2028985507246377,0.875,0.32941176470588235
stanfordnlp_sst2,graphsvx,window,teacher_agreement,872,16,0.01834862385321101,0.9174311926605505,confidence+explanation,22,0.9346330275229358,0.905373831775701,0.8815712616822429,0.3835972187424312,0.40308836393782405,0.2028985507246377,0.875,0.32941176470588235
stanfordnlp_sst2,graphsvx,window,teacher_agreement,872,16,0.01834862385321101,0.9174311926605505,paper (4 dimensions),20,0.9346330275229358,0.905373831775701,0.8865362149532712,0.47202914082067216,0.40308836393782405,0.2028985507246377,0.875,0.32941176470588235
stanfordnlp_sst2,graphsvx,window,gold_label,872,76,0.08715596330275233,0.9174311926605505,majority baseline,0,0.9128440366972477,0.5,0.5,0.0871559633027523,0.0,0.0,0.0,0.0
stanfordnlp_sst2,graphsvx,window,gold_label,872,76,0.08715596330275233,0.9174311926605505,confidence,3,0.8291284403669725,0.7516860618883894,0.8327492726791854,0.26522039875285214,0.3560334901836921,0.28901734104046245,0.6578947368421053,0.40160642570281124
stanfordnlp_sst2,graphsvx,window,gold_label,872,76,0.08715596330275233,0.9174311926605505,explanation,19,0.819954128440367,0.7407101295953451,0.7992594551705898,0.2886037631150185,0.3361975618667856,0.2737430167597765,0.6447368421052632,0.3843137254901961
stanfordnlp_sst2,graphsvx,window,gold_label,872,76,0.08715596330275233,0.9174311926605505,confidence+explanation,22,0.823394495412844,0.7485453583708014,0.8008959270034383,0.2706403272899354,0.34786380762033625,0.2808988764044944,0.6578947368421053,0.3937007874015748
stanfordnlp_sst2,graphsvx,window,gold_label,872,76,0.08715596330275233,0.9174311926605505,paper (4 dimensions),20,0.819954128440367,0.7407101295953451,0.7996727056334303,0.2889787056389115,0.3361975618667856,0.2737430167597765,0.6447368421052632,0.3843137254901961
stanfordnlp_sst2,subgraphx,constituency,teacher_agreement,872,14,0.016055045871559592,0.9174311926605505,majority baseline,0,0.9839449541284404,0.5,0.5,0.016055045871559634,0.0,0.0,0.0,0.0
stanfordnlp_sst2,subgraphx,constituency,teacher_agreement,872,14,0.016055045871559592,0.9174311926605505,confidence,3,0.9059633027522935,0.9170829170829171,0.9062604062604062,0.3481769730154116,0.33806976714179726,0.13829787234042554,0.9285714285714286,0.24074074074074073
stanfordnlp_sst2,subgraphx,constituency,teacher_agreement,872,14,0.016055045871559592,0.9174311926605505,explanation,19,0.9288990825688074,0.7882117882117883,0.9428904428904428,0.30713844905440085,0.2739112745561744,0.13636363636363635,0.6428571428571429,0.225
stanfordnlp_sst2,subgraphx,constituency,teacher_agreement,872,14,0.016055045871559592,0.9174311926605505,confidence+explanation,22,0.9334862385321101,0.8256743256743257,0.9387279387279388,0.2745079268301637,0.31392471788507437,0.15625,0.7142857142857143,0.2564102564102564
stanfordnlp_sst2,subgraphx,constituency,teacher_agreement,872,14,0.016055045871559592,0.9174311926605505,paper (4 dimensions),20,0.9288990825688074,0.7882117882117883,0.9413086913086913,0.30641439861331216,0.2739112745561744,0.13636363636363635,0.6428571428571429,0.225
stanfordnlp_sst2,subgraphx,constituency,gold_label,872,78,0.08944954128440363,0.9174311926605505,majority baseline,0,0.9105504587155964,0.5,0.5,0.08944954128440367,0.0,0.0,0.0,0.0
stanfordnlp_sst2,subgraphx,constituency,gold_label,872,78,0.08944954128440363,0.9174311926605505,confidence,3,0.8222477064220184,0.7578796098947232,0.8292966479364464,0.3015799482146086,0.36146761781181713,0.2896174863387978,0.6794871794871795,0.4061302681992337
stanfordnlp_sst2,subgraphx,constituency,gold_label,872,78,0.08944954128440363,0.9174311926605505,explanation,19,0.8451834862385321,0.7473519343796422,0.8049958018471872,0.3842859633044854,0.3692984053543965,0.3161290322580645,0.6282051282051282,0.4206008583690987
stanfordnlp_sst2,subgraphx,constituency,gold_label,872,78,0.08944954128440363,0.9174311926605505,confidence+explanation,22,0.8360091743119266,0.7712168184460375,0.8135374281469999,0.37605489578557827,0.3881883753270789,0.31213872832369943,0.6923076923076923,0.4302788844621514
stanfordnlp_sst2,subgraphx,constituency,gold_label,872,78,0.08944954128440363,0.9174311926605505,paper (4 dimensions),20,0.8463302752293578,0.7479816573015565,0.8050926822967126,0.3849569794133234,0.3711799627272652,0.3181818181818182,0.6282051282051282,0.4224137931034483
stanfordnlp_sst2,subgraphx,skipgrams,teacher_agreement,872,16,0.01834862385321101,0.9174311926605505,majority baseline,0,0.981651376146789,0.5,0.5,0.01834862385321101,0.0,0.0,0.0,0.0
stanfordnlp_sst2,subgraphx,skipgrams,teacher_agreement,872,16,0.01834862385321101,0.9174311926605505,confidence,3,0.8853211009174312,0.8802570093457944,0.9031103971962616,0.2552820216558852,0.30506212425616075,0.125,0.875,0.21875
stanfordnlp_sst2,subgraphx,skipgrams,teacher_agreement,872,16,0.01834862385321101,0.9174311926605505,explanation,19,0.9369266055045872,0.9065420560747663,0.9621057242990654,0.32847249065708606,0.40972928616011817,0.208955223880597,0.875,0.3373493975903614
stanfordnlp_sst2,subgraphx,skipgrams,teacher_agreement,872,16,0.01834862385321101,0.9174311926605505,confidence+explanation,22,0.9277522935779816,0.9018691588785046,0.9586740654205608,0.26665795888656774,0.38472619282298404,0.18666666666666668,0.875,0.3076923076923077
stanfordnlp_sst2,subgraphx,skipgrams,teacher_agreement,872,16,0.01834862385321101,0.9174311926605505,paper (4 dimensions),20,0.9380733944954128,0.907126168224299,0.9622517523364487,0.32969833606771404,0.413158220683489,0.21212121212121213,0.875,0.34146341463414637
stanfordnlp_sst2,subgraphx,skipgrams,gold_label,872,78,0.08944954128440363,0.9174311926605505,majority baseline,0,0.9105504587155964,0.5,0.5,0.08944954128440367,0.0,0.0,0.0,0.0
stanfordnlp_sst2,subgraphx,skipgrams,gold_label,872,78,0.08944954128440363,0.9174311926605505,confidence,3,0.8348623853211009,0.7763676290124653,0.8458470580636829,0.29945167231534414,0.3930191999160557,0.3125,0.7051282051282052,0.4330708661417323
stanfordnlp_sst2,subgraphx,skipgrams,gold_label,872,78,0.08944954128440363,0.9174311926605505,explanation,19,0.7912844036697247,0.7235354905380095,0.7943712458825808,0.2907466260813626,0.30139130486988874,0.24509803921568626,0.6410256410256411,0.3546099290780142
stanfordnlp_sst2,subgraphx,skipgrams,gold_label,872,78,0.08944954128440363,0.9174311926605505,confidence+explanation,22,0.8291284403669725,0.7443163469611833,0.8158948524187819,0.31459574992845846,0.35122305018648015,0.29239766081871343,0.6410256410256411,0.40160642570281124
stanfordnlp_sst2,subgraphx,skipgrams,gold_label,872,78,0.08944954128440363,0.9174311926605505,paper (4 dimensions),20,0.7901376146788991,0.722905767616095,0.7945327132984563,0.29114836642478414,0.30003298763993463,0.24390243902439024,0.6410256410256411,0.35335689045936397
stanfordnlp_sst2,subgraphx,syntactic,teacher_agreement,872,24,0.02752293577981646,0.9174311926605505,majority baseline,0,0.9724770642201835,0.5,0.5,0.027522935779816515,0.0,0.0,0.0,0.0
stanfordnlp_sst2,subgraphx,syntactic,teacher_agreement,872,24,0.02752293577981646,0.9174311926605505,confidence,3,0.9071100917431193,0.8915094339622642,0.94624606918239,0.3437104271224474,0.4038019667114171,0.21212121212121213,0.875,0.34146341463414637
stanfordnlp_sst2,subgraphx,syntactic,teacher_agreement,872,24,0.02752293577981646,0.9174311926605505,explanation,19,0.9323394495412844,0.8842374213836478,0.9004520440251572,0.38968820362368195,0.4484080590087915,0.26666666666666666,0.8333333333333334,0.40404040404040403
stanfordnlp_sst2,subgraphx,syntactic,teacher_agreement,872,24,0.02752293577981646,0.9174311926605505,confidence+explanation,22,0.9288990825688074,0.8622248427672956,0.9247739779874213,0.39709337577674914,0.4201926439531038,0.25,0.7916666666666666,0.38
stanfordnlp_sst2,subgraphx,syntactic,teacher_agreement,872,24,0.02752293577981646,0.9174311926605505,paper (4 dimensions),20,0.9323394495412844,0.8842374213836478,0.8997641509433961,0.3914367492001253,0.4484080590087915,0.26666666666666666,0.8333333333333334,0.40404040404040403
stanfordnlp_sst2,subgraphx,syntactic,gold_label,872,84,0.09633027522935778,0.9174311926605505,majority baseline,0,0.9036697247706422,0.5,0.5,0.0963302752293578,0.0,0.0,0.0,0.0
stanfordnlp_sst2,subgraphx,syntactic,gold_label,872,84,0.09633027522935778,0.9174311926605505,confidence,3,0.8428899082568807,0.7694887599709934,0.8497099347353153,0.3550132671215538,0.4041295519916479,0.3413173652694611,0.6785714285714286,0.4541832669322709
stanfordnlp_sst2,subgraphx,syntactic,gold_label,872,84,0.09633027522935778,0.9174311926605505,explanation,19,0.8130733944954128,0.7370377084844091,0.8195703408266861,0.32617926943788356,0.3407878467451267,0.2887700534759358,0.6428571428571429,0.3985239852398524
stanfordnlp_sst2,subgraphx,syntactic,gold_label,872,84,0.09633027522935778,0.9174311926605505,confidence+explanation,22,0.8394495412844036,0.7782209330432681,0.8350707034082668,0.340018233741471,0.41079033280265853,0.3390804597701149,0.7023809523809523,0.4573643410852713
stanfordnlp_sst2,subgraphx,syntactic,gold_label,872,84,0.09633027522935778,0.9174311926605505,paper (4 dimensions),20,0.8119266055045872,0.7364031907179116,0.8194645878656031,0.32693877607228883,0.33921816916544795,0.2872340425531915,0.6428571428571429,0.39705882352941174
stanfordnlp_sst2,subgraphx,window,teacher_agreement,872,16,0.01834862385321101,0.9174311926605505,majority baseline,0,0.981651376146789,0.5,0.5,0.01834862385321101,0.0,0.0,0.0,0.0
stanfordnlp_sst2,subgraphx,window,teacher_agreement,872,16,0.01834862385321101,0.9174311926605505,confidence,3,0.8944954128440367,0.9155957943925234,0.907491238317757,0.1811593811058458,0.3413742004463618,0.14150943396226415,0.9375,0.2459016393442623
stanfordnlp_sst2,subgraphx,window,teacher_agreement,872,16,0.01834862385321101,0.9174311926605505,explanation,19,0.9334862385321101,0.9047897196261683,0.9075642523364487,0.29206983905913364,0.3998712123993154,0.2,0.875,0.32558139534883723
stanfordnlp_sst2,subgraphx,window,teacher_agreement,872,16,0.01834862385321101,0.9174311926605505,confidence+explanation,22,0.9231651376146789,0.8688668224299065,0.8982914719626168,0.23401722345669523,0.3489534825748553,0.16883116883116883,0.8125,0.27956989247311825
stanfordnlp_sst2,subgraphx,window,teacher_agreement,872,16,0.01834862385321101,0.9174311926605505,paper (4 dimensions),20,0.9334862385321101,0.9047897196261683,0.9074912383177571,0.2905395812560664,0.3998712123993154,0.2,0.875,0.32558139534883723
stanfordnlp_sst2,subgraphx,window,gold_label,872,76,0.08715596330275233,0.9174311926605505,majority baseline,0,0.9128440366972477,0.5,0.5,0.0871559633027523,0.0,0.0,0.0,0.0
stanfordnlp_sst2,subgraphx,window,gold_label,872,76,0.08715596330275233,0.9174311926605505,confidence,3,0.8291284403669725,0.7516860618883894,0.8327492726791854,0.26522039875285214,0.3560334901836921,0.28901734104046245,0.6578947368421053,0.40160642570281124
stanfordnlp_sst2,subgraphx,window,gold_label,872,76,0.08715596330275233,0.9174311926605505,explanation,19,0.8084862385321101,0.7225271092303623,0.7983172441153135,0.29831547473682907,0.3070520626526521,0.25405405405405407,0.618421052631579,0.36015325670498083
stanfordnlp_sst2,subgraphx,window,gold_label,872,76,0.08715596330275233,0.9174311926605505,confidence+explanation,22,0.8107798165137615,0.7297341973023009,0.8082187252049723,0.3018500163103126,0.316996699357195,0.2594594594594595,0.631578947368421,0.367816091954023
stanfordnlp_sst2,subgraphx,window,gold_label,872,76,0.08715596330275233,0.9174311926605505,paper (4 dimensions),20,0.8096330275229358,0.7231552499338799,0.7983998942078816,0.29892265094955583,0.30852993205615553,0.2554347826086957,0.618421052631579,0.36153846153846153
stanfordnlp_sst2,token_shap_llm,tokens,teacher_agreement,872,73,0.08371559633027525,1.0,majority baseline,0,0.9162844036697247,0.5,0.5,0.08371559633027523,0.0,0.0,0.0,0.0
stanfordnlp_sst2,token_shap_llm,tokens,teacher_agreement,872,73,0.08371559633027525,1.0,confidence,3,0.7901376146788991,0.7547876626605174,0.8348963601762478,0.3077422178420738,0.32796188706816787,0.24299065420560748,0.7123287671232876,0.3623693379790941
stanfordnlp_sst2,token_shap_llm,tokens,teacher_agreement,872,73,0.08371559633027525,1.0,explanation,19,0.8119266055045872,0.7293363279441768,0.8132940147787474,0.2607768224220139,0.3119625876264485,0.25136612021857924,0.6301369863013698,0.359375
stanfordnlp_sst2,token_shap_llm,tokens,teacher_agreement,872,73,0.08371559633027525,1.0,confidence+explanation,22,0.7958715596330275,0.7579165737994411,0.833867677062081,0.2734918456471634,0.3346679774321367,0.24880382775119617,0.7123287671232876,0.36879432624113473
stanfordnlp_sst2,token_shap_llm,tokens,teacher_agreement,872,73,0.08371559633027525,1.0,paper (4 dimensions),20,0.8096330275229358,0.7218612306478989,0.8133111594973169,0.259746598569907,0.3017943307427247,0.2459016393442623,0.6164383561643836,0.3515625
stanfordnlp_sst2,token_shap_llm,tokens,gold_label,872,73,0.08371559633027525,1.0,majority baseline,0,0.9162844036697247,0.5,0.5,0.08371559633027523,0.0,0.0,0.0,0.0
stanfordnlp_sst2,token_shap_llm,tokens,gold_label,872,73,0.08371559633027525,1.0,confidence,3,0.7901376146788991,0.7547876626605174,0.8348963601762478,0.3077422178420738,0.32796188706816787,0.24299065420560748,0.7123287671232876,0.3623693379790941
stanfordnlp_sst2,token_shap_llm,tokens,gold_label,872,73,0.08371559633027525,1.0,explanation,19,0.8119266055045872,0.7293363279441768,0.8132940147787474,0.2607768224220139,0.3119625876264485,0.25136612021857924,0.6301369863013698,0.359375
stanfordnlp_sst2,token_shap_llm,tokens,gold_label,872,73,0.08371559633027525,1.0,confidence+explanation,22,0.7958715596330275,0.7579165737994411,0.833867677062081,0.2734918456471634,0.3346679774321367,0.24880382775119617,0.7123287671232876,0.36879432624113473
stanfordnlp_sst2,token_shap_llm,tokens,gold_label,872,73,0.08371559633027525,1.0,paper (4 dimensions),20,0.8096330275229358,0.7218612306478989,0.8133111594973169,0.259746598569907,0.3017943307427247,0.2459016393442623,0.6164383561643836,0.3515625
