dataset,method,graph,feature,block,coef,ci_low,ci_high,significant_95
setfit_ag_news,graphsvx,constituency,prediction_confidence,confidence,-2.453929081588808,-3.500842153919096,-1.1129990183715879,True
setfit_ag_news,graphsvx,constituency,consistency_baseline_margin,confidence,1.3050323650166253,0.17013891130919362,2.4033394344638066,True
setfit_ag_news,graphsvx,constituency,auc_origin_entropy,confidence,-1.4277310811401187,-1.756332245276153,-1.0392979107193248,True
setfit_ag_news,graphsvx,constituency,auc_deletion_auc,AUC,-0.9510773601431712,-2.114220600174652,0.03734872067689206,False
setfit_ag_news,graphsvx,constituency,auc_insertion_auc,AUC,1.0339925626673314,0.33117819020719014,1.7338669604056873,True
setfit_ag_news,graphsvx,constituency,consistency_preservation_necessity,Consistency,1.0370844641274566,-0.07984950393833166,2.346900012295744,False
setfit_ag_news,graphsvx,constituency,consistency_preservation_sufficiency,Consistency,0.7170527520028023,0.1567953739952453,1.2395697534151056,True
setfit_ag_news,graphsvx,constituency,fidelity_asymmetry,Fidelity,-0.1321812563410284,-0.45613518192218333,0.16974204907833096,False
setfit_ag_news,graphsvx,constituency,fidelity_minus,Fidelity,0.23103492526407024,-0.48561307983061647,0.8510785869695592,False
setfit_ag_news,graphsvx,constituency,fidelity_plus,Fidelity,0.29448760709635136,-0.09546994482672011,0.6289684946362943,False
setfit_ag_news,graphsvx,constituency,progression_concentration_top1,Progression,-0.18784607644905152,-0.3878885154979476,0.14685554741617105,False
setfit_ag_news,graphsvx,constituency,progression_concentration_top10,Progression,-0.3882268765991033,-0.6538354972655848,-0.18161937793421876,True
setfit_ag_news,graphsvx,constituency,progression_concentration_top3,Progression,-0.04088334247097584,-0.41112533804318985,0.21046975090541187,False
setfit_ag_news,graphsvx,constituency,progression_concentration_top5,Progression,0.3045414344659629,0.0787003704913071,0.7327750473618401,True
setfit_ag_news,graphsvx,constituency,progression_maskout_drop_k1,Progression,0.10833832243134599,-0.07530281132761872,0.30623628937765174,False
setfit_ag_news,graphsvx,constituency,progression_maskout_drop_k10,Progression,0.12635674106677933,-0.13980704213107417,0.5232752246747061,False
setfit_ag_news,graphsvx,constituency,progression_maskout_drop_k3,Progression,0.08101738444930529,-0.22382460351596412,0.5290216718751782,False
setfit_ag_news,graphsvx,constituency,progression_maskout_drop_k5,Progression,-0.11167784422243145,-0.6110691537657215,0.2209454026795332,False
setfit_ag_news,graphsvx,constituency,progression_sufficiency_drop_k1,Progression,-0.6003460786317122,-1.2318259480988947,0.023395040371083774,False
setfit_ag_news,graphsvx,constituency,progression_sufficiency_drop_k10,Progression,0.10546325846319334,-0.35243356648807816,0.5247709175548673,False
setfit_ag_news,graphsvx,constituency,progression_sufficiency_drop_k3,Progression,0.4529510723707431,-0.7709068163041883,1.6705421607577173,False
setfit_ag_news,graphsvx,constituency,progression_sufficiency_drop_k5,Progression,0.8275532540622756,-0.09588644242075663,1.7710073931492194,False
setfit_ag_news,graphsvx,skipgrams,prediction_confidence,confidence,-0.9353555143707319,-2.1339229944154305,-0.014130187087371952,True
setfit_ag_news,graphsvx,skipgrams,consistency_baseline_margin,confidence,-0.5116482201585283,-1.2498276406055622,0.3193505288058525,False
setfit_ag_news,graphsvx,skipgrams,auc_origin_entropy,confidence,0.35541859483215804,-0.10381163912495335,0.8486480083850322,False
setfit_ag_news,graphsvx,skipgrams,auc_deletion_auc,AUC,-1.0771593026290152,-2.133295240364288,-0.11688231116365896,True
setfit_ag_news,graphsvx,skipgrams,auc_insertion_auc,AUC,2.6020309476485965,1.2297616817135655,3.9986454714401587,True
setfit_ag_news,graphsvx,skipgrams,consistency_preservation_necessity,Consistency,0.3519557080032455,-0.5799267669067498,1.2073095443435105,False
setfit_ag_news,graphsvx,skipgrams,consistency_preservation_sufficiency,Consistency,0.8641908004679761,0.0021658230887041992,1.8288809184614314,True
setfit_ag_news,graphsvx,skipgrams,fidelity_asymmetry,Fidelity,0.2865428517324708,-0.23655640470414746,0.9366730658378397,False
setfit_ag_news,graphsvx,skipgrams,fidelity_minus,Fidelity,-0.22363819762606454,-0.8825886844079214,0.5112218681329241,False
setfit_ag_news,graphsvx,skipgrams,fidelity_plus,Fidelity,-0.3366126448197414,-0.8772054563063352,0.1894632140709857,False
setfit_ag_news,graphsvx,skipgrams,progression_concentration_top1,Progression,-0.05739486752531848,-0.41241153619767795,0.3648651603190603,False
setfit_ag_news,graphsvx,skipgrams,progression_concentration_top10,Progression,0.22408231092475234,-0.08750377317076526,0.6219106141554743,False
setfit_ag_news,graphsvx,skipgrams,progression_concentration_top3,Progression,-0.4292807165723918,-1.2378963020101788,-0.04956516019063463,True
setfit_ag_news,graphsvx,skipgrams,progression_concentration_top5,Progression,0.14774913148412863,-0.07305679540948792,0.40614884248096284,False
setfit_ag_news,graphsvx,skipgrams,progression_maskout_drop_k1,Progression,0.12061158600674628,-0.0870942195028887,0.3517407555279658,False
setfit_ag_news,graphsvx,skipgrams,progression_maskout_drop_k10,Progression,-0.026926999118536476,-0.7253649835685626,0.6923101934183475,False
setfit_ag_news,graphsvx,skipgrams,progression_maskout_drop_k3,Progression,0.03795693077093898,-0.31550251355062736,0.49462882921747764,False
setfit_ag_news,graphsvx,skipgrams,progression_maskout_drop_k5,Progression,-0.1817294483735254,-0.6433828853534865,0.2242241429265498,False
setfit_ag_news,graphsvx,skipgrams,progression_sufficiency_drop_k1,Progression,2.084419477641089,1.3475298916042828,3.20939413740029,True
setfit_ag_news,graphsvx,skipgrams,progression_sufficiency_drop_k10,Progression,0.6586893611927964,-0.07965563072147915,1.6166129624316785,False
setfit_ag_news,graphsvx,skipgrams,progression_sufficiency_drop_k3,Progression,-0.954534225273273,-2.4653661015800723,0.4681434572703411,False
setfit_ag_news,graphsvx,skipgrams,progression_sufficiency_drop_k5,Progression,2.031271317610141,1.1484365010925721,3.0661930918605993,True
setfit_ag_news,graphsvx,syntactic,prediction_confidence,confidence,-0.5290426239317791,-1.6540576955174568,0.394986208736903,False
setfit_ag_news,graphsvx,syntactic,consistency_baseline_margin,confidence,-0.6275184188232924,-1.6135311173010625,0.4844810663992878,False
setfit_ag_news,graphsvx,syntactic,auc_origin_entropy,confidence,0.2097626867367907,-0.23020288968391767,0.5539588563967406,False
setfit_ag_news,graphsvx,syntactic,auc_deletion_auc,AUC,-0.5682862350164585,-1.4968657596655954,0.4472399935613622,False
setfit_ag_news,graphsvx,syntactic,auc_insertion_auc,AUC,1.1629498577350874,0.14789677231947412,2.135510307330261,True
setfit_ag_news,graphsvx,syntactic,consistency_preservation_necessity,Consistency,1.3683297177158862,0.4724119125024448,2.022688718094247,True
setfit_ag_news,graphsvx,syntactic,consistency_preservation_sufficiency,Consistency,0.8327638412052318,0.27114469220777476,1.6196148017332725,True
setfit_ag_news,graphsvx,syntactic,fidelity_asymmetry,Fidelity,0.05339947802077686,-0.6843932091801156,0.48309945812192173,False
setfit_ag_news,graphsvx,syntactic,fidelity_minus,Fidelity,0.18057854604464402,-0.5621973645988194,0.6668395601120096,False
setfit_ag_news,graphsvx,syntactic,fidelity_plus,Fidelity,0.4514065304615238,-0.04087130442941237,0.8653589369951153,False
setfit_ag_news,graphsvx,syntactic,progression_concentration_top1,Progression,0.04801748308231599,-0.13263116468615618,0.2371056303101859,False
setfit_ag_news,graphsvx,syntactic,progression_concentration_top10,Progression,0.007202424424260745,-0.46976294358474524,0.1797902289685561,False
setfit_ag_news,graphsvx,syntactic,progression_concentration_top3,Progression,0.10454021319610014,-0.36938068036716926,0.43132341935640195,False
setfit_ag_news,graphsvx,syntactic,progression_concentration_top5,Progression,-0.6020327796125281,-0.8629651255725919,-0.3198775129779013,True
setfit_ag_news,graphsvx,syntactic,progression_maskout_drop_k1,Progression,-0.012783569582734371,-0.274672633911769,0.21996218170407086,False
setfit_ag_news,graphsvx,syntactic,progression_maskout_drop_k10,Progression,-0.025174119627156172,-0.844500784303562,1.2277119517822768,False
setfit_ag_news,graphsvx,syntactic,progression_maskout_drop_k3,Progression,-0.23405510219802222,-0.6701406516520129,0.3754638418379641,False
setfit_ag_news,graphsvx,syntactic,progression_maskout_drop_k5,Progression,0.23614330002518785,-0.30619863228688243,0.6346113529188557,False
setfit_ag_news,graphsvx,syntactic,progression_sufficiency_drop_k1,Progression,0.11323444977697468,-0.22431318052311833,0.3494908168263562,False
setfit_ag_news,graphsvx,syntactic,progression_sufficiency_drop_k10,Progression,-0.1639363831595612,-0.5504849121108057,0.3119368839071163,False
setfit_ag_news,graphsvx,syntactic,progression_sufficiency_drop_k3,Progression,0.22534069860792036,-0.20954829001218295,0.7307495897091523,False
setfit_ag_news,graphsvx,syntactic,progression_sufficiency_drop_k5,Progression,-0.010232705665309223,-0.49659280083053475,0.5050348516018074,False
setfit_ag_news,graphsvx,window,prediction_confidence,confidence,0.3648238186967484,-0.7287988275366539,1.7971334913778534,False
setfit_ag_news,graphsvx,window,consistency_baseline_margin,confidence,0.2112816243272141,-0.7642656380872753,1.0257155523775643,False
setfit_ag_news,graphsvx,window,auc_origin_entropy,confidence,-0.18550453238826803,-0.5641952761189523,0.2830913774712075,False
setfit_ag_news,graphsvx,window,auc_deletion_auc,AUC,-1.5808194806439615,-2.6076344388075925,-0.46355585713540604,True
setfit_ag_news,graphsvx,window,auc_insertion_auc,AUC,0.7409193328604226,-0.8287536741019431,2.067488276163059,False
setfit_ag_news,graphsvx,window,consistency_preservation_necessity,Consistency,0.7558144061192454,-0.3186627759785287,1.7456493769878008,False
setfit_ag_news,graphsvx,window,consistency_preservation_sufficiency,Consistency,0.23966719685226054,-0.6250667597517047,0.8295267718131616,False
setfit_ag_news,graphsvx,window,fidelity_asymmetry,Fidelity,0.42538166588372134,-0.14520123939430143,1.0059208755405245,False
setfit_ag_news,graphsvx,window,fidelity_minus,Fidelity,-0.0007646930972088206,-0.8802513697626305,0.6502378298407345,False
setfit_ag_news,graphsvx,window,fidelity_plus,Fidelity,-0.41563964866446396,-1.0592146602697377,0.12567321729445807,False
setfit_ag_news,graphsvx,window,progression_concentration_top1,Progression,0.2822479758643177,-0.7058047153449948,1.2814389010396885,False
setfit_ag_news,graphsvx,window,progression_concentration_top10,Progression,-0.06725450204753632,-0.5145460706674047,0.3200911731714984,False
setfit_ag_news,graphsvx,window,progression_concentration_top3,Progression,-0.003603549556285184,-1.0413799566728885,1.1856769765616277,False
setfit_ag_news,graphsvx,window,progression_concentration_top5,Progression,-0.2367239372871734,-1.4801778186646286,0.7354762393033538,False
setfit_ag_news,graphsvx,window,progression_maskout_drop_k1,Progression,-0.056850980641191186,-0.22508194248368363,0.3904684925648994,False
setfit_ag_news,graphsvx,window,progression_maskout_drop_k10,Progression,-0.3719435333883902,-1.0099363534380235,0.37485160653559646,False
setfit_ag_news,graphsvx,window,progression_maskout_drop_k3,Progression,0.3060887297449214,0.0031172589735077947,0.955382623633489,True
setfit_ag_news,graphsvx,window,progression_maskout_drop_k5,Progression,-0.1818343667578223,-0.7132211423114617,0.1491420074422621,False
setfit_ag_news,graphsvx,window,progression_sufficiency_drop_k1,Progression,0.007728695841908101,-0.7849352666388443,1.1342552955748253,False
setfit_ag_news,graphsvx,window,progression_sufficiency_drop_k10,Progression,-0.3211214884399318,-1.5917899913639602,0.9538896713358354,False
setfit_ag_news,graphsvx,window,progression_sufficiency_drop_k3,Progression,0.34326451583274836,-1.3661025987481998,1.226721380487266,False
setfit_ag_news,graphsvx,window,progression_sufficiency_drop_k5,Progression,1.26444442364015,0.5117922091480358,2.1629759543254274,True
setfit_ag_news,subgraphx,constituency,prediction_confidence,confidence,-1.7778552708026687,-2.8770425950965297,-0.5782384567699033,True
setfit_ag_news,subgraphx,constituency,consistency_baseline_margin,confidence,1.1053881079648418,0.18839239075930225,2.0861721721324,True
setfit_ag_news,subgraphx,constituency,auc_origin_entropy,confidence,-1.3790269564045097,-1.7838356514302598,-1.061502414033677,True
setfit_ag_news,subgraphx,constituency,auc_deletion_auc,AUC,-1.6009928908935513,-2.9983883907569546,-0.43695587719062945,True
setfit_ag_news,subgraphx,constituency,auc_insertion_auc,AUC,1.5073306012275756,0.10164010241881605,2.663793098314836,True
setfit_ag_news,subgraphx,constituency,consistency_preservation_necessity,Consistency,0.7420762970096835,-0.11458671197582809,2.0272348641699462,False
setfit_ag_news,subgraphx,constituency,consistency_preservation_sufficiency,Consistency,1.1062582297312025,0.31466903112183625,1.9432868705917838,True
setfit_ag_news,subgraphx,constituency,fidelity_asymmetry,Fidelity,-0.7073246004217647,-1.229338024203732,-0.15757414175130183,True
setfit_ag_news,subgraphx,constituency,fidelity_minus,Fidelity,-0.4477895512268544,-0.8639884894017476,0.05058683195249303,False
setfit_ag_news,subgraphx,constituency,fidelity_plus,Fidelity,0.648229827341206,0.11180419858090683,1.2071763608858204,True
setfit_ag_news,subgraphx,constituency,progression_concentration_top1,Progression,0.14902482876713358,-0.05821359417660321,0.7212999964772513,False
setfit_ag_news,subgraphx,constituency,progression_concentration_top10,Progression,-0.45687629492163057,-0.8327738223370373,-0.0853363148803806,True
setfit_ag_news,subgraphx,constituency,progression_concentration_top3,Progression,0.1327135769823978,-0.1700320209508569,1.1834686303094943,False
setfit_ag_news,subgraphx,constituency,progression_concentration_top5,Progression,-0.18800041686893226,-0.8420014148930944,0.1769799258894969,False
setfit_ag_news,subgraphx,constituency,progression_maskout_drop_k1,Progression,-0.08105642704111377,-0.19303689463283813,0.02020913904639865,False
setfit_ag_news,subgraphx,constituency,progression_maskout_drop_k10,Progression,0.3361649254720802,0.06897927311377319,0.5819518185723125,True
setfit_ag_news,subgraphx,constituency,progression_maskout_drop_k3,Progression,0.001550279906136094,-0.2319878265148489,0.12932945219584654,False
setfit_ag_news,subgraphx,constituency,progression_maskout_drop_k5,Progression,0.10794800698053073,-0.0686193590189985,0.37100476598369714,False
setfit_ag_news,subgraphx,constituency,progression_sufficiency_drop_k1,Progression,-0.92458992812912,-1.9160085378165361,0.005391542171027443,False
setfit_ag_news,subgraphx,constituency,progression_sufficiency_drop_k10,Progression,1.0700048458749887,0.2608896968809151,1.874771517377946,True
setfit_ag_news,subgraphx,constituency,progression_sufficiency_drop_k3,Progression,0.04163550040784178,-1.3125001874185618,1.4207359709784324,False
setfit_ag_news,subgraphx,constituency,progression_sufficiency_drop_k5,Progression,0.8085756721362128,-0.7366224806819927,1.9188371756665363,False
setfit_ag_news,subgraphx,skipgrams,prediction_confidence,confidence,1.271404315541371,-0.12455766825554193,2.4066709889631195,False
setfit_ag_news,subgraphx,skipgrams,consistency_baseline_margin,confidence,0.8601356205371257,0.06766111598184363,1.6991568832564568,True
setfit_ag_news,subgraphx,skipgrams,auc_origin_entropy,confidence,-0.019212328853330247,-0.34396293367072006,0.31731915163695773,False
setfit_ag_news,subgraphx,skipgrams,auc_deletion_auc,AUC,-1.2835928489360697,-2.1566593629624786,-0.1316441147705628,True
setfit_ag_news,subgraphx,skipgrams,auc_insertion_auc,AUC,-1.4257630218515533,-2.333891578537333,-0.45633808790003444,True
setfit_ag_news,subgraphx,skipgrams,consistency_preservation_necessity,Consistency,0.1642568655092561,-0.7336613445461386,1.1080005445691161,False
setfit_ag_news,subgraphx,skipgrams,consistency_preservation_sufficiency,Consistency,0.945121835163469,0.13736690666919826,1.6905198611073795,True
setfit_ag_news,subgraphx,skipgrams,fidelity_asymmetry,Fidelity,0.5463483067257588,-0.0035014748472143734,1.1223708657869225,False
setfit_ag_news,subgraphx,skipgrams,fidelity_minus,Fidelity,-0.8644097354547468,-1.4269466127388968,-0.37387858385696143,True
setfit_ag_news,subgraphx,skipgrams,fidelity_plus,Fidelity,-0.7468830345989823,-1.308128272398526,-0.15294347222182061,True
setfit_ag_news,subgraphx,skipgrams,progression_concentration_top1,Progression,-0.08110481070540305,-0.6948880312280845,0.10851638739963625,False
setfit_ag_news,subgraphx,skipgrams,progression_concentration_top10,Progression,-0.15290231841946658,-0.30900290067292835,-0.017130404702976672,True
setfit_ag_news,subgraphx,skipgrams,progression_concentration_top3,Progression,0.46212913055000765,0.1387992285567453,1.193951430438688,True
setfit_ag_news,subgraphx,skipgrams,progression_concentration_top5,Progression,-0.004420762725755904,-0.3328398541844431,0.31779906405761993,False
setfit_ag_news,subgraphx,skipgrams,progression_maskout_drop_k1,Progression,-0.010673458322603302,-0.159784601294546,0.1756423293332185,False
setfit_ag_news,subgraphx,skipgrams,progression_maskout_drop_k10,Progression,0.37876758485414197,-0.0960862153670646,1.064873491967542,False
setfit_ag_news,subgraphx,skipgrams,progression_maskout_drop_k3,Progression,-0.07035556974796761,-0.4008314377177811,0.1920511647718429,False
setfit_ag_news,subgraphx,skipgrams,progression_maskout_drop_k5,Progression,0.03635507863849761,-0.25216988336201684,0.2887075487893519,False
setfit_ag_news,subgraphx,skipgrams,progression_sufficiency_drop_k1,Progression,0.16400753864691553,-0.8592137169544363,1.1452414693586814,False
setfit_ag_news,subgraphx,skipgrams,progression_sufficiency_drop_k10,Progression,-0.49258770971347776,-1.2278418810489007,0.4090167472334783,False
setfit_ag_news,subgraphx,skipgrams,progression_sufficiency_drop_k3,Progression,-0.3208890293317213,-1.3888287596310052,1.0448025478111094,False
setfit_ag_news,subgraphx,skipgrams,progression_sufficiency_drop_k5,Progression,0.8061607864293351,-0.02349010629254237,1.4566366670499649,False
setfit_ag_news,subgraphx,syntactic,prediction_confidence,confidence,-1.2535268032940827,-2.491297708799554,-0.1180835134448065,True
setfit_ag_news,subgraphx,syntactic,consistency_baseline_margin,confidence,-0.40831523361395866,-1.1229427792939581,0.7580256270420347,False
setfit_ag_news,subgraphx,syntactic,auc_origin_entropy,confidence,-0.3962504534301039,-0.8012475031570748,-0.09386379003621179,True
setfit_ag_news,subgraphx,syntactic,auc_deletion_auc,AUC,-0.471337940247777,-1.4998477106410486,0.5118305197631223,False
setfit_ag_news,subgraphx,syntactic,auc_insertion_auc,AUC,0.9849956757165781,0.08027167241889853,1.65813030975165,True
setfit_ag_news,subgraphx,syntactic,consistency_preservation_necessity,Consistency,1.8747779124487136,1.0495065118037377,2.622774008287498,True
setfit_ag_news,subgraphx,syntactic,consistency_preservation_sufficiency,Consistency,0.9829845669027004,0.404801349380418,1.613103769244664,True
setfit_ag_news,subgraphx,syntactic,fidelity_asymmetry,Fidelity,-0.25178105990128397,-0.5914071062540937,0.1477047757208628,False
setfit_ag_news,subgraphx,syntactic,fidelity_minus,Fidelity,-1.5284668897585767,-2.613346186582707,-0.6385275053593233,True
setfit_ag_news,subgraphx,syntactic,fidelity_plus,Fidelity,-0.29271316075596415,-0.8578098996377251,0.08416359605329198,False
setfit_ag_news,subgraphx,syntactic,progression_concentration_top1,Progression,-0.011078954333402611,-0.15625218457561177,0.4098972233020004,False
setfit_ag_news,subgraphx,syntactic,progression_concentration_top10,Progression,0.12060653429932426,-0.024674320368756355,0.28515125243909645,False
setfit_ag_news,subgraphx,syntactic,progression_concentration_top3,Progression,0.033974919114138025,-0.2967906365212549,0.5624276923660935,False
setfit_ag_news,subgraphx,syntactic,progression_concentration_top5,Progression,-0.5509624968632996,-0.9427270090691275,-0.1566157692127954,True
setfit_ag_news,subgraphx,syntactic,progression_maskout_drop_k1,Progression,0.05027196644794242,-0.08331977657102627,0.1760781024701026,False
setfit_ag_news,subgraphx,syntactic,progression_maskout_drop_k10,Progression,1.9125836325255858,0.9970260193038208,3.003282434429134,True
setfit_ag_news,subgraphx,syntactic,progression_maskout_drop_k3,Progression,0.04327611999605991,-0.24472936991249894,0.32986803988286795,False
setfit_ag_news,subgraphx,syntactic,progression_maskout_drop_k5,Progression,-0.09178354303596872,-0.43884626830064866,0.20265277989482608,False
setfit_ag_news,subgraphx,syntactic,progression_sufficiency_drop_k1,Progression,0.16563597733519222,-0.14175801654896703,0.4234532909801042,False
setfit_ag_news,subgraphx,syntactic,progression_sufficiency_drop_k10,Progression,1.1725432314612745,0.6358232810929145,1.9818240652869414,True
setfit_ag_news,subgraphx,syntactic,progression_sufficiency_drop_k3,Progression,0.6359707462430654,0.2539108177039908,1.0425280606032312,True
setfit_ag_news,subgraphx,syntactic,progression_sufficiency_drop_k5,Progression,-0.4387248732732115,-1.0967470029364548,0.04455506636553254,False
setfit_ag_news,subgraphx,window,prediction_confidence,confidence,0.7730731145693686,-0.39040971921962847,2.087617143455873,False
setfit_ag_news,subgraphx,window,consistency_baseline_margin,confidence,0.3892881497231983,-0.6285691566985729,1.4221602121359238,False
setfit_ag_news,subgraphx,window,auc_origin_entropy,confidence,-0.05096974399564017,-0.45501976538143696,0.3258456143120442,False
setfit_ag_news,subgraphx,window,auc_deletion_auc,AUC,-0.6498498587019514,-1.597648317289206,0.3757348551330701,False
setfit_ag_news,subgraphx,window,auc_insertion_auc,AUC,-0.20400953126595328,-1.4464264556076636,0.9526194434540436,False
setfit_ag_news,subgraphx,window,consistency_preservation_necessity,Consistency,0.6950239596782046,-0.28702955333179203,1.5405676076455272,False
setfit_ag_news,subgraphx,window,consistency_preservation_sufficiency,Consistency,-0.7984946079572439,-1.4565783186646588,-0.2720889833329079,True
setfit_ag_news,subgraphx,window,fidelity_asymmetry,Fidelity,0.6637227785281927,0.23872545848420576,1.2130850539309794,True
setfit_ag_news,subgraphx,window,fidelity_minus,Fidelity,-1.0278252043917258,-1.7341338631649783,-0.44437156050717325,True
setfit_ag_news,subgraphx,window,fidelity_plus,Fidelity,-0.8522158900322058,-1.4205918657064829,-0.4357574050296976,True
setfit_ag_news,subgraphx,window,progression_concentration_top1,Progression,0.13306713035028922,-0.18073844318594356,0.472466425065534,False
setfit_ag_news,subgraphx,window,progression_concentration_top10,Progression,-0.16130451393704162,-0.3210044374431702,0.03810707708098256,False
setfit_ag_news,subgraphx,window,progression_concentration_top3,Progression,0.06431780525259082,-0.4237912433870956,0.5455443804322571,False
setfit_ag_news,subgraphx,window,progression_concentration_top5,Progression,-0.1540761539225504,-0.6248408551038559,0.07073671213962289,False
setfit_ag_news,subgraphx,window,progression_maskout_drop_k1,Progression,-0.1301632846385445,-0.26488526139116675,0.01770682849189954,False
setfit_ag_news,subgraphx,window,progression_maskout_drop_k10,Progression,0.5438237494447102,-0.19710000812295295,1.3177538003941816,False
setfit_ag_news,subgraphx,window,progression_maskout_drop_k3,Progression,0.1286058719508182,-0.07946443968937651,0.4333083952276599,False
setfit_ag_news,subgraphx,window,progression_maskout_drop_k5,Progression,0.07490411857557198,-0.28089397608850475,0.35398228658109093,False
setfit_ag_news,subgraphx,window,progression_sufficiency_drop_k1,Progression,-0.153319941711562,-0.9489331357356845,0.5852455602740743,False
setfit_ag_news,subgraphx,window,progression_sufficiency_drop_k10,Progression,-0.7425408683153941,-1.3125895660899858,0.07031595802179799,False
setfit_ag_news,subgraphx,window,progression_sufficiency_drop_k3,Progression,-0.06684902287379324,-1.331478478621052,1.128829873727308,False
setfit_ag_news,subgraphx,window,progression_sufficiency_drop_k5,Progression,1.0727922813517556,0.24966197747178734,1.8076716233396337,True
setfit_ag_news,token_shap_llm,tokens,prediction_confidence,confidence,-2.9911890093024334,-3.9128488212822803,-2.236844638353441,True
setfit_ag_news,token_shap_llm,tokens,consistency_baseline_margin,confidence,1.8890896967387276,1.268337913737166,2.6833899900801255,True
setfit_ag_news,token_shap_llm,tokens,auc_origin_entropy,confidence,-2.203141882784186,-2.4958214283558156,-1.965053240441838,True
setfit_ag_news,token_shap_llm,tokens,auc_deletion_auc,AUC,0.40676868316587633,-0.16330725623133704,0.9840771544042023,False
setfit_ag_news,token_shap_llm,tokens,auc_insertion_auc,AUC,0.30891878744600776,-0.051095053577637585,0.7627425589685473,False
setfit_ag_news,token_shap_llm,tokens,consistency_preservation_necessity,Consistency,-0.5920443332508231,-1.0399694110891597,-0.20082738790114688,True
setfit_ag_news,token_shap_llm,tokens,consistency_preservation_sufficiency,Consistency,0.517265491531619,0.038656575932384814,0.9925331564014496,True
setfit_ag_news,token_shap_llm,tokens,fidelity_asymmetry,Fidelity,-0.26588490844255824,-0.4936528009813154,-0.06504796995234738,True
setfit_ag_news,token_shap_llm,tokens,fidelity_minus,Fidelity,-0.30818402606171347,-0.6041357715173999,-0.06713882351763861,True
setfit_ag_news,token_shap_llm,tokens,fidelity_plus,Fidelity,0.17081955440499566,-0.06587018796967811,0.4128196476894378,False
setfit_ag_news,token_shap_llm,tokens,progression_concentration_top1,Progression,-0.17360669923993566,-0.7277833415268287,0.2321277348155985,False
setfit_ag_news,token_shap_llm,tokens,progression_concentration_top10,Progression,0.009907732427572594,-0.18006166051924563,0.45476341440288826,False
setfit_ag_news,token_shap_llm,tokens,progression_concentration_top3,Progression,0.04434841152922726,-0.20368944353682583,0.8144671702678694,False
setfit_ag_news,token_shap_llm,tokens,progression_concentration_top5,Progression,-0.06877893572322727,-0.4557366460250549,0.6705235577719885,False
setfit_ag_news,token_shap_llm,tokens,progression_maskout_drop_k1,Progression,0.0017871699800817678,-0.08851658994728456,0.08681316173516827,False
setfit_ag_news,token_shap_llm,tokens,progression_maskout_drop_k10,Progression,0.21110679961784914,0.06332141377328895,0.3952676958519173,True
setfit_ag_news,token_shap_llm,tokens,progression_maskout_drop_k3,Progression,0.03480576371758909,-0.09061169627668979,0.2053741780523483,False
setfit_ag_news,token_shap_llm,tokens,progression_maskout_drop_k5,Progression,-0.05476729206007314,-0.2037424014757035,0.14869570770819054,False
setfit_ag_news,token_shap_llm,tokens,progression_sufficiency_drop_k1,Progression,0.22603524098515265,0.05027757078660205,0.3932183192005828,True
setfit_ag_news,token_shap_llm,tokens,progression_sufficiency_drop_k10,Progression,0.05962577818058684,-0.14989763202461515,0.30317741946647725,False
setfit_ag_news,token_shap_llm,tokens,progression_sufficiency_drop_k3,Progression,0.0012710124885084641,-0.21627547025277952,0.22467572066601438,False
setfit_ag_news,token_shap_llm,tokens,progression_sufficiency_drop_k5,Progression,0.12561558993668576,-0.09648471440899276,0.3639459057878757,False
stanfordnlp_sst2,graphsvx,constituency,prediction_confidence,confidence,-0.13180027598015037,-0.44695983584336596,0.23871049396671506,False
stanfordnlp_sst2,graphsvx,constituency,consistency_baseline_margin,confidence,-0.13179977821097102,-0.446959496242529,0.23871440499381097,False
stanfordnlp_sst2,graphsvx,constituency,auc_origin_entropy,confidence,-1.1779476787626422,-1.877372488339244,-0.37216955945631475,True
stanfordnlp_sst2,graphsvx,constituency,auc_deletion_auc,AUC,-0.6438143226057631,-1.7944635349956912,0.3976517066031185,False
stanfordnlp_sst2,graphsvx,constituency,auc_insertion_auc,AUC,0.9357085628486173,-0.23988927768680476,2.0158460551790536,False
stanfordnlp_sst2,graphsvx,constituency,consistency_preservation_necessity,Consistency,-0.02518427511415337,-0.22090587064899717,0.25419983365786974,False
stanfordnlp_sst2,graphsvx,constituency,consistency_preservation_sufficiency,Consistency,-0.17379357720949232,-0.4676860546724608,0.19582118915641925,False
stanfordnlp_sst2,graphsvx,constituency,fidelity_asymmetry,Fidelity,-0.14219151156921914,-0.46096321680274494,0.11907059445512934,False
stanfordnlp_sst2,graphsvx,constituency,fidelity_minus,Fidelity,-0.16228090186724436,-0.7900853484531035,0.2719991316495811,False
stanfordnlp_sst2,graphsvx,constituency,fidelity_plus,Fidelity,0.0560024341202362,-0.4285093245040911,0.36889232752813655,False
stanfordnlp_sst2,graphsvx,constituency,progression_concentration_top1,Progression,0.003914018431970657,-0.25844549125499733,0.48449261009529676,False
stanfordnlp_sst2,graphsvx,constituency,progression_concentration_top10,Progression,-0.029604368087911326,-0.46177799534037034,0.353159579558698,False
stanfordnlp_sst2,graphsvx,constituency,progression_concentration_top3,Progression,-0.06767143395857035,-1.2852070065027152,0.27539336785892254,False
stanfordnlp_sst2,graphsvx,constituency,progression_concentration_top5,Progression,-0.1866473181870087,-0.6622299983959562,0.20025797060415612,False
stanfordnlp_sst2,graphsvx,constituency,progression_maskout_drop_k1,Progression,-0.09754981701117668,-0.4666265798077499,0.2958802663090944,False
stanfordnlp_sst2,graphsvx,constituency,progression_maskout_drop_k10,Progression,0.017059956634370845,-0.7734864295714493,1.0915908574673703,False
stanfordnlp_sst2,graphsvx,constituency,progression_maskout_drop_k3,Progression,0.02659680130948844,-0.587268710458667,0.678913573011806,False
stanfordnlp_sst2,graphsvx,constituency,progression_maskout_drop_k5,Progression,-0.27307756105013337,-1.1063197442954693,0.553491225620265,False
stanfordnlp_sst2,graphsvx,constituency,progression_sufficiency_drop_k1,Progression,0.4186205396150841,-0.3709603169311709,1.6187268872894265,False
stanfordnlp_sst2,graphsvx,constituency,progression_sufficiency_drop_k10,Progression,-1.0096653204026953,-1.9533481322744097,-0.19595532294290774,True
stanfordnlp_sst2,graphsvx,constituency,progression_sufficiency_drop_k3,Progression,1.017725453352153,-0.1541128758320709,2.0668935858525956,False
stanfordnlp_sst2,graphsvx,constituency,progression_sufficiency_drop_k5,Progression,0.08843356902832797,-1.0013188187983249,1.4246973873747086,False
stanfordnlp_sst2,graphsvx,skipgrams,prediction_confidence,confidence,-0.32097787773246533,-0.5362746970791387,-0.10803110423888994,True
stanfordnlp_sst2,graphsvx,skipgrams,consistency_baseline_margin,confidence,-0.32097742973897747,-0.5362726827090717,-0.10803100193259328,True
stanfordnlp_sst2,graphsvx,skipgrams,auc_origin_entropy,confidence,-2.0185935248970717,-2.823096894669566,-1.2923729108351556,True
stanfordnlp_sst2,graphsvx,skipgrams,auc_deletion_auc,AUC,-0.839980303098433,-1.4492916340172817,-0.33335577369535296,True
stanfordnlp_sst2,graphsvx,skipgrams,auc_insertion_auc,AUC,1.2385992672033788,0.3186401012142897,2.018430769200443,True
stanfordnlp_sst2,graphsvx,skipgrams,consistency_preservation_necessity,Consistency,-0.2539789419678586,-0.4302150563402472,-0.07085316381383058,True
stanfordnlp_sst2,graphsvx,skipgrams,consistency_preservation_sufficiency,Consistency,-0.0481606020087218,-0.29234071358551017,0.2262856147159862,False
stanfordnlp_sst2,graphsvx,skipgrams,fidelity_asymmetry,Fidelity,0.3183430342952542,-0.02020195215643804,0.6891793305015986,False
stanfordnlp_sst2,graphsvx,skipgrams,fidelity_minus,Fidelity,0.0024173840093237985,-0.4469920713497638,0.3374277870135965,False
stanfordnlp_sst2,graphsvx,skipgrams,fidelity_plus,Fidelity,-0.30185006221116073,-0.7129126792651013,-0.006048362868120894,True
stanfordnlp_sst2,graphsvx,skipgrams,progression_concentration_top1,Progression,0.0629751367507803,-1.1893832314986927,0.25711094521729566,False
stanfordnlp_sst2,graphsvx,skipgrams,progression_concentration_top10,Progression,-0.1812238900545472,-0.5725442639723223,0.1399697648119659,False
stanfordnlp_sst2,graphsvx,skipgrams,progression_concentration_top3,Progression,-0.4811284591136041,-1.1391381981080126,0.2380899964606042,False
stanfordnlp_sst2,graphsvx,skipgrams,progression_concentration_top5,Progression,1.015113371518705,-0.07111817057264697,2.347597782385971,False
stanfordnlp_sst2,graphsvx,skipgrams,progression_maskout_drop_k1,Progression,0.2866989744246191,-0.19365515709310954,1.070957140848001,False
stanfordnlp_sst2,graphsvx,skipgrams,progression_maskout_drop_k10,Progression,0.00242932671645107,-0.4469740079131806,0.3374309469485506,False
stanfordnlp_sst2,graphsvx,skipgrams,progression_maskout_drop_k3,Progression,0.5047525492759186,-0.4676028724638866,1.4397635631723285,False
stanfordnlp_sst2,graphsvx,skipgrams,progression_maskout_drop_k5,Progression,-0.898506908290444,-1.8334935644602077,0.069631595275339,False
stanfordnlp_sst2,graphsvx,skipgrams,progression_sufficiency_drop_k1,Progression,0.8795464661223307,-0.12320969214588647,2.026922085831575,False
stanfordnlp_sst2,graphsvx,skipgrams,progression_sufficiency_drop_k10,Progression,-0.3018681701900448,-0.7129366452979572,-0.006059376870716088,True
stanfordnlp_sst2,graphsvx,skipgrams,progression_sufficiency_drop_k3,Progression,0.948181295732476,-0.2313997428975756,2.4704948011123755,False
stanfordnlp_sst2,graphsvx,skipgrams,progression_sufficiency_drop_k5,Progression,0.10767911502968817,-1.0888551737309582,1.3599582589322103,False
stanfordnlp_sst2,graphsvx,syntactic,prediction_confidence,confidence,-0.45677011987488675,-0.8967883353252591,-0.03917437051934196,True
stanfordnlp_sst2,graphsvx,syntactic,consistency_baseline_margin,confidence,-0.45676689422642514,-0.8967870681443859,-0.039172728902400845,True
stanfordnlp_sst2,graphsvx,syntactic,auc_origin_entropy,confidence,-1.9715877107572397,-2.6430560758640236,-1.2783726646927454,True
stanfordnlp_sst2,graphsvx,syntactic,auc_deletion_auc,AUC,0.6071213385105373,-0.6322623659731492,1.686024527996722,False
stanfordnlp_sst2,graphsvx,syntactic,auc_insertion_auc,AUC,0.6646339420972845,-0.5545630397091323,1.8299374181178212,False
stanfordnlp_sst2,graphsvx,syntactic,consistency_preservation_necessity,Consistency,-0.31951776750458355,-0.6343623122655697,0.056136987233136454,False
stanfordnlp_sst2,graphsvx,syntactic,consistency_preservation_sufficiency,Consistency,-0.8675973579246828,-1.3050631135601567,-0.2999536880781612,True
stanfordnlp_sst2,graphsvx,syntactic,fidelity_asymmetry,Fidelity,-0.14889540710301247,-0.5789450541072653,0.26298925533193224,False
stanfordnlp_sst2,graphsvx,syntactic,fidelity_minus,Fidelity,0.09358139914396421,-0.4399722763754729,0.5532388443906577,False
stanfordnlp_sst2,graphsvx,syntactic,fidelity_plus,Fidelity,0.551643785090236,-0.13376857848777704,1.1629171172850739,False
stanfordnlp_sst2,graphsvx,syntactic,progression_concentration_top1,Progression,-0.2902693929120127,-0.7889334669295281,0.17459311344782186,False
stanfordnlp_sst2,graphsvx,syntactic,progression_concentration_top10,Progression,0.20612784545340462,-0.24755791482946465,0.5733937398774187,False
stanfordnlp_sst2,graphsvx,syntactic,progression_concentration_top3,Progression,-0.3438700825333511,-0.9278182303147517,0.24799413676103,False
stanfordnlp_sst2,graphsvx,syntactic,progression_concentration_top5,Progression,-0.09592230577514954,-0.6817632986097054,0.3481596349897906,False
stanfordnlp_sst2,graphsvx,syntactic,progression_maskout_drop_k1,Progression,0.6328600009380093,0.05456128250484227,1.248612030985095,True
stanfordnlp_sst2,graphsvx,syntactic,progression_maskout_drop_k10,Progression,0.09358438284321141,-0.4399641741637009,0.5532488022176673,False
stanfordnlp_sst2,graphsvx,syntactic,progression_maskout_drop_k3,Progression,-0.7458787595577767,-1.6539738603312935,0.4661923210577925,False
stanfordnlp_sst2,graphsvx,syntactic,progression_maskout_drop_k5,Progression,0.1331022932295218,-1.3375511743917243,1.406264825559735,False
stanfordnlp_sst2,graphsvx,syntactic,progression_sufficiency_drop_k1,Progression,0.19212558678439853,-0.37253594965638753,0.9377194650977991,False
stanfordnlp_sst2,graphsvx,syntactic,progression_sufficiency_drop_k10,Progression,0.5516373621789604,-0.1337843198187787,1.162908867495757,False
stanfordnlp_sst2,graphsvx,syntactic,progression_sufficiency_drop_k3,Progression,-0.926026027629384,-1.7111489444131653,-0.016133402602230618,True
stanfordnlp_sst2,graphsvx,syntactic,progression_sufficiency_drop_k5,Progression,-0.6330577040530363,-1.9014550746262666,1.0151728638561524,False
stanfordnlp_sst2,graphsvx,window,prediction_confidence,confidence,0.07912886873636137,-0.22982568071822237,0.3593761607278975,False
stanfordnlp_sst2,graphsvx,window,consistency_baseline_margin,confidence,0.07912937793109738,-0.2298236888769465,0.35938166435619184,False
stanfordnlp_sst2,graphsvx,window,auc_origin_entropy,confidence,-1.3668629760292632,-2.263212864535742,-0.4542423208149848,True
stanfordnlp_sst2,graphsvx,window,auc_deletion_auc,AUC,-1.1496823238920233,-1.8610184209552343,-0.3776613699401743,True
stanfordnlp_sst2,graphsvx,window,auc_insertion_auc,AUC,0.29530442325340045,-0.6959475652549506,1.3367579619011687,False
stanfordnlp_sst2,graphsvx,window,consistency_preservation_necessity,Consistency,0.13147962775403718,-0.06061449506524662,0.3333902757102909,False
stanfordnlp_sst2,graphsvx,window,consistency_preservation_sufficiency,Consistency,0.47322638544917006,0.20131897729283962,0.8534221204425081,True
stanfordnlp_sst2,graphsvx,window,fidelity_asymmetry,Fidelity,0.39221853223212766,0.11891140160379166,0.6862652570473956,True
stanfordnlp_sst2,graphsvx,window,fidelity_minus,Fidelity,-0.19648867388878347,-0.6043266470834747,0.18922880106475826,False
stanfordnlp_sst2,graphsvx,window,fidelity_plus,Fidelity,-0.5452249192955065,-0.945561608155434,-0.2586268066046763,True
stanfordnlp_sst2,graphsvx,window,progression_concentration_top1,Progression,0.12354544605099253,-0.3354331163994337,0.8726255828031085,False
stanfordnlp_sst2,graphsvx,window,progression_concentration_top10,Progression,-0.031171384579733008,-0.4219995733432233,0.307650538650053,False
stanfordnlp_sst2,graphsvx,window,progression_concentration_top3,Progression,-0.271716975283336,-0.8038350214355533,0.08860110693268389,False
stanfordnlp_sst2,graphsvx,window,progression_concentration_top5,Progression,0.20548342542800985,-0.3083448373150852,0.6382728573319932,False
stanfordnlp_sst2,graphsvx,window,progression_maskout_drop_k1,Progression,-0.22190553126168355,-0.7824230780433515,0.994187576002498,False
stanfordnlp_sst2,graphsvx,window,progression_maskout_drop_k10,Progression,-0.19649463140156426,-0.604330019216701,0.18922686655125806,False
stanfordnlp_sst2,graphsvx,window,progression_maskout_drop_k3,Progression,1.0938486553562048,-0.16055852910136376,2.1114689497176062,False
stanfordnlp_sst2,graphsvx,window,progression_maskout_drop_k5,Progression,-0.7846029625363601,-1.9227686546708498,0.6985167826845976,False
stanfordnlp_sst2,graphsvx,window,progression_sufficiency_drop_k1,Progression,0.37854047262577234,-0.5987081155366902,1.6840947411499787,False
stanfordnlp_sst2,graphsvx,window,progression_sufficiency_drop_k10,Progression,-0.5452157742003491,-0.9455526276186516,-0.2586117578879573,True
stanfordnlp_sst2,graphsvx,window,progression_sufficiency_drop_k3,Progression,1.1910556946322208,-0.22689077302564498,2.7949458646169774,False
stanfordnlp_sst2,graphsvx,window,progression_sufficiency_drop_k5,Progression,0.30360709164958516,-0.95046684269583,1.9397674023491045,False
stanfordnlp_sst2,subgraphx,constituency,prediction_confidence,confidence,-0.04656098772366283,-0.3699439842866865,0.2236396057816015,False
stanfordnlp_sst2,subgraphx,constituency,consistency_baseline_margin,confidence,-0.04655921826790306,-0.3699425365605887,0.22364016065095044,False
stanfordnlp_sst2,subgraphx,constituency,auc_origin_entropy,confidence,-1.5538063262576898,-2.310740754903056,-0.7842320539340003,True
stanfordnlp_sst2,subgraphx,constituency,auc_deletion_auc,AUC,-0.7734592952674697,-1.314313078654049,-0.18730275954926284,True
stanfordnlp_sst2,subgraphx,constituency,auc_insertion_auc,AUC,0.05942353906951525,-1.0008095733651985,1.073455131265991,False
stanfordnlp_sst2,subgraphx,constituency,consistency_preservation_necessity,Consistency,-0.01095471589449521,-0.22766584844315335,0.22571587451537536,False
stanfordnlp_sst2,subgraphx,constituency,consistency_preservation_sufficiency,Consistency,0.27111538767501153,-0.23842483513604876,0.6686737936759881,False
stanfordnlp_sst2,subgraphx,constituency,fidelity_asymmetry,Fidelity,0.25946327941372144,-0.18077611951649933,0.6611564171612345,False
stanfordnlp_sst2,subgraphx,constituency,fidelity_minus,Fidelity,-0.12650827318467825,-0.7931193349107515,0.3818529888429413,False
stanfordnlp_sst2,subgraphx,constituency,fidelity_plus,Fidelity,-0.2720899725601933,-0.6858933225340567,0.16727765315071808,False
stanfordnlp_sst2,subgraphx,constituency,progression_concentration_top1,Progression,0.5151541940385364,0.02212662124927538,1.165226592778588,True
stanfordnlp_sst2,subgraphx,constituency,progression_concentration_top10,Progression,0.4430928297286781,-0.14967360215680434,1.2516865908216812,False
stanfordnlp_sst2,subgraphx,constituency,progression_concentration_top3,Progression,-0.8858950302187668,-1.8651255286893482,-0.050389401986513205,True
stanfordnlp_sst2,subgraphx,constituency,progression_concentration_top5,Progression,0.8755575965942702,0.0013788811882600644,2.286745075665615,True
stanfordnlp_sst2,subgraphx,constituency,progression_maskout_drop_k1,Progression,0.16672687204624723,-0.2414599724813797,0.660943318817932,False
stanfordnlp_sst2,subgraphx,constituency,progression_maskout_drop_k10,Progression,-0.011970271524277633,-0.7955331841481915,0.8847010170789743,False
stanfordnlp_sst2,subgraphx,constituency,progression_maskout_drop_k3,Progression,-0.6699139719697239,-1.413547819307328,-0.2272231252764591,True
stanfordnlp_sst2,subgraphx,constituency,progression_maskout_drop_k5,Progression,0.12786817838829623,-0.49674885923121026,1.0255530713986836,False
stanfordnlp_sst2,subgraphx,constituency,progression_sufficiency_drop_k1,Progression,0.11908573773133294,-0.612518218669442,0.9648971993438195,False
stanfordnlp_sst2,subgraphx,constituency,progression_sufficiency_drop_k10,Progression,0.6936944095388382,-1.0100786488742457,2.413364047135024,False
stanfordnlp_sst2,subgraphx,constituency,progression_sufficiency_drop_k3,Progression,0.38895427552493883,-0.6396748070653693,1.4117247886748938,False
stanfordnlp_sst2,subgraphx,constituency,progression_sufficiency_drop_k5,Progression,-0.18943884776173084,-1.3377513720319039,0.734155546400856,False
stanfordnlp_sst2,subgraphx,skipgrams,prediction_confidence,confidence,-0.2690139903864318,-0.5638842598642785,-0.0798579544168845,True
stanfordnlp_sst2,subgraphx,skipgrams,consistency_baseline_margin,confidence,-0.2690136187372317,-0.5638786397110443,-0.07985647795893304,True
stanfordnlp_sst2,subgraphx,skipgrams,auc_origin_entropy,confidence,-2.287721431627414,-3.261508690362776,-1.7286363498515835,True
stanfordnlp_sst2,subgraphx,skipgrams,auc_deletion_auc,AUC,-0.5335482882439672,-0.9353629118978982,-0.10376852700892782,True
stanfordnlp_sst2,subgraphx,skipgrams,auc_insertion_auc,AUC,-0.8503258193511204,-1.7221525502269868,0.03954776539174728,False
stanfordnlp_sst2,subgraphx,skipgrams,consistency_preservation_necessity,Consistency,-0.1883905959659215,-0.46517009330106057,0.008419984769491701,False
stanfordnlp_sst2,subgraphx,skipgrams,consistency_preservation_sufficiency,Consistency,0.5823238170245011,0.24520418123868903,0.8848088081496773,True
stanfordnlp_sst2,subgraphx,skipgrams,fidelity_asymmetry,Fidelity,0.6635325690189793,0.3477976780414241,0.9498483366359897,True
stanfordnlp_sst2,subgraphx,skipgrams,fidelity_minus,Fidelity,-0.1525028360343696,-0.5940450429809306,0.2618972950776715,False
stanfordnlp_sst2,subgraphx,skipgrams,fidelity_plus,Fidelity,-0.7045356870814118,-1.001265745178695,-0.4143080440662642,True
stanfordnlp_sst2,subgraphx,skipgrams,progression_concentration_top1,Progression,-0.12036532201427057,-0.7559026118799737,0.05544005881874504,False
stanfordnlp_sst2,subgraphx,skipgrams,progression_concentration_top10,Progression,-0.35513916773299176,-0.8730420775190875,0.15091447201248306,False
stanfordnlp_sst2,subgraphx,skipgrams,progression_concentration_top3,Progression,-0.051260962739592845,-0.6338712777042931,0.533695981844612,False
stanfordnlp_sst2,subgraphx,skipgrams,progression_concentration_top5,Progression,0.4183006624703941,-0.42878298266733333,1.160927489209725,False
stanfordnlp_sst2,subgraphx,skipgrams,progression_maskout_drop_k1,Progression,0.8314075417403893,-0.3039222909865096,2.000622507828547,False
stanfordnlp_sst2,subgraphx,skipgrams,progression_maskout_drop_k10,Progression,-0.1524948894711977,-0.594048305719004,0.26191092340191896,False
stanfordnlp_sst2,subgraphx,skipgrams,progression_maskout_drop_k3,Progression,0.42105138066308684,-0.5892628462683523,1.6714424459851471,False
stanfordnlp_sst2,subgraphx,skipgrams,progression_maskout_drop_k5,Progression,-0.33740294312589314,-1.3646482782555878,0.7915842366732266,False
stanfordnlp_sst2,subgraphx,skipgrams,progression_sufficiency_drop_k1,Progression,1.3624044522153589,0.10617332415980746,2.3930122212084086,True
stanfordnlp_sst2,subgraphx,skipgrams,progression_sufficiency_drop_k10,Progression,-0.7045373658844831,-1.0012694937864106,-0.4143085510090113,True
stanfordnlp_sst2,subgraphx,skipgrams,progression_sufficiency_drop_k3,Progression,0.6021297328774855,-0.4139050040013558,1.6133070250049146,False
stanfordnlp_sst2,subgraphx,skipgrams,progression_sufficiency_drop_k5,Progression,-0.06585832418749527,-0.7260170921299475,0.6400133217790424,False
stanfordnlp_sst2,subgraphx,syntactic,prediction_confidence,confidence,-0.20460713664073632,-0.5393201463476154,0.18241343021832998,False
stanfordnlp_sst2,subgraphx,syntactic,consistency_baseline_margin,confidence,-0.2046062884003618,-0.5393160927095649,0.1824155379085787,False
stanfordnlp_sst2,subgraphx,syntactic,auc_origin_entropy,confidence,-1.942312535683527,-2.69717990644318,-1.2923920298178453,True
stanfordnlp_sst2,subgraphx,syntactic,auc_deletion_auc,AUC,-0.14432893164314956,-1.2329191710683156,1.0350107478514263,False
stanfordnlp_sst2,subgraphx,syntactic,auc_insertion_auc,AUC,-0.5739057652764149,-1.5909595844526654,0.32389321109241864,False
stanfordnlp_sst2,subgraphx,syntactic,consistency_preservation_necessity,Consistency,-0.014145040219683762,-0.35176236170535186,0.35432566899924645,False
stanfordnlp_sst2,subgraphx,syntactic,consistency_preservation_sufficiency,Consistency,-0.15431086265498534,-0.3973172367030347,0.2563986224567933,False
stanfordnlp_sst2,subgraphx,syntactic,fidelity_asymmetry,Fidelity,-0.1252363373551757,-0.3435066998214271,0.2695125693190029,False
stanfordnlp_sst2,subgraphx,syntactic,fidelity_minus,Fidelity,-0.1903828469759096,-0.5793996650926908,0.34475977183373224,False
stanfordnlp_sst2,subgraphx,syntactic,fidelity_plus,Fidelity,-0.004451662556362019,-0.5618672638619011,0.27868607661276984,False
stanfordnlp_sst2,subgraphx,syntactic,progression_concentration_top1,Progression,-0.13987468574385342,-0.6339796877841195,0.27341129622472,False
stanfordnlp_sst2,subgraphx,syntactic,progression_concentration_top10,Progression,0.38018391676309354,-0.05917632638979405,0.8988620003521641,False
stanfordnlp_sst2,subgraphx,syntactic,progression_concentration_top3,Progression,-0.33080505571008423,-1.2501288581507612,0.10482205863338324,False
stanfordnlp_sst2,subgraphx,syntactic,progression_concentration_top5,Progression,-0.2998201766208494,-0.9918115005034908,1.047311871273578,False
stanfordnlp_sst2,subgraphx,syntactic,progression_maskout_drop_k1,Progression,-0.14002249959287907,-0.6641092353485434,0.3574342786413068,False
stanfordnlp_sst2,subgraphx,syntactic,progression_maskout_drop_k10,Progression,-0.1903818905672622,-0.5794065672106596,0.34475873007672786,False
stanfordnlp_sst2,subgraphx,syntactic,progression_maskout_drop_k3,Progression,-0.31093427196784984,-1.0071265481573675,0.8516397455473417,False
stanfordnlp_sst2,subgraphx,syntactic,progression_maskout_drop_k5,Progression,0.6962751234584176,-1.1026917937138234,1.6567176221624982,False
stanfordnlp_sst2,subgraphx,syntactic,progression_sufficiency_drop_k1,Progression,-0.01780016080370784,-0.7034918869045447,0.9595442706475957,False
stanfordnlp_sst2,subgraphx,syntactic,progression_sufficiency_drop_k10,Progression,-0.004453876120122357,-0.5618838908771842,0.27868861204366235,False
stanfordnlp_sst2,subgraphx,syntactic,progression_sufficiency_drop_k3,Progression,-0.9709595290306685,-1.8265744264743593,-0.17327130288537373,True
stanfordnlp_sst2,subgraphx,syntactic,progression_sufficiency_drop_k5,Progression,0.14904894617886766,-0.7983023613230714,1.7320752803780592,False
stanfordnlp_sst2,subgraphx,window,prediction_confidence,confidence,-0.20411852993146845,-0.4892589187890838,0.02998627502572263,False
stanfordnlp_sst2,subgraphx,window,consistency_baseline_margin,confidence,-0.20411759317297223,-0.48925947646508644,0.02997790474294634,False
stanfordnlp_sst2,subgraphx,window,auc_origin_entropy,confidence,-1.2142201746927639,-1.998816903050994,-0.3559399872219776,True
stanfordnlp_sst2,subgraphx,window,auc_deletion_auc,AUC,-0.3262238285484432,-1.0104560223525862,0.25814266607737724,False
stanfordnlp_sst2,subgraphx,window,auc_insertion_auc,AUC,0.4298679765053894,-0.7831505085223724,1.4948645613868066,False
stanfordnlp_sst2,subgraphx,window,consistency_preservation_necessity,Consistency,-0.05468102276252615,-0.2741286370360293,0.2225863073353123,False
stanfordnlp_sst2,subgraphx,window,consistency_preservation_sufficiency,Consistency,0.13825492978442105,-0.16301483944687883,0.40707165192802813,False
stanfordnlp_sst2,subgraphx,window,fidelity_asymmetry,Fidelity,0.19913263676598547,-0.15805696675363065,0.44824014855951666,False
stanfordnlp_sst2,subgraphx,window,fidelity_minus,Fidelity,-0.28791164998737007,-0.9465688531334233,0.1809003463014707,False
stanfordnlp_sst2,subgraphx,window,fidelity_plus,Fidelity,-0.31688120139587583,-0.6104137929473133,0.05024095113396128,False
stanfordnlp_sst2,subgraphx,window,progression_concentration_top1,Progression,-0.30147090677187593,-1.1597369011588425,0.22096766581599336,False
stanfordnlp_sst2,subgraphx,window,progression_concentration_top10,Progression,0.22177355173476973,-0.06577515752757686,0.6371828174090229,False
stanfordnlp_sst2,subgraphx,window,progression_concentration_top3,Progression,0.3681097845623486,-0.9297905251099935,1.4192642121791106,False
stanfordnlp_sst2,subgraphx,window,progression_concentration_top5,Progression,0.02612966611713599,-0.84305750204653,1.738172861898062,False
stanfordnlp_sst2,subgraphx,window,progression_maskout_drop_k1,Progression,-0.42518938892553904,-0.850301070677707,0.028534039391433338,False
stanfordnlp_sst2,subgraphx,window,progression_maskout_drop_k10,Progression,-0.2879051172118911,-0.9465342131836387,0.18090024766765925,False
stanfordnlp_sst2,subgraphx,window,progression_maskout_drop_k3,Progression,1.0305037000945607,0.0425810125899077,2.0443718077294957,True
stanfordnlp_sst2,subgraphx,window,progression_maskout_drop_k5,Progression,-0.19003619488821138,-1.1908688061621024,1.0350941273421281,False
stanfordnlp_sst2,subgraphx,window,progression_sufficiency_drop_k1,Progression,0.48114144703585143,-0.1881318571660571,1.37719010538017,False
stanfordnlp_sst2,subgraphx,window,progression_sufficiency_drop_k10,Progression,-0.3168793462224821,-0.6104195167937814,0.050240963405860324,False
stanfordnlp_sst2,subgraphx,window,progression_sufficiency_drop_k3,Progression,0.8618683083603452,-0.5803014003572332,1.8507534894683553,False
stanfordnlp_sst2,subgraphx,window,progression_sufficiency_drop_k5,Progression,-0.042698377730474496,-1.2168426249147417,1.3932777348286678,False
stanfordnlp_sst2,token_shap_llm,tokens,prediction_confidence,confidence,-0.7205042073652924,-1.2070323627905646,-0.2675985210361467,True
stanfordnlp_sst2,token_shap_llm,tokens,consistency_baseline_margin,confidence,-0.7204965936681835,-1.2070293251398505,-0.26759259837929295,True
stanfordnlp_sst2,token_shap_llm,tokens,auc_origin_entropy,confidence,-2.3344752484753406,-3.667994309993093,-1.5143337860108792,True
stanfordnlp_sst2,token_shap_llm,tokens,auc_deletion_auc,AUC,0.6419419533502041,-0.6504872627498937,1.674256193563795,False
stanfordnlp_sst2,token_shap_llm,tokens,auc_insertion_auc,AUC,0.002145791224937798,-1.1326144956666282,0.9882606091771096,False
stanfordnlp_sst2,token_shap_llm,tokens,consistency_preservation_necessity,Consistency,0.01156508687744769,-0.22005083473700315,0.20311133851937602,False
stanfordnlp_sst2,token_shap_llm,tokens,consistency_preservation_sufficiency,Consistency,-0.05232470918106793,-0.23701029205856594,0.12317950696479965,False
stanfordnlp_sst2,token_shap_llm,tokens,fidelity_asymmetry,Fidelity,-0.04725813989828824,-0.14930328256644426,0.06493210747304413,False
stanfordnlp_sst2,token_shap_llm,tokens,fidelity_minus,Fidelity,-0.2879678103300291,-0.4473756190226675,-0.08123113571133378,True
stanfordnlp_sst2,token_shap_llm,tokens,fidelity_plus,Fidelity,-0.1329265597095549,-0.2700334206997998,-0.010282109049169635,True
stanfordnlp_sst2,token_shap_llm,tokens,progression_concentration_top1,Progression,0.4205680733265775,-0.0310106656908116,1.0995361753452788,False
stanfordnlp_sst2,token_shap_llm,tokens,progression_concentration_top10,Progression,-0.1787433618214907,-0.5752909365177349,0.19443239281462593,False
stanfordnlp_sst2,token_shap_llm,tokens,progression_concentration_top3,Progression,-0.3054068421392213,-1.1049517102691493,0.2784180538839962,False
stanfordnlp_sst2,token_shap_llm,tokens,progression_concentration_top5,Progression,0.6605235607683942,-0.16699078735706557,0.8921857789895827,False
stanfordnlp_sst2,token_shap_llm,tokens,progression_maskout_drop_k1,Progression,0.07779998799979125,-0.42980134918641594,0.5010993041578048,False
stanfordnlp_sst2,token_shap_llm,tokens,progression_maskout_drop_k10,Progression,0.456402568515632,-0.21646958304338065,1.1710086012212326,False
stanfordnlp_sst2,token_shap_llm,tokens,progression_maskout_drop_k3,Progression,-0.05765692468880721,-0.9158878162098014,0.6202885876799287,False
stanfordnlp_sst2,token_shap_llm,tokens,progression_maskout_drop_k5,Progression,0.055069960688918916,-0.6230905630588464,0.8727494092108674,False
stanfordnlp_sst2,token_shap_llm,tokens,progression_sufficiency_drop_k1,Progression,0.4481914387533174,0.07848613053844677,0.962667688828999,True
stanfordnlp_sst2,token_shap_llm,tokens,progression_sufficiency_drop_k10,Progression,-0.369709276200718,-0.9510368695811999,0.14612472632773002,False
stanfordnlp_sst2,token_shap_llm,tokens,progression_sufficiency_drop_k3,Progression,-0.05529056474146426,-0.6606533145394113,0.5001372940614427,False
stanfordnlp_sst2,token_shap_llm,tokens,progression_sufficiency_drop_k5,Progression,-0.0008799627330385215,-0.4980167680532093,0.6661741285379181,False
