dataset,method,graph,target,n,n_errors,error_rate,teacher_gold_alignment,feature,auroc_correct,auroc_error_oriented
setfit_ag_news,graphsvx,constituency,teacher_agreement,7600,141,0.018552631578947376,0.9380263157894737,prediction_confidence,0.9806269545382369,0.9806269545382369
setfit_ag_news,graphsvx,constituency,teacher_agreement,7600,141,0.018552631578947376,0.9380263157894737,consistency_baseline_margin,0.9804253797830028,0.9804253797830028
setfit_ag_news,graphsvx,constituency,teacher_agreement,7600,141,0.018552631578947376,0.9380263157894737,auc_origin_entropy,0.020559674209555977,0.979440325790444
setfit_ag_news,graphsvx,constituency,teacher_agreement,7600,141,0.018552631578947376,0.9380263157894737,auc_deletion_auc,0.9773513647656836,0.9773513647656836
setfit_ag_news,graphsvx,constituency,teacher_agreement,7600,141,0.018552631578947376,0.9380263157894737,auc_insertion_auc,0.7764326783104613,0.7764326783104613
setfit_ag_news,graphsvx,constituency,teacher_agreement,7600,141,0.018552631578947376,0.9380263157894737,fidelity_minus,0.11678404592861785,0.8832159540713822
setfit_ag_news,graphsvx,constituency,teacher_agreement,7600,141,0.018552631578947376,0.9380263157894737,fidelity_plus,0.4897610483408591,0.5102389516591409
setfit_ag_news,graphsvx,constituency,teacher_agreement,7600,141,0.018552631578947376,0.9380263157894737,fidelity_asymmetry,0.23812444198497887,0.7618755580150212
setfit_ag_news,graphsvx,constituency,teacher_agreement,7600,141,0.018552631578947376,0.9380263157894737,consistency_preservation_necessity,0.96933876824513,0.96933876824513
setfit_ag_news,graphsvx,constituency,teacher_agreement,7600,141,0.018552631578947376,0.9380263157894737,consistency_preservation_sufficiency,0.8957107364229419,0.8957107364229419
setfit_ag_news,graphsvx,constituency,teacher_agreement,7600,141,0.018552631578947376,0.9380263157894737,progression_maskout_drop_k5,0.10362701444016889,0.8963729855598311
setfit_ag_news,graphsvx,constituency,teacher_agreement,7600,141,0.018552631578947376,0.9380263157894737,progression_sufficiency_drop_k5,0.6821945785899086,0.6821945785899086
setfit_ag_news,graphsvx,constituency,gold_label,7600,496,0.0652631578947368,0.9380263157894737,prediction_confidence,0.843718497983871,0.843718497983871
setfit_ag_news,graphsvx,constituency,gold_label,7600,496,0.0652631578947368,0.9380263157894737,consistency_baseline_margin,0.8468196018599244,0.8468196018599244
setfit_ag_news,graphsvx,constituency,gold_label,7600,496,0.0652631578947368,0.9380263157894737,auc_origin_entropy,0.15751689189189189,0.8424831081081081
setfit_ag_news,graphsvx,constituency,gold_label,7600,496,0.0652631578947368,0.9380263157894737,auc_deletion_auc,0.8270550666594013,0.8270550666594013
setfit_ag_news,graphsvx,constituency,gold_label,7600,496,0.0652631578947368,0.9380263157894737,auc_insertion_auc,0.7009300757410637,0.7009300757410637
setfit_ag_news,graphsvx,constituency,gold_label,7600,496,0.0652631578947368,0.9380263157894737,fidelity_minus,0.21154214004831445,0.7884578599516856
setfit_ag_news,graphsvx,constituency,gold_label,7600,496,0.0652631578947368,0.9380263157894737,fidelity_plus,0.39774871267436795,0.602251287325632
setfit_ag_news,graphsvx,constituency,gold_label,7600,496,0.0652631578947368,0.9380263157894737,fidelity_asymmetry,0.46866627842560304,0.531333721574397
setfit_ag_news,graphsvx,constituency,gold_label,7600,496,0.0652631578947368,0.9380263157894737,consistency_preservation_necessity,0.8203613139349026,0.8203613139349026
setfit_ag_news,graphsvx,constituency,gold_label,7600,496,0.0652631578947368,0.9380263157894737,consistency_preservation_sufficiency,0.77516585385789,0.77516585385789
setfit_ag_news,graphsvx,constituency,gold_label,7600,496,0.0652631578947368,0.9380263157894737,progression_maskout_drop_k5,0.19744541353349315,0.8025545864665069
setfit_ag_news,graphsvx,constituency,gold_label,7600,496,0.0652631578947368,0.9380263157894737,progression_sufficiency_drop_k5,0.5096560774484161,0.5096560774484161
setfit_ag_news,graphsvx,skipgrams,teacher_agreement,7600,144,0.0189473684210526,0.9380263157894737,prediction_confidence,0.9858447335479257,0.9858447335479257
setfit_ag_news,graphsvx,skipgrams,teacher_agreement,7600,144,0.0189473684210526,0.9380263157894737,consistency_baseline_margin,0.9857245842274679,0.9857245842274679
setfit_ag_news,graphsvx,skipgrams,teacher_agreement,7600,144,0.0189473684210526,0.9380263157894737,auc_origin_entropy,0.015626862780162138,0.9843731372198379
setfit_ag_news,graphsvx,skipgrams,teacher_agreement,7600,144,0.0189473684210526,0.9380263157894737,auc_deletion_auc,0.985247712505961,0.985247712505961
setfit_ag_news,graphsvx,skipgrams,teacher_agreement,7600,144,0.0189473684210526,0.9380263157894737,auc_insertion_auc,0.9578499418812589,0.9578499418812589
setfit_ag_news,graphsvx,skipgrams,teacher_agreement,7600,144,0.0189473684210526,0.9380263157894737,fidelity_minus,0.10533835538865044,0.8946616446113496
setfit_ag_news,graphsvx,skipgrams,teacher_agreement,7600,144,0.0189473684210526,0.9380263157894737,fidelity_plus,0.5970629545183596,0.5970629545183596
setfit_ag_news,graphsvx,skipgrams,teacher_agreement,7600,144,0.0189473684210526,0.9380263157894737,fidelity_asymmetry,0.2629090665236052,0.7370909334763949
setfit_ag_news,graphsvx,skipgrams,teacher_agreement,7600,144,0.0189473684210526,0.9380263157894737,consistency_preservation_necessity,0.9846274067119696,0.9846274067119696
setfit_ag_news,graphsvx,skipgrams,teacher_agreement,7600,144,0.0189473684210526,0.9380263157894737,consistency_preservation_sufficiency,0.980003986349547,0.980003986349547
setfit_ag_news,graphsvx,skipgrams,teacher_agreement,7600,144,0.0189473684210526,0.9380263157894737,progression_maskout_drop_k5,0.10854187157248453,0.8914581284275155
setfit_ag_news,graphsvx,skipgrams,teacher_agreement,7600,144,0.0189473684210526,0.9380263157894737,progression_sufficiency_drop_k5,0.7759997541130186,0.7759997541130186
setfit_ag_news,graphsvx,skipgrams,gold_label,7600,478,0.06289473684210523,0.9380263157894737,prediction_confidence,0.8540978569556998,0.8540978569556998
setfit_ag_news,graphsvx,skipgrams,gold_label,7600,478,0.06289473684210523,0.9380263157894737,consistency_baseline_margin,0.8549890785696744,0.8549890785696744
setfit_ag_news,graphsvx,skipgrams,gold_label,7600,478,0.06289473684210523,0.9380263157894737,auc_origin_entropy,0.14607222126265598,0.853927778737344
setfit_ag_news,graphsvx,skipgrams,gold_label,7600,478,0.06289473684210523,0.9380263157894737,auc_deletion_auc,0.8537114357186584,0.8537114357186584
setfit_ag_news,graphsvx,skipgrams,gold_label,7600,478,0.06289473684210523,0.9380263157894737,auc_insertion_auc,0.7692323509333446,0.7692323509333446
setfit_ag_news,graphsvx,skipgrams,gold_label,7600,478,0.06289473684210523,0.9380263157894737,fidelity_minus,0.16534275901532056,0.8346572409846794
setfit_ag_news,graphsvx,skipgrams,gold_label,7600,478,0.06289473684210523,0.9380263157894737,fidelity_plus,0.357400282464965,0.642599717535035
setfit_ag_news,graphsvx,skipgrams,gold_label,7600,478,0.06289473684210523,0.9380263157894737,fidelity_asymmetry,0.5549389363384598,0.5549389363384598
setfit_ag_news,graphsvx,skipgrams,gold_label,7600,478,0.06289473684210523,0.9380263157894737,consistency_preservation_necessity,0.8534422186424527,0.8534422186424527
setfit_ag_news,graphsvx,skipgrams,gold_label,7600,478,0.06289473684210523,0.9380263157894737,consistency_preservation_sufficiency,0.811751318032756,0.811751318032756
setfit_ag_news,graphsvx,skipgrams,gold_label,7600,478,0.06289473684210523,0.9380263157894737,progression_maskout_drop_k5,0.15724612521281808,0.8427538747871819
setfit_ag_news,graphsvx,skipgrams,gold_label,7600,478,0.06289473684210523,0.9380263157894737,progression_sufficiency_drop_k5,0.5334930717359964,0.5334930717359964
setfit_ag_news,graphsvx,syntactic,teacher_agreement,7600,141,0.018552631578947376,0.9380263157894737,prediction_confidence,0.9768750017827956,0.9768750017827956
setfit_ag_news,graphsvx,syntactic,teacher_agreement,7600,141,0.018552631578947376,0.9380263157894737,consistency_baseline_margin,0.976918739701384,0.976918739701384
setfit_ag_news,graphsvx,syntactic,teacher_agreement,7600,141,0.018552631578947376,0.9380263157894737,auc_origin_entropy,0.0236441482943638,0.9763558517056362
setfit_ag_news,graphsvx,syntactic,teacher_agreement,7600,141,0.018552631578947376,0.9380263157894737,auc_deletion_auc,0.9693349649478616,0.9693349649478616
setfit_ag_news,graphsvx,syntactic,teacher_agreement,7600,141,0.018552631578947376,0.9380263157894737,auc_insertion_auc,0.9662723598223479,0.9662723598223479
setfit_ag_news,graphsvx,syntactic,teacher_agreement,7600,141,0.018552631578947376,0.9380263157894737,fidelity_minus,0.3018743599763815,0.6981256400236184
setfit_ag_news,graphsvx,syntactic,teacher_agreement,7600,141,0.018552631578947376,0.9380263157894737,fidelity_plus,0.308525376074788,0.691474623925212
setfit_ag_news,graphsvx,syntactic,teacher_agreement,7600,141,0.018552631578947376,0.9380263157894737,fidelity_asymmetry,0.38539857129138105,0.614601428708619
setfit_ag_news,graphsvx,syntactic,teacher_agreement,7600,141,0.018552631578947376,0.9380263157894737,consistency_preservation_necessity,0.9660479652835026,0.9660479652835026
setfit_ag_news,graphsvx,syntactic,teacher_agreement,7600,141,0.018552631578947376,0.9380263157894737,consistency_preservation_sufficiency,0.9742868579915358,0.9742868579915358
setfit_ag_news,graphsvx,syntactic,teacher_agreement,7600,141,0.018552631578947376,0.9380263157894737,progression_maskout_drop_k5,0.1952983639165975,0.8047016360834025
setfit_ag_news,graphsvx,syntactic,teacher_agreement,7600,141,0.018552631578947376,0.9380263157894737,progression_sufficiency_drop_k5,0.33658800497090946,0.6634119950290905
setfit_ag_news,graphsvx,syntactic,gold_label,7600,484,0.06368421052631579,0.9380263157894737,prediction_confidence,0.8632645731421219,0.8632645731421219
setfit_ag_news,graphsvx,syntactic,gold_label,7600,484,0.06368421052631579,0.9380263157894737,consistency_baseline_margin,0.8640474962719329,0.8640474962719329
setfit_ag_news,graphsvx,syntactic,gold_label,7600,484,0.06368421052631579,0.9380263157894737,auc_origin_entropy,0.13687464867903315,0.8631253513209669
setfit_ag_news,graphsvx,syntactic,gold_label,7600,484,0.06368421052631579,0.9380263157894737,auc_deletion_auc,0.8483466428813662,0.8483466428813662
setfit_ag_news,graphsvx,syntactic,gold_label,7600,484,0.06368421052631579,0.9380263157894737,auc_insertion_auc,0.8147211614845372,0.8147211614845372
setfit_ag_news,graphsvx,syntactic,gold_label,7600,484,0.06368421052631579,0.9380263157894737,fidelity_minus,0.25183586981264433,0.7481641301873556
setfit_ag_news,graphsvx,syntactic,gold_label,7600,484,0.06368421052631579,0.9380263157894737,fidelity_plus,0.26940801546044535,0.7305919845395547
setfit_ag_news,graphsvx,syntactic,gold_label,7600,484,0.06368421052631579,0.9380263157894737,fidelity_asymmetry,0.31109790995963005,0.68890209004037
setfit_ag_news,graphsvx,syntactic,gold_label,7600,484,0.06368421052631579,0.9380263157894737,consistency_preservation_necessity,0.8424874221286914,0.8424874221286914
setfit_ag_news,graphsvx,syntactic,gold_label,7600,484,0.06368421052631579,0.9380263157894737,consistency_preservation_sufficiency,0.8387338043937769,0.8387338043937769
setfit_ag_news,graphsvx,syntactic,gold_label,7600,484,0.06368421052631579,0.9380263157894737,progression_maskout_drop_k5,0.1936161786499055,0.8063838213500945
setfit_ag_news,graphsvx,syntactic,gold_label,7600,484,0.06368421052631579,0.9380263157894737,progression_sufficiency_drop_k5,0.32633623913518134,0.6736637608648186
setfit_ag_news,graphsvx,window,teacher_agreement,7600,136,0.017894736842105297,0.9380263157894737,prediction_confidence,0.9833356976231008,0.9833356976231008
setfit_ag_news,graphsvx,window,teacher_agreement,7600,136,0.017894736842105297,0.9380263157894737,consistency_baseline_margin,0.983341608347519,0.983341608347519
setfit_ag_news,graphsvx,window,teacher_agreement,7600,136,0.017894736842105297,0.9380263157894737,auc_origin_entropy,0.01784841750204905,0.982151582497951
setfit_ag_news,graphsvx,window,teacher_agreement,7600,136,0.017894736842105297,0.9380263157894737,auc_deletion_auc,0.9831101049744657,0.9831101049744657
setfit_ag_news,graphsvx,window,teacher_agreement,7600,136,0.017894736842105297,0.9380263157894737,auc_insertion_auc,0.9223843074207174,0.9223843074207174
setfit_ag_news,graphsvx,window,teacher_agreement,7600,136,0.017894736842105297,0.9380263157894737,fidelity_minus,0.06602870247777565,0.9339712975222243
setfit_ag_news,graphsvx,window,teacher_agreement,7600,136,0.017894736842105297,0.9380263157894737,fidelity_plus,0.60243482441208,0.60243482441208
setfit_ag_news,graphsvx,window,teacher_agreement,7600,136,0.017894736842105297,0.9380263157894737,fidelity_asymmetry,0.22742595832545237,0.7725740416745477
setfit_ag_news,graphsvx,window,teacher_agreement,7600,136,0.017894736842105297,0.9380263157894737,consistency_preservation_necessity,0.9827682680789358,0.9827682680789358
setfit_ag_news,graphsvx,window,teacher_agreement,7600,136,0.017894736842105297,0.9380263157894737,consistency_preservation_sufficiency,0.9757029821574932,0.9757029821574932
setfit_ag_news,graphsvx,window,teacher_agreement,7600,136,0.017894736842105297,0.9380263157894737,progression_maskout_drop_k5,0.07526864242481561,0.9247313575751844
setfit_ag_news,graphsvx,window,teacher_agreement,7600,136,0.017894736842105297,0.9380263157894737,progression_sufficiency_drop_k5,0.7804963826366559,0.7804963826366559
setfit_ag_news,graphsvx,window,gold_label,7600,478,0.06289473684210523,0.9380263157894737,prediction_confidence,0.8541135723005737,0.8541135723005737
setfit_ag_news,graphsvx,window,gold_label,7600,478,0.06289473684210523,0.9380263157894737,consistency_baseline_margin,0.8550472400329464,0.8550472400329464
setfit_ag_news,graphsvx,window,gold_label,7600,478,0.06289473684210523,0.9380263157894737,auc_origin_entropy,0.14626374284878374,0.8537362571512163
setfit_ag_news,graphsvx,window,gold_label,7600,478,0.06289473684210523,0.9380263157894737,auc_deletion_auc,0.8535234390696986,0.8535234390696986
setfit_ag_news,graphsvx,window,gold_label,7600,478,0.06289473684210523,0.9380263157894737,auc_insertion_auc,0.7648549664602228,0.7648549664602228
setfit_ag_news,graphsvx,window,gold_label,7600,478,0.06289473684210523,0.9380263157894737,fidelity_minus,0.15823252013032868,0.8417674798696713
setfit_ag_news,graphsvx,window,gold_label,7600,478,0.06289473684210523,0.9380263157894737,fidelity_plus,0.3818026881170843,0.6181973118829157
setfit_ag_news,graphsvx,window,gold_label,7600,478,0.06289473684210523,0.9380263157894737,fidelity_asymmetry,0.5160775321679891,0.5160775321679891
setfit_ag_news,graphsvx,window,gold_label,7600,478,0.06289473684210523,0.9380263157894737,consistency_preservation_necessity,0.8533247207368528,0.8533247207368528
setfit_ag_news,graphsvx,window,gold_label,7600,478,0.06289473684210523,0.9380263157894737,consistency_preservation_sufficiency,0.8068037749727112,0.8068037749727112
setfit_ag_news,graphsvx,window,gold_label,7600,478,0.06289473684210523,0.9380263157894737,progression_maskout_drop_k5,0.1558127976368821,0.8441872023631178
setfit_ag_news,graphsvx,window,gold_label,7600,478,0.06289473684210523,0.9380263157894737,progression_sufficiency_drop_k5,0.5332425074523046,0.5332425074523046
setfit_ag_news,subgraphx,constituency,teacher_agreement,7600,141,0.018552631578947376,0.9380263157894737,prediction_confidence,0.9806269545382369,0.9806269545382369
setfit_ag_news,subgraphx,constituency,teacher_agreement,7600,141,0.018552631578947376,0.9380263157894737,consistency_baseline_margin,0.9804253797830028,0.9804253797830028
setfit_ag_news,subgraphx,constituency,teacher_agreement,7600,141,0.018552631578947376,0.9380263157894737,auc_origin_entropy,0.020559674209555977,0.979440325790444
setfit_ag_news,subgraphx,constituency,teacher_agreement,7600,141,0.018552631578947376,0.9380263157894737,auc_deletion_auc,0.980064066542489,0.980064066542489
setfit_ag_news,subgraphx,constituency,teacher_agreement,7600,141,0.018552631578947376,0.9380263157894737,auc_insertion_auc,0.6219037594642676,0.6219037594642676
setfit_ag_news,subgraphx,constituency,teacher_agreement,7600,141,0.018552631578947376,0.9380263157894737,fidelity_minus,0.3073634687592408,0.6926365312407592
setfit_ag_news,subgraphx,constituency,teacher_agreement,7600,141,0.018552631578947376,0.9380263157894737,fidelity_plus,0.66133634554477,0.66133634554477
setfit_ag_news,subgraphx,constituency,teacher_agreement,7600,141,0.018552631578947376,0.9380263157894737,fidelity_asymmetry,0.27006738491935584,0.7299326150806442
setfit_ag_news,subgraphx,constituency,teacher_agreement,7600,141,0.018552631578947376,0.9380263157894737,consistency_preservation_necessity,0.9785199278514507,0.9785199278514507
setfit_ag_news,subgraphx,constituency,teacher_agreement,7600,141,0.018552631578947376,0.9380263157894737,consistency_preservation_sufficiency,0.7768006473211951,0.7768006473211951
setfit_ag_news,subgraphx,constituency,teacher_agreement,7600,141,0.018552631578947376,0.9380263157894737,progression_maskout_drop_k5,0.30917573990771297,0.690824260092287
setfit_ag_news,subgraphx,constituency,teacher_agreement,7600,141,0.018552631578947376,0.9380263157894737,progression_sufficiency_drop_k5,0.8496632655680841,0.8496632655680841
setfit_ag_news,subgraphx,constituency,gold_label,7600,496,0.0652631578947368,0.9380263157894737,prediction_confidence,0.8437186398848445,0.8437186398848445
setfit_ag_news,subgraphx,constituency,gold_label,7600,496,0.0652631578947368,0.9380263157894737,consistency_baseline_margin,0.8468196018599244,0.8468196018599244
setfit_ag_news,subgraphx,constituency,gold_label,7600,496,0.0652631578947368,0.9380263157894737,auc_origin_entropy,0.15751689189189189,0.8424831081081081
setfit_ag_news,subgraphx,constituency,gold_label,7600,496,0.0652631578947368,0.9380263157894737,auc_deletion_auc,0.8483092782802965,0.8483092782802965
setfit_ag_news,subgraphx,constituency,gold_label,7600,496,0.0652631578947368,0.9380263157894737,auc_insertion_auc,0.5913132764821274,0.5913132764821274
setfit_ag_news,subgraphx,constituency,gold_label,7600,496,0.0652631578947368,0.9380263157894737,fidelity_minus,0.26447943344049696,0.735520566559503
setfit_ag_news,subgraphx,constituency,gold_label,7600,496,0.0652631578947368,0.9380263157894737,fidelity_plus,0.5004160536544608,0.5004160536544608
setfit_ag_news,subgraphx,constituency,gold_label,7600,496,0.0652631578947368,0.9380263157894737,fidelity_asymmetry,0.4592837860541994,0.5407162139458006
setfit_ag_news,subgraphx,constituency,gold_label,7600,496,0.0652631578947368,0.9380263157894737,consistency_preservation_necessity,0.8484449356110142,0.8484449356110142
setfit_ag_news,subgraphx,constituency,gold_label,7600,496,0.0652631578947368,0.9380263157894737,consistency_preservation_sufficiency,0.6666785863484452,0.6666785863484452
setfit_ag_news,subgraphx,constituency,gold_label,7600,496,0.0652631578947368,0.9380263157894737,progression_maskout_drop_k5,0.25645564289087475,0.7435443571091253
setfit_ag_news,subgraphx,constituency,gold_label,7600,496,0.0652631578947368,0.9380263157894737,progression_sufficiency_drop_k5,0.6107647781349897,0.6107647781349897
setfit_ag_news,subgraphx,skipgrams,teacher_agreement,7600,144,0.0189473684210526,0.9380263157894737,prediction_confidence,0.9858447335479257,0.9858447335479257
setfit_ag_news,subgraphx,skipgrams,teacher_agreement,7600,144,0.0189473684210526,0.9380263157894737,consistency_baseline_margin,0.9857245842274679,0.9857245842274679
setfit_ag_news,subgraphx,skipgrams,teacher_agreement,7600,144,0.0189473684210526,0.9380263157894737,auc_origin_entropy,0.015626862780162138,0.9843731372198379
setfit_ag_news,subgraphx,skipgrams,teacher_agreement,7600,144,0.0189473684210526,0.9380263157894737,auc_deletion_auc,0.9856230627086313,0.9856230627086313
setfit_ag_news,subgraphx,skipgrams,teacher_agreement,7600,144,0.0189473684210526,0.9380263157894737,auc_insertion_auc,0.9266316091440154,0.9266316091440154
setfit_ag_news,subgraphx,skipgrams,teacher_agreement,7600,144,0.0189473684210526,0.9380263157894737,fidelity_minus,0.1739044989866476,0.8260955010133524
setfit_ag_news,subgraphx,skipgrams,teacher_agreement,7600,144,0.0189473684210526,0.9380263157894737,fidelity_plus,0.8614855299237005,0.8614855299237005
setfit_ag_news,subgraphx,skipgrams,teacher_agreement,7600,144,0.0189473684210526,0.9380263157894737,fidelity_asymmetry,0.09857739479017644,0.9014226052098235
setfit_ag_news,subgraphx,skipgrams,teacher_agreement,7600,144,0.0189473684210526,0.9380263157894737,consistency_preservation_necessity,0.9855513456723892,0.9855513456723892
setfit_ag_news,subgraphx,skipgrams,teacher_agreement,7600,144,0.0189473684210526,0.9380263157894737,consistency_preservation_sufficiency,0.9676621363853123,0.9676621363853123
setfit_ag_news,subgraphx,skipgrams,teacher_agreement,7600,144,0.0189473684210526,0.9380263157894737,progression_maskout_drop_k5,0.1484160780281354,0.8515839219718646
setfit_ag_news,subgraphx,skipgrams,teacher_agreement,7600,144,0.0189473684210526,0.9380263157894737,progression_sufficiency_drop_k5,0.9462075658679066,0.9462075658679066
setfit_ag_news,subgraphx,skipgrams,gold_label,7600,478,0.06289473684210523,0.9380263157894737,prediction_confidence,0.8540978569556998,0.8540978569556998
setfit_ag_news,subgraphx,skipgrams,gold_label,7600,478,0.06289473684210523,0.9380263157894737,consistency_baseline_margin,0.8549890785696744,0.8549890785696744
setfit_ag_news,subgraphx,skipgrams,gold_label,7600,478,0.06289473684210523,0.9380263157894737,auc_origin_entropy,0.14607222126265598,0.853927778737344
setfit_ag_news,subgraphx,skipgrams,gold_label,7600,478,0.06289473684210523,0.9380263157894737,auc_deletion_auc,0.8499923332616597,0.8499923332616597
setfit_ag_news,subgraphx,skipgrams,gold_label,7600,478,0.06289473684210523,0.9380263157894737,auc_insertion_auc,0.7616343488677313,0.7616343488677313
setfit_ag_news,subgraphx,skipgrams,gold_label,7600,478,0.06289473684210523,0.9380263157894737,fidelity_minus,0.19086227600493022,0.8091377239950698
setfit_ag_news,subgraphx,skipgrams,gold_label,7600,478,0.06289473684210523,0.9380263157894737,fidelity_plus,0.47653214331454546,0.5234678566854545
setfit_ag_news,subgraphx,skipgrams,gold_label,7600,478,0.06289473684210523,0.9380263157894737,fidelity_asymmetry,0.4660867263791023,0.5339132736208977
setfit_ag_news,subgraphx,skipgrams,gold_label,7600,478,0.06289473684210523,0.9380263157894737,consistency_preservation_necessity,0.8491250518459509,0.8491250518459509
setfit_ag_news,subgraphx,skipgrams,gold_label,7600,478,0.06289473684210523,0.9380263157894737,consistency_preservation_sufficiency,0.8256915632978842,0.8256915632978842
setfit_ag_news,subgraphx,skipgrams,gold_label,7600,478,0.06289473684210523,0.9380263157894737,progression_maskout_drop_k5,0.17218877448509481,0.8278112255149052
setfit_ag_news,subgraphx,skipgrams,gold_label,7600,478,0.06289473684210523,0.9380263157894737,progression_sufficiency_drop_k5,0.6569689770279844,0.6569689770279844
setfit_ag_news,subgraphx,syntactic,teacher_agreement,7600,141,0.018552631578947376,0.9380263157894737,prediction_confidence,0.9768750017827956,0.9768750017827956
setfit_ag_news,subgraphx,syntactic,teacher_agreement,7600,141,0.018552631578947376,0.9380263157894737,consistency_baseline_margin,0.976918739701384,0.976918739701384
setfit_ag_news,subgraphx,syntactic,teacher_agreement,7600,141,0.018552631578947376,0.9380263157894737,auc_origin_entropy,0.0236441482943638,0.9763558517056362
setfit_ag_news,subgraphx,syntactic,teacher_agreement,7600,141,0.018552631578947376,0.9380263157894737,auc_deletion_auc,0.9757549307372027,0.9757549307372027
setfit_ag_news,subgraphx,syntactic,teacher_agreement,7600,141,0.018552631578947376,0.9380263157894737,auc_insertion_auc,0.8378996671164065,0.8378996671164065
setfit_ag_news,subgraphx,syntactic,teacher_agreement,7600,141,0.018552631578947376,0.9380263157894737,fidelity_minus,0.207949556868327,0.792050443131673
setfit_ag_news,subgraphx,syntactic,teacher_agreement,7600,141,0.018552631578947376,0.9380263157894737,fidelity_plus,0.4033444294531144,0.5966555705468857
setfit_ag_news,subgraphx,syntactic,teacher_agreement,7600,141,0.018552631578947376,0.9380263157894737,fidelity_asymmetry,0.4479632867714666,0.5520367132285334
setfit_ag_news,subgraphx,syntactic,teacher_agreement,7600,141,0.018552631578947376,0.9380263157894737,consistency_preservation_necessity,0.9756474875893657,0.9756474875893657
setfit_ag_news,subgraphx,syntactic,teacher_agreement,7600,141,0.018552631578947376,0.9380263157894737,consistency_preservation_sufficiency,0.9220314551700597,0.9220314551700597
setfit_ag_news,subgraphx,syntactic,teacher_agreement,7600,141,0.018552631578947376,0.9380263157894737,progression_maskout_drop_k5,0.1629380091069953,0.8370619908930047
setfit_ag_news,subgraphx,syntactic,teacher_agreement,7600,141,0.018552631578947376,0.9380263157894737,progression_sufficiency_drop_k5,0.5703747864210877,0.5703747864210877
setfit_ag_news,subgraphx,syntactic,gold_label,7600,484,0.06368421052631579,0.9380263157894737,prediction_confidence,0.8632645731421219,0.8632645731421219
setfit_ag_news,subgraphx,syntactic,gold_label,7600,484,0.06368421052631579,0.9380263157894737,consistency_baseline_margin,0.8640474962719329,0.8640474962719329
setfit_ag_news,subgraphx,syntactic,gold_label,7600,484,0.06368421052631579,0.9380263157894737,auc_origin_entropy,0.13687464867903315,0.8631253513209669
setfit_ag_news,subgraphx,syntactic,gold_label,7600,484,0.06368421052631579,0.9380263157894737,auc_deletion_auc,0.8498311917271751,0.8498311917271751
setfit_ag_news,subgraphx,syntactic,gold_label,7600,484,0.06368421052631579,0.9380263157894737,auc_insertion_auc,0.7087729200637372,0.7087729200637372
setfit_ag_news,subgraphx,syntactic,gold_label,7600,484,0.06368421052631579,0.9380263157894737,fidelity_minus,0.2295828803905992,0.7704171196094007
setfit_ag_news,subgraphx,syntactic,gold_label,7600,484,0.06368421052631579,0.9380263157894737,fidelity_plus,0.3598303381043301,0.6401696618956698
setfit_ag_news,subgraphx,syntactic,gold_label,7600,484,0.06368421052631579,0.9380263157894737,fidelity_asymmetry,0.5007704381698327,0.5007704381698327
setfit_ag_news,subgraphx,syntactic,gold_label,7600,484,0.06368421052631579,0.9380263157894737,consistency_preservation_necessity,0.8460807678192317,0.8460807678192317
setfit_ag_news,subgraphx,syntactic,gold_label,7600,484,0.06368421052631579,0.9380263157894737,consistency_preservation_sufficiency,0.7672907985264262,0.7672907985264262
setfit_ag_news,subgraphx,syntactic,gold_label,7600,484,0.06368421052631579,0.9380263157894737,progression_maskout_drop_k5,0.2072244946785036,0.7927755053214964
setfit_ag_news,subgraphx,syntactic,gold_label,7600,484,0.06368421052631579,0.9380263157894737,progression_sufficiency_drop_k5,0.46456187662304477,0.5354381233769552
setfit_ag_news,subgraphx,window,teacher_agreement,7600,136,0.017894736842105297,0.9380263157894737,prediction_confidence,0.9833356976231008,0.9833356976231008
setfit_ag_news,subgraphx,window,teacher_agreement,7600,136,0.017894736842105297,0.9380263157894737,consistency_baseline_margin,0.983341608347519,0.983341608347519
setfit_ag_news,subgraphx,window,teacher_agreement,7600,136,0.017894736842105297,0.9380263157894737,auc_origin_entropy,0.01784841750204905,0.982151582497951
setfit_ag_news,subgraphx,window,teacher_agreement,7600,136,0.017894736842105297,0.9380263157894737,auc_deletion_auc,0.9834076114368577,0.9834076114368577
setfit_ag_news,subgraphx,window,teacher_agreement,7600,136,0.017894736842105297,0.9380263157894737,auc_insertion_auc,0.8688912663135995,0.8688912663135995
setfit_ag_news,subgraphx,window,teacher_agreement,7600,136,0.017894736842105297,0.9380263157894737,fidelity_minus,0.11963897295252504,0.880361027047475
setfit_ag_news,subgraphx,window,teacher_agreement,7600,136,0.017894736842105297,0.9380263157894737,fidelity_plus,0.7077107370279303,0.7077107370279303
setfit_ag_news,subgraphx,window,teacher_agreement,7600,136,0.017894736842105297,0.9380263157894737,fidelity_asymmetry,0.21549516108694283,0.7845048389130571
setfit_ag_news,subgraphx,window,teacher_agreement,7600,136,0.017894736842105297,0.9380263157894737,consistency_preservation_necessity,0.9831997509614779,0.9831997509614779
setfit_ag_news,subgraphx,window,teacher_agreement,7600,136,0.017894736842105297,0.9380263157894737,consistency_preservation_sufficiency,0.949479068154593,0.949479068154593
setfit_ag_news,subgraphx,window,teacher_agreement,7600,136,0.017894736842105297,0.9380263157894737,progression_maskout_drop_k5,0.09645612666288382,0.9035438733371162
setfit_ag_news,subgraphx,window,teacher_agreement,7600,136,0.017894736842105297,0.9380263157894737,progression_sufficiency_drop_k5,0.8605581300044134,0.8605581300044134
setfit_ag_news,subgraphx,window,gold_label,7600,478,0.06289473684210523,0.9380263157894737,prediction_confidence,0.8541135723005737,0.8541135723005737
setfit_ag_news,subgraphx,window,gold_label,7600,478,0.06289473684210523,0.9380263157894737,consistency_baseline_margin,0.8550472400329464,0.8550472400329464
setfit_ag_news,subgraphx,window,gold_label,7600,478,0.06289473684210523,0.9380263157894737,auc_origin_entropy,0.14626374284878374,0.8537362571512163
setfit_ag_news,subgraphx,window,gold_label,7600,478,0.06289473684210523,0.9380263157894737,auc_deletion_auc,0.8558684035207071,0.8558684035207071
setfit_ag_news,subgraphx,window,gold_label,7600,478,0.06289473684210523,0.9380263157894737,auc_insertion_auc,0.7524648123147204,0.7524648123147204
setfit_ag_news,subgraphx,window,gold_label,7600,478,0.06289473684210523,0.9380263157894737,fidelity_minus,0.1677137198779432,0.8322862801220567
setfit_ag_news,subgraphx,window,gold_label,7600,478,0.06289473684210523,0.9380263157894737,fidelity_plus,0.41573549576478797,0.584264504235212
setfit_ag_news,subgraphx,window,gold_label,7600,478,0.06289473684210523,0.9380263157894737,fidelity_asymmetry,0.5244966977213631,0.5244966977213631
setfit_ag_news,subgraphx,window,gold_label,7600,478,0.06289473684210523,0.9380263157894737,consistency_preservation_necessity,0.855962548717569,0.855962548717569
setfit_ag_news,subgraphx,window,gold_label,7600,478,0.06289473684210523,0.9380263157894737,consistency_preservation_sufficiency,0.7922804463510438,0.7922804463510438
setfit_ag_news,subgraphx,window,gold_label,7600,478,0.06289473684210523,0.9380263157894737,progression_maskout_drop_k5,0.15592339254052795,0.8440766074594721
setfit_ag_news,subgraphx,window,gold_label,7600,478,0.06289473684210523,0.9380263157894737,progression_sufficiency_drop_k5,0.5623696507609751,0.5623696507609751
setfit_ag_news,token_shap_llm,tokens,teacher_agreement,7600,471,0.06197368421052629,1.0,prediction_confidence,0.8890907596405817,0.8890907596405817
setfit_ag_news,token_shap_llm,tokens,teacher_agreement,7600,471,0.06197368421052629,1.0,consistency_baseline_margin,0.8887490138512026,0.8887490138512026
setfit_ag_news,token_shap_llm,tokens,teacher_agreement,7600,471,0.06197368421052629,1.0,auc_origin_entropy,0.11051448302275414,0.8894855169772459
setfit_ag_news,token_shap_llm,tokens,teacher_agreement,7600,471,0.06197368421052629,1.0,auc_deletion_auc,0.8793668634348087,0.8793668634348087
setfit_ag_news,token_shap_llm,tokens,teacher_agreement,7600,471,0.06197368421052629,1.0,auc_insertion_auc,0.6406898172263107,0.6406898172263107
setfit_ag_news,token_shap_llm,tokens,teacher_agreement,7600,471,0.06197368421052629,1.0,fidelity_minus,0.47211488376622623,0.5278851162337738
setfit_ag_news,token_shap_llm,tokens,teacher_agreement,7600,471,0.06197368421052629,1.0,fidelity_plus,0.482580792725148,0.517419207274852
setfit_ag_news,token_shap_llm,tokens,teacher_agreement,7600,471,0.06197368421052629,1.0,fidelity_asymmetry,0.48353023549337515,0.5164697645066249
setfit_ag_news,token_shap_llm,tokens,teacher_agreement,7600,471,0.06197368421052629,1.0,consistency_preservation_necessity,0.8600667885932255,0.8600667885932255
setfit_ag_news,token_shap_llm,tokens,teacher_agreement,7600,471,0.06197368421052629,1.0,consistency_preservation_sufficiency,0.6947300267827441,0.6947300267827441
setfit_ag_news,token_shap_llm,tokens,teacher_agreement,7600,471,0.06197368421052629,1.0,progression_maskout_drop_k5,0.4907992205515643,0.5092007794484357
setfit_ag_news,token_shap_llm,tokens,teacher_agreement,7600,471,0.06197368421052629,1.0,progression_sufficiency_drop_k5,0.548830931582642,0.548830931582642
setfit_ag_news,token_shap_llm,tokens,gold_label,7600,471,0.06197368421052629,1.0,prediction_confidence,0.8890907596405817,0.8890907596405817
setfit_ag_news,token_shap_llm,tokens,gold_label,7600,471,0.06197368421052629,1.0,consistency_baseline_margin,0.8887490138512026,0.8887490138512026
setfit_ag_news,token_shap_llm,tokens,gold_label,7600,471,0.06197368421052629,1.0,auc_origin_entropy,0.11051448302275414,0.8894855169772459
setfit_ag_news,token_shap_llm,tokens,gold_label,7600,471,0.06197368421052629,1.0,auc_deletion_auc,0.8793668634348087,0.8793668634348087
setfit_ag_news,token_shap_llm,tokens,gold_label,7600,471,0.06197368421052629,1.0,auc_insertion_auc,0.6406898172263107,0.6406898172263107
setfit_ag_news,token_shap_llm,tokens,gold_label,7600,471,0.06197368421052629,1.0,fidelity_minus,0.47211488376622623,0.5278851162337738
setfit_ag_news,token_shap_llm,tokens,gold_label,7600,471,0.06197368421052629,1.0,fidelity_plus,0.482580792725148,0.517419207274852
setfit_ag_news,token_shap_llm,tokens,gold_label,7600,471,0.06197368421052629,1.0,fidelity_asymmetry,0.48353023549337515,0.5164697645066249
setfit_ag_news,token_shap_llm,tokens,gold_label,7600,471,0.06197368421052629,1.0,consistency_preservation_necessity,0.8600667885932255,0.8600667885932255
setfit_ag_news,token_shap_llm,tokens,gold_label,7600,471,0.06197368421052629,1.0,consistency_preservation_sufficiency,0.6947300267827441,0.6947300267827441
setfit_ag_news,token_shap_llm,tokens,gold_label,7600,471,0.06197368421052629,1.0,progression_maskout_drop_k5,0.4907992205515643,0.5092007794484357
setfit_ag_news,token_shap_llm,tokens,gold_label,7600,471,0.06197368421052629,1.0,progression_sufficiency_drop_k5,0.548830931582642,0.548830931582642
stanfordnlp_sst2,graphsvx,constituency,teacher_agreement,872,14,0.016055045871559592,0.9174311926605505,prediction_confidence,0.9568764568764567,0.9568764568764567
stanfordnlp_sst2,graphsvx,constituency,teacher_agreement,872,14,0.016055045871559592,0.9174311926605505,consistency_baseline_margin,0.9568764568764568,0.9568764568764568
stanfordnlp_sst2,graphsvx,constituency,teacher_agreement,872,14,0.016055045871559592,0.9174311926605505,auc_origin_entropy,0.04312354312354312,0.9568764568764568
stanfordnlp_sst2,graphsvx,constituency,teacher_agreement,872,14,0.016055045871559592,0.9174311926605505,auc_deletion_auc,0.9502164502164502,0.9502164502164502
stanfordnlp_sst2,graphsvx,constituency,teacher_agreement,872,14,0.016055045871559592,0.9174311926605505,auc_insertion_auc,0.881035631035631,0.881035631035631
stanfordnlp_sst2,graphsvx,constituency,teacher_agreement,872,14,0.016055045871559592,0.9174311926605505,fidelity_minus,0.18290043290043287,0.8170995670995671
stanfordnlp_sst2,graphsvx,constituency,teacher_agreement,872,14,0.016055045871559592,0.9174311926605505,fidelity_plus,0.734015984015984,0.734015984015984
stanfordnlp_sst2,graphsvx,constituency,teacher_agreement,872,14,0.016055045871559592,0.9174311926605505,fidelity_asymmetry,0.28446553446553446,0.7155344655344655
stanfordnlp_sst2,graphsvx,constituency,teacher_agreement,872,14,0.016055045871559592,0.9174311926605505,consistency_preservation_necessity,0.9443889443889445,0.9443889443889445
stanfordnlp_sst2,graphsvx,constituency,teacher_agreement,872,14,0.016055045871559592,0.9174311926605505,consistency_preservation_sufficiency,0.956876456876457,0.956876456876457
stanfordnlp_sst2,graphsvx,constituency,teacher_agreement,872,14,0.016055045871559592,0.9174311926605505,progression_maskout_drop_k5,0.1704129204129204,0.8295870795870797
stanfordnlp_sst2,graphsvx,constituency,teacher_agreement,872,14,0.016055045871559592,0.9174311926605505,progression_sufficiency_drop_k5,0.6772394272394273,0.6772394272394273
stanfordnlp_sst2,graphsvx,constituency,gold_label,872,78,0.08944954128440363,0.9174311926605505,prediction_confidence,0.8567622553768649,0.8567622553768649
stanfordnlp_sst2,graphsvx,constituency,gold_label,872,78,0.08944954128440363,0.9174311926605505,consistency_baseline_margin,0.856762255376865,0.856762255376865
stanfordnlp_sst2,graphsvx,constituency,gold_label,872,78,0.08944954128440363,0.9174311926605505,auc_origin_entropy,0.14323774462313504,0.856762255376865
stanfordnlp_sst2,graphsvx,constituency,gold_label,872,78,0.08944954128440363,0.9174311926605505,auc_deletion_auc,0.857553445714655,0.857553445714655
stanfordnlp_sst2,graphsvx,constituency,gold_label,872,78,0.08944954128440363,0.9174311926605505,auc_insertion_auc,0.7112478201898857,0.7112478201898857
stanfordnlp_sst2,graphsvx,constituency,gold_label,872,78,0.08944954128440363,0.9174311926605505,fidelity_minus,0.20378802557643869,0.7962119744235613
stanfordnlp_sst2,graphsvx,constituency,gold_label,872,78,0.08944954128440363,0.9174311926605505,fidelity_plus,0.4347994574694827,0.5652005425305173
stanfordnlp_sst2,graphsvx,constituency,gold_label,872,78,0.08944954128440363,0.9174311926605505,fidelity_asymmetry,0.40258670800232516,0.5974132919976749
stanfordnlp_sst2,graphsvx,constituency,gold_label,872,78,0.08944954128440363,0.9174311926605505,consistency_preservation_necessity,0.8418426661499708,0.8418426661499708
stanfordnlp_sst2,graphsvx,constituency,gold_label,872,78,0.08944954128440363,0.9174311926605505,consistency_preservation_sufficiency,0.8307660014209132,0.8307660014209132
stanfordnlp_sst2,graphsvx,constituency,gold_label,872,78,0.08944954128440363,0.9174311926605505,progression_maskout_drop_k5,0.19132274107085193,0.8086772589291481
stanfordnlp_sst2,graphsvx,constituency,gold_label,872,78,0.08944954128440363,0.9174311926605505,progression_sufficiency_drop_k5,0.4876638894271136,0.5123361105728864
stanfordnlp_sst2,graphsvx,skipgrams,teacher_agreement,872,16,0.01834862385321101,0.9174311926605505,prediction_confidence,0.9487441588785047,0.9487441588785047
stanfordnlp_sst2,graphsvx,skipgrams,teacher_agreement,872,16,0.01834862385321101,0.9174311926605505,consistency_baseline_margin,0.9487441588785047,0.9487441588785047
stanfordnlp_sst2,graphsvx,skipgrams,teacher_agreement,872,16,0.01834862385321101,0.9174311926605505,auc_origin_entropy,0.051255841121495324,0.9487441588785047
stanfordnlp_sst2,graphsvx,skipgrams,teacher_agreement,872,16,0.01834862385321101,0.9174311926605505,auc_deletion_auc,0.9423189252336449,0.9423189252336449
stanfordnlp_sst2,graphsvx,skipgrams,teacher_agreement,872,16,0.01834862385321101,0.9174311926605505,auc_insertion_auc,0.8305344626168224,0.8305344626168224
stanfordnlp_sst2,graphsvx,skipgrams,teacher_agreement,872,16,0.01834862385321101,0.9174311926605505,fidelity_minus,0.30775408878504673,0.6922459112149533
stanfordnlp_sst2,graphsvx,skipgrams,teacher_agreement,872,16,0.01834862385321101,0.9174311926605505,fidelity_plus,0.6392377336448598,0.6392377336448598
stanfordnlp_sst2,graphsvx,skipgrams,teacher_agreement,872,16,0.01834862385321101,0.9174311926605505,fidelity_asymmetry,0.2975321261682243,0.7024678738317758
stanfordnlp_sst2,graphsvx,skipgrams,teacher_agreement,872,16,0.01834862385321101,0.9174311926605505,consistency_preservation_necessity,0.9368428738317756,0.9368428738317756
stanfordnlp_sst2,graphsvx,skipgrams,teacher_agreement,872,16,0.01834862385321101,0.9174311926605505,consistency_preservation_sufficiency,0.8830315420560748,0.8830315420560748
stanfordnlp_sst2,graphsvx,skipgrams,teacher_agreement,872,16,0.01834862385321101,0.9174311926605505,progression_maskout_drop_k5,0.3131571261682243,0.6868428738317758
stanfordnlp_sst2,graphsvx,skipgrams,teacher_agreement,872,16,0.01834862385321101,0.9174311926605505,progression_sufficiency_drop_k5,0.6426693925233645,0.6426693925233645
stanfordnlp_sst2,graphsvx,skipgrams,gold_label,872,78,0.08944954128440363,0.9174311926605505,prediction_confidence,0.8646580120131758,0.8646580120131758
stanfordnlp_sst2,graphsvx,skipgrams,gold_label,872,78,0.08944954128440363,0.9174311926605505,consistency_baseline_margin,0.8646580120131757,0.8646580120131757
stanfordnlp_sst2,graphsvx,skipgrams,gold_label,872,78,0.08944954128440363,0.9174311926605505,auc_origin_entropy,0.13534198798682426,0.8646580120131757
stanfordnlp_sst2,graphsvx,skipgrams,gold_label,872,78,0.08944954128440363,0.9174311926605505,auc_deletion_auc,0.8595556416715108,0.8595556416715108
stanfordnlp_sst2,graphsvx,skipgrams,gold_label,872,78,0.08944954128440363,0.9174311926605505,auc_insertion_auc,0.7590906155137893,0.7590906155137893
stanfordnlp_sst2,graphsvx,skipgrams,gold_label,872,78,0.08944954128440363,0.9174311926605505,fidelity_minus,0.23751856875282568,0.7624814312471744
stanfordnlp_sst2,graphsvx,skipgrams,gold_label,872,78,0.08944954128440363,0.9174311926605505,fidelity_plus,0.4139540140799587,0.5860459859200413
stanfordnlp_sst2,graphsvx,skipgrams,gold_label,872,78,0.08944954128440363,0.9174311926605505,fidelity_asymmetry,0.49189433572305113,0.5081056642769488
stanfordnlp_sst2,graphsvx,skipgrams,gold_label,872,78,0.08944954128440363,0.9174311926605505,consistency_preservation_necessity,0.8565039075114642,0.8565039075114642
stanfordnlp_sst2,graphsvx,skipgrams,gold_label,872,78,0.08944954128440363,0.9174311926605505,consistency_preservation_sufficiency,0.8047697474649617,0.8047697474649617
stanfordnlp_sst2,graphsvx,skipgrams,gold_label,872,78,0.08944954128440363,0.9174311926605505,progression_maskout_drop_k5,0.22655493121488085,0.7734450687851191
stanfordnlp_sst2,graphsvx,skipgrams,gold_label,872,78,0.08944954128440363,0.9174311926605505,progression_sufficiency_drop_k5,0.42981011431893046,0.5701898856810695
stanfordnlp_sst2,graphsvx,syntactic,teacher_agreement,872,24,0.02752293577981646,0.9174311926605505,prediction_confidence,0.9677181603773585,0.9677181603773585
stanfordnlp_sst2,graphsvx,syntactic,teacher_agreement,872,24,0.02752293577981646,0.9174311926605505,consistency_baseline_margin,0.9677181603773585,0.9677181603773585
stanfordnlp_sst2,graphsvx,syntactic,teacher_agreement,872,24,0.02752293577981646,0.9174311926605505,auc_origin_entropy,0.03228183962264151,0.9677181603773585
stanfordnlp_sst2,graphsvx,syntactic,teacher_agreement,872,24,0.02752293577981646,0.9174311926605505,auc_deletion_auc,0.9388757861635221,0.9388757861635221
stanfordnlp_sst2,graphsvx,syntactic,teacher_agreement,872,24,0.02752293577981646,0.9174311926605505,auc_insertion_auc,0.9298349056603774,0.9298349056603774
stanfordnlp_sst2,graphsvx,syntactic,teacher_agreement,872,24,0.02752293577981646,0.9174311926605505,fidelity_minus,0.23142688679245282,0.7685731132075472
stanfordnlp_sst2,graphsvx,syntactic,teacher_agreement,872,24,0.02752293577981646,0.9174311926605505,fidelity_plus,0.7434650157232704,0.7434650157232704
stanfordnlp_sst2,graphsvx,syntactic,teacher_agreement,872,24,0.02752293577981646,0.9174311926605505,fidelity_asymmetry,0.1896619496855346,0.8103380503144654
stanfordnlp_sst2,graphsvx,syntactic,teacher_agreement,872,24,0.02752293577981646,0.9174311926605505,consistency_preservation_necessity,0.9290978773584906,0.9290978773584906
stanfordnlp_sst2,graphsvx,syntactic,teacher_agreement,872,24,0.02752293577981646,0.9174311926605505,consistency_preservation_sufficiency,0.9394162735849056,0.9394162735849056
stanfordnlp_sst2,graphsvx,syntactic,teacher_agreement,872,24,0.02752293577981646,0.9174311926605505,progression_maskout_drop_k5,0.22739779874213836,0.7726022012578616
stanfordnlp_sst2,graphsvx,syntactic,teacher_agreement,872,24,0.02752293577981646,0.9174311926605505,progression_sufficiency_drop_k5,0.740811713836478,0.740811713836478
stanfordnlp_sst2,graphsvx,syntactic,gold_label,872,84,0.09633027522935778,0.9174311926605505,prediction_confidence,0.8645002417210538,0.8645002417210538
stanfordnlp_sst2,graphsvx,syntactic,gold_label,872,84,0.09633027522935778,0.9174311926605505,consistency_baseline_margin,0.8645002417210539,0.8645002417210539
stanfordnlp_sst2,graphsvx,syntactic,gold_label,872,84,0.09633027522935778,0.9174311926605505,auc_origin_entropy,0.13549975827894611,0.8645002417210539
stanfordnlp_sst2,graphsvx,syntactic,gold_label,872,84,0.09633027522935778,0.9174311926605505,auc_deletion_auc,0.8137841430988638,0.8137841430988638
stanfordnlp_sst2,graphsvx,syntactic,gold_label,872,84,0.09633027522935778,0.9174311926605505,auc_insertion_auc,0.8050368624607204,0.8050368624607204
stanfordnlp_sst2,graphsvx,syntactic,gold_label,872,84,0.09633027522935778,0.9174311926605505,fidelity_minus,0.33437575537829345,0.6656242446217066
stanfordnlp_sst2,graphsvx,syntactic,gold_label,872,84,0.09633027522935778,0.9174311926605505,fidelity_plus,0.5154701474498429,0.5154701474498429
stanfordnlp_sst2,graphsvx,syntactic,gold_label,872,84,0.09633027522935778,0.9174311926605505,fidelity_asymmetry,0.32017464346144553,0.6798253565385545
stanfordnlp_sst2,graphsvx,syntactic,gold_label,872,84,0.09633027522935778,0.9174311926605505,consistency_preservation_necessity,0.7894911771815326,0.7894911771815326
stanfordnlp_sst2,graphsvx,syntactic,gold_label,872,84,0.09633027522935778,0.9174311926605505,consistency_preservation_sufficiency,0.8283025138989606,0.8283025138989606
stanfordnlp_sst2,graphsvx,syntactic,gold_label,872,84,0.09633027522935778,0.9174311926605505,progression_maskout_drop_k5,0.3332880106357264,0.6667119893642737
stanfordnlp_sst2,graphsvx,syntactic,gold_label,872,84,0.09633027522935778,0.9174311926605505,progression_sufficiency_drop_k5,0.5159535895576505,0.5159535895576505
stanfordnlp_sst2,graphsvx,window,teacher_agreement,872,16,0.01834862385321101,0.9174311926605505,prediction_confidence,0.9605724299065421,0.9605724299065421
stanfordnlp_sst2,graphsvx,window,teacher_agreement,872,16,0.01834862385321101,0.9174311926605505,consistency_baseline_margin,0.9605724299065421,0.9605724299065421
stanfordnlp_sst2,graphsvx,window,teacher_agreement,872,16,0.01834862385321101,0.9174311926605505,auc_origin_entropy,0.03942757009345794,0.960572429906542
stanfordnlp_sst2,graphsvx,window,teacher_agreement,872,16,0.01834862385321101,0.9174311926605505,auc_deletion_auc,0.9594772196261683,0.9594772196261683
stanfordnlp_sst2,graphsvx,window,teacher_agreement,872,16,0.01834862385321101,0.9174311926605505,auc_insertion_auc,0.9056658878504673,0.9056658878504673
stanfordnlp_sst2,graphsvx,window,teacher_agreement,872,16,0.01834862385321101,0.9174311926605505,fidelity_minus,0.10922897196261683,0.8907710280373832
stanfordnlp_sst2,graphsvx,window,teacher_agreement,872,16,0.01834862385321101,0.9174311926605505,fidelity_plus,0.48605432242990654,0.5139456775700935
stanfordnlp_sst2,graphsvx,window,teacher_agreement,872,16,0.01834862385321101,0.9174311926605505,fidelity_asymmetry,0.21911507009345793,0.7808849299065421
stanfordnlp_sst2,graphsvx,window,teacher_agreement,872,16,0.01834862385321101,0.9174311926605505,consistency_preservation_necessity,0.9575058411214952,0.9575058411214952
stanfordnlp_sst2,graphsvx,window,teacher_agreement,872,16,0.01834862385321101,0.9174311926605505,consistency_preservation_sufficiency,0.9454585280373831,0.9454585280373831
stanfordnlp_sst2,graphsvx,window,teacher_agreement,872,16,0.01834862385321101,0.9174311926605505,progression_maskout_drop_k5,0.14726927570093457,0.8527307242990654
stanfordnlp_sst2,graphsvx,window,teacher_agreement,872,16,0.01834862385321101,0.9174311926605505,progression_sufficiency_drop_k5,0.4654643691588785,0.5345356308411215
stanfordnlp_sst2,graphsvx,window,gold_label,872,76,0.08715596330275233,0.9174311926605505,prediction_confidence,0.8478081195450942,0.8478081195450942
stanfordnlp_sst2,graphsvx,window,gold_label,872,76,0.08715596330275233,0.9174311926605505,consistency_baseline_margin,0.8478081195450938,0.8478081195450938
stanfordnlp_sst2,graphsvx,window,gold_label,872,76,0.08715596330275233,0.9174311926605505,auc_origin_entropy,0.15219188045490611,0.8478081195450939
stanfordnlp_sst2,graphsvx,window,gold_label,872,76,0.08715596330275233,0.9174311926605505,auc_deletion_auc,0.8499735519703782,0.8499735519703782
stanfordnlp_sst2,graphsvx,window,gold_label,872,76,0.08715596330275233,0.9174311926605505,auc_insertion_auc,0.7365941549854536,0.7365941549854536
stanfordnlp_sst2,graphsvx,window,gold_label,872,76,0.08715596330275233,0.9174311926605505,fidelity_minus,0.24097460989156305,0.759025390108437
stanfordnlp_sst2,graphsvx,window,gold_label,872,76,0.08715596330275233,0.9174311926605505,fidelity_plus,0.4376653001851363,0.5623346998148637
stanfordnlp_sst2,graphsvx,window,gold_label,872,76,0.08715596330275233,0.9174311926605505,fidelity_asymmetry,0.45396389843956625,0.5460361015604338
stanfordnlp_sst2,graphsvx,window,gold_label,872,76,0.08715596330275233,0.9174311926605505,consistency_preservation_necessity,0.8463038878603545,0.8463038878603545
stanfordnlp_sst2,graphsvx,window,gold_label,872,76,0.08715596330275233,0.9174311926605505,consistency_preservation_sufficiency,0.7998875958741073,0.7998875958741073
stanfordnlp_sst2,graphsvx,window,gold_label,872,76,0.08715596330275233,0.9174311926605505,progression_maskout_drop_k5,0.24176805078021688,0.7582319492197831
stanfordnlp_sst2,graphsvx,window,gold_label,872,76,0.08715596330275233,0.9174311926605505,progression_sufficiency_drop_k5,0.4491867230891299,0.5508132769108701
stanfordnlp_sst2,subgraphx,constituency,teacher_agreement,872,14,0.016055045871559592,0.9174311926605505,prediction_confidence,0.9568764568764567,0.9568764568764567
stanfordnlp_sst2,subgraphx,constituency,teacher_agreement,872,14,0.016055045871559592,0.9174311926605505,consistency_baseline_margin,0.9568764568764568,0.9568764568764568
stanfordnlp_sst2,subgraphx,constituency,teacher_agreement,872,14,0.016055045871559592,0.9174311926605505,auc_origin_entropy,0.04312354312354312,0.9568764568764568
stanfordnlp_sst2,subgraphx,constituency,teacher_agreement,872,14,0.016055045871559592,0.9174311926605505,auc_deletion_auc,0.9535464535464536,0.9535464535464536
stanfordnlp_sst2,subgraphx,constituency,teacher_agreement,872,14,0.016055045871559592,0.9174311926605505,auc_insertion_auc,0.6350732600732601,0.6350732600732601
stanfordnlp_sst2,subgraphx,constituency,teacher_agreement,872,14,0.016055045871559592,0.9174311926605505,fidelity_minus,0.3597236097236097,0.6402763902763903
stanfordnlp_sst2,subgraphx,constituency,teacher_agreement,872,14,0.016055045871559592,0.9174311926605505,fidelity_plus,0.7303529803529802,0.7303529803529802
stanfordnlp_sst2,subgraphx,constituency,teacher_agreement,872,14,0.016055045871559592,0.9174311926605505,fidelity_asymmetry,0.24883449883449876,0.7511655011655012
stanfordnlp_sst2,subgraphx,constituency,teacher_agreement,872,14,0.016055045871559592,0.9174311926605505,consistency_preservation_necessity,0.9516317016317016,0.9516317016317016
stanfordnlp_sst2,subgraphx,constituency,teacher_agreement,872,14,0.016055045871559592,0.9174311926605505,consistency_preservation_sufficiency,0.651973026973027,0.651973026973027
stanfordnlp_sst2,subgraphx,constituency,teacher_agreement,872,14,0.016055045871559592,0.9174311926605505,progression_maskout_drop_k5,0.3596403596403597,0.6403596403596403
stanfordnlp_sst2,subgraphx,constituency,teacher_agreement,872,14,0.016055045871559592,0.9174311926605505,progression_sufficiency_drop_k5,0.7419247419247419,0.7419247419247419
stanfordnlp_sst2,subgraphx,constituency,gold_label,872,78,0.08944954128440363,0.9174311926605505,prediction_confidence,0.8567622553768649,0.8567622553768649
stanfordnlp_sst2,subgraphx,constituency,gold_label,872,78,0.08944954128440363,0.9174311926605505,consistency_baseline_margin,0.856762255376865,0.856762255376865
stanfordnlp_sst2,subgraphx,constituency,gold_label,872,78,0.08944954128440363,0.9174311926605505,auc_origin_entropy,0.14323774462313504,0.856762255376865
stanfordnlp_sst2,subgraphx,constituency,gold_label,872,78,0.08944954128440363,0.9174311926605505,auc_deletion_auc,0.8578117935800554,0.8578117935800554
stanfordnlp_sst2,subgraphx,constituency,gold_label,872,78,0.08944954128440363,0.9174311926605505,auc_insertion_auc,0.570101078602338,0.570101078602338
stanfordnlp_sst2,subgraphx,constituency,gold_label,872,78,0.08944954128440363,0.9174311926605505,fidelity_minus,0.3362074533359168,0.6637925466640833
stanfordnlp_sst2,subgraphx,constituency,gold_label,872,78,0.08944954128440363,0.9174311926605505,fidelity_plus,0.5965575146935348,0.5965575146935348
stanfordnlp_sst2,subgraphx,constituency,gold_label,872,78,0.08944954128440363,0.9174311926605505,fidelity_asymmetry,0.3853742814699993,0.6146257185300007
stanfordnlp_sst2,subgraphx,constituency,gold_label,872,78,0.08944954128440363,0.9174311926605505,consistency_preservation_necessity,0.8586675708841955,0.8586675708841955
stanfordnlp_sst2,subgraphx,constituency,gold_label,872,78,0.08944954128440363,0.9174311926605505,consistency_preservation_sufficiency,0.5804672867015436,0.5804672867015436
stanfordnlp_sst2,subgraphx,constituency,gold_label,872,78,0.08944954128440363,0.9174311926605505,progression_maskout_drop_k5,0.35061842020280304,0.6493815797971969
stanfordnlp_sst2,subgraphx,constituency,gold_label,872,78,0.08944954128440363,0.9174311926605505,progression_sufficiency_drop_k5,0.6078117935800555,0.6078117935800555
stanfordnlp_sst2,subgraphx,skipgrams,teacher_agreement,872,16,0.01834862385321101,0.9174311926605505,prediction_confidence,0.9487441588785047,0.9487441588785047
stanfordnlp_sst2,subgraphx,skipgrams,teacher_agreement,872,16,0.01834862385321101,0.9174311926605505,consistency_baseline_margin,0.9487441588785047,0.9487441588785047
stanfordnlp_sst2,subgraphx,skipgrams,teacher_agreement,872,16,0.01834862385321101,0.9174311926605505,auc_origin_entropy,0.051255841121495324,0.9487441588785047
stanfordnlp_sst2,subgraphx,skipgrams,teacher_agreement,872,16,0.01834862385321101,0.9174311926605505,auc_deletion_auc,0.9431220794392523,0.9431220794392523
stanfordnlp_sst2,subgraphx,skipgrams,teacher_agreement,872,16,0.01834862385321101,0.9174311926605505,auc_insertion_auc,0.655519859813084,0.655519859813084
stanfordnlp_sst2,subgraphx,skipgrams,teacher_agreement,872,16,0.01834862385321101,0.9174311926605505,fidelity_minus,0.6553008177570094,0.6553008177570094
stanfordnlp_sst2,subgraphx,skipgrams,teacher_agreement,872,16,0.01834862385321101,0.9174311926605505,fidelity_plus,0.7575204439252337,0.7575204439252337
stanfordnlp_sst2,subgraphx,skipgrams,teacher_agreement,872,16,0.01834862385321101,0.9174311926605505,fidelity_asymmetry,0.2303592289719626,0.7696407710280374
stanfordnlp_sst2,subgraphx,skipgrams,teacher_agreement,872,16,0.01834862385321101,0.9174311926605505,consistency_preservation_necessity,0.9377190420560746,0.9377190420560746
stanfordnlp_sst2,subgraphx,skipgrams,teacher_agreement,872,16,0.01834862385321101,0.9174311926605505,consistency_preservation_sufficiency,0.6635514018691588,0.6635514018691588
stanfordnlp_sst2,subgraphx,skipgrams,teacher_agreement,872,16,0.01834862385321101,0.9174311926605505,progression_maskout_drop_k5,0.6584404205607477,0.6584404205607477
stanfordnlp_sst2,subgraphx,skipgrams,teacher_agreement,872,16,0.01834862385321101,0.9174311926605505,progression_sufficiency_drop_k5,0.7570093457943925,0.7570093457943925
stanfordnlp_sst2,subgraphx,skipgrams,gold_label,872,78,0.08944954128440363,0.9174311926605505,prediction_confidence,0.8646580120131758,0.8646580120131758
stanfordnlp_sst2,subgraphx,skipgrams,gold_label,872,78,0.08944954128440363,0.9174311926605505,consistency_baseline_margin,0.8646580120131757,0.8646580120131757
stanfordnlp_sst2,subgraphx,skipgrams,gold_label,872,78,0.08944954128440363,0.9174311926605505,auc_origin_entropy,0.13534198798682426,0.8646580120131757
stanfordnlp_sst2,subgraphx,skipgrams,gold_label,872,78,0.08944954128440363,0.9174311926605505,auc_deletion_auc,0.8612833430213782,0.8612833430213782
stanfordnlp_sst2,subgraphx,skipgrams,gold_label,872,78,0.08944954128440363,0.9174311926605505,auc_insertion_auc,0.6190014855002259,0.6190014855002259
stanfordnlp_sst2,subgraphx,skipgrams,gold_label,872,78,0.08944954128440363,0.9174311926605505,fidelity_minus,0.3242750113027191,0.6757249886972809
stanfordnlp_sst2,subgraphx,skipgrams,gold_label,872,78,0.08944954128440363,0.9174311926605505,fidelity_plus,0.5904540463734418,0.5904540463734418
stanfordnlp_sst2,subgraphx,skipgrams,gold_label,872,78,0.08944954128440363,0.9174311926605505,fidelity_asymmetry,0.39906671833623975,0.6009332816637603
stanfordnlp_sst2,subgraphx,skipgrams,gold_label,872,78,0.08944954128440363,0.9174311926605505,consistency_preservation_necessity,0.8581831686365693,0.8581831686365693
stanfordnlp_sst2,subgraphx,skipgrams,gold_label,872,78,0.08944954128440363,0.9174311926605505,consistency_preservation_sufficiency,0.6233449589872764,0.6233449589872764
stanfordnlp_sst2,subgraphx,skipgrams,gold_label,872,78,0.08944954128440363,0.9174311926605505,progression_maskout_drop_k5,0.318389523994058,0.681610476005942
stanfordnlp_sst2,subgraphx,skipgrams,gold_label,872,78,0.08944954128440363,0.9174311926605505,progression_sufficiency_drop_k5,0.5973648517729122,0.5973648517729122
stanfordnlp_sst2,subgraphx,syntactic,teacher_agreement,872,24,0.02752293577981646,0.9174311926605505,prediction_confidence,0.9677181603773585,0.9677181603773585
stanfordnlp_sst2,subgraphx,syntactic,teacher_agreement,872,24,0.02752293577981646,0.9174311926605505,consistency_baseline_margin,0.9677181603773585,0.9677181603773585
stanfordnlp_sst2,subgraphx,syntactic,teacher_agreement,872,24,0.02752293577981646,0.9174311926605505,auc_origin_entropy,0.03228183962264151,0.9677181603773585
stanfordnlp_sst2,subgraphx,syntactic,teacher_agreement,872,24,0.02752293577981646,0.9174311926605505,auc_deletion_auc,0.9288030660377358,0.9288030660377358
stanfordnlp_sst2,subgraphx,syntactic,teacher_agreement,872,24,0.02752293577981646,0.9174311926605505,auc_insertion_auc,0.9219241352201258,0.9219241352201258
stanfordnlp_sst2,subgraphx,syntactic,teacher_agreement,872,24,0.02752293577981646,0.9174311926605505,fidelity_minus,0.5059453616352201,0.5059453616352201
stanfordnlp_sst2,subgraphx,syntactic,teacher_agreement,872,24,0.02752293577981646,0.9174311926605505,fidelity_plus,0.40005896226415094,0.5999410377358491
stanfordnlp_sst2,subgraphx,syntactic,teacher_agreement,872,24,0.02752293577981646,0.9174311926605505,fidelity_asymmetry,0.5743907232704402,0.5743907232704402
stanfordnlp_sst2,subgraphx,syntactic,teacher_agreement,872,24,0.02752293577981646,0.9174311926605505,consistency_preservation_necessity,0.9009433962264151,0.9009433962264151
stanfordnlp_sst2,subgraphx,syntactic,teacher_agreement,872,24,0.02752293577981646,0.9174311926605505,consistency_preservation_sufficiency,0.9541077044025158,0.9541077044025158
stanfordnlp_sst2,subgraphx,syntactic,teacher_agreement,872,24,0.02752293577981646,0.9174311926605505,progression_maskout_drop_k5,0.5145931603773586,0.5145931603773586
stanfordnlp_sst2,subgraphx,syntactic,teacher_agreement,872,24,0.02752293577981646,0.9174311926605505,progression_sufficiency_drop_k5,0.3898879716981132,0.6101120283018868
stanfordnlp_sst2,subgraphx,syntactic,gold_label,872,84,0.09633027522935778,0.9174311926605505,prediction_confidence,0.8645002417210538,0.8645002417210538
stanfordnlp_sst2,subgraphx,syntactic,gold_label,872,84,0.09633027522935778,0.9174311926605505,consistency_baseline_margin,0.8645002417210539,0.8645002417210539
stanfordnlp_sst2,subgraphx,syntactic,gold_label,872,84,0.09633027522935778,0.9174311926605505,auc_origin_entropy,0.13549975827894611,0.8645002417210539
stanfordnlp_sst2,subgraphx,syntactic,gold_label,872,84,0.09633027522935778,0.9174311926605505,auc_deletion_auc,0.8336354846507131,0.8336354846507131
stanfordnlp_sst2,subgraphx,syntactic,gold_label,872,84,0.09633027522935778,0.9174311926605505,auc_insertion_auc,0.7484741358472323,0.7484741358472323
stanfordnlp_sst2,subgraphx,syntactic,gold_label,872,84,0.09633027522935778,0.9174311926605505,fidelity_minus,0.42148598017887356,0.5785140198211265
stanfordnlp_sst2,subgraphx,syntactic,gold_label,872,84,0.09633027522935778,0.9174311926605505,fidelity_plus,0.41038191926516804,0.5896180807348319
stanfordnlp_sst2,subgraphx,syntactic,gold_label,872,84,0.09633027522935778,0.9174311926605505,fidelity_asymmetry,0.4638627024413826,0.5361372975586174
stanfordnlp_sst2,subgraphx,syntactic,gold_label,872,84,0.09633027522935778,0.9174311926605505,consistency_preservation_necessity,0.8105511240029006,0.8105511240029006
stanfordnlp_sst2,subgraphx,syntactic,gold_label,872,84,0.09633027522935778,0.9174311926605505,consistency_preservation_sufficiency,0.8145395213923132,0.8145395213923132
stanfordnlp_sst2,subgraphx,syntactic,gold_label,872,84,0.09633027522935778,0.9174311926605505,progression_maskout_drop_k5,0.41882704858593184,0.5811729514140682
stanfordnlp_sst2,subgraphx,syntactic,gold_label,872,84,0.09633027522935778,0.9174311926605505,progression_sufficiency_drop_k5,0.4153674160019338,0.5846325839980662
stanfordnlp_sst2,subgraphx,window,teacher_agreement,872,16,0.01834862385321101,0.9174311926605505,prediction_confidence,0.9605724299065421,0.9605724299065421
stanfordnlp_sst2,subgraphx,window,teacher_agreement,872,16,0.01834862385321101,0.9174311926605505,consistency_baseline_margin,0.9605724299065421,0.9605724299065421
stanfordnlp_sst2,subgraphx,window,teacher_agreement,872,16,0.01834862385321101,0.9174311926605505,auc_origin_entropy,0.03942757009345794,0.960572429906542
stanfordnlp_sst2,subgraphx,window,teacher_agreement,872,16,0.01834862385321101,0.9174311926605505,auc_deletion_auc,0.9546582943925233,0.9546582943925233
stanfordnlp_sst2,subgraphx,window,teacher_agreement,872,16,0.01834862385321101,0.9174311926605505,auc_insertion_auc,0.8301693925233644,0.8301693925233644
stanfordnlp_sst2,subgraphx,window,teacher_agreement,872,16,0.01834862385321101,0.9174311926605505,fidelity_minus,0.40223422897196265,0.5977657710280373
stanfordnlp_sst2,subgraphx,window,teacher_agreement,872,16,0.01834862385321101,0.9174311926605505,fidelity_plus,0.489339953271028,0.5106600467289719
stanfordnlp_sst2,subgraphx,window,teacher_agreement,872,16,0.01834862385321101,0.9174311926605505,fidelity_asymmetry,0.4173481308411215,0.5826518691588785
stanfordnlp_sst2,subgraphx,window,teacher_agreement,872,16,0.01834862385321101,0.9174311926605505,consistency_preservation_necessity,0.9473568925233645,0.9473568925233645
stanfordnlp_sst2,subgraphx,window,teacher_agreement,872,16,0.01834862385321101,0.9174311926605505,consistency_preservation_sufficiency,0.8956629672897197,0.8956629672897197
stanfordnlp_sst2,subgraphx,window,teacher_agreement,872,16,0.01834862385321101,0.9174311926605505,progression_maskout_drop_k5,0.393472546728972,0.6065274532710281
stanfordnlp_sst2,subgraphx,window,teacher_agreement,872,16,0.01834862385321101,0.9174311926605505,progression_sufficiency_drop_k5,0.49240654205607476,0.5075934579439252
stanfordnlp_sst2,subgraphx,window,gold_label,872,76,0.08715596330275233,0.9174311926605505,prediction_confidence,0.8478081195450942,0.8478081195450942
stanfordnlp_sst2,subgraphx,window,gold_label,872,76,0.08715596330275233,0.9174311926605505,consistency_baseline_margin,0.8478081195450938,0.8478081195450938
stanfordnlp_sst2,subgraphx,window,gold_label,872,76,0.08715596330275233,0.9174311926605505,auc_origin_entropy,0.15219188045490611,0.8478081195450939
stanfordnlp_sst2,subgraphx,window,gold_label,872,76,0.08715596330275233,0.9174311926605505,auc_deletion_auc,0.8526348849510712,0.8526348849510712
stanfordnlp_sst2,subgraphx,window,gold_label,872,76,0.08715596330275233,0.9174311926605505,auc_insertion_auc,0.663481883099709,0.663481883099709
stanfordnlp_sst2,subgraphx,window,gold_label,872,76,0.08715596330275233,0.9174311926605505,fidelity_minus,0.31297937053689495,0.687020629463105
stanfordnlp_sst2,subgraphx,window,gold_label,872,76,0.08715596330275233,0.9174311926605505,fidelity_plus,0.4871727056334303,0.5128272943665697
stanfordnlp_sst2,subgraphx,window,gold_label,872,76,0.08715596330275233,0.9174311926605505,fidelity_asymmetry,0.4636670193070616,0.5363329806929384
stanfordnlp_sst2,subgraphx,window,gold_label,872,76,0.08715596330275233,0.9174311926605505,consistency_preservation_necessity,0.8496098915630785,0.8496098915630785
stanfordnlp_sst2,subgraphx,window,gold_label,872,76,0.08715596330275233,0.9174311926605505,consistency_preservation_sufficiency,0.7382967468923566,0.7382967468923566
stanfordnlp_sst2,subgraphx,window,gold_label,872,76,0.08715596330275233,0.9174311926605505,progression_maskout_drop_k5,0.31317773075905847,0.6868222692409416
stanfordnlp_sst2,subgraphx,window,gold_label,872,76,0.08715596330275233,0.9174311926605505,progression_sufficiency_drop_k5,0.49697500661200733,0.5030249933879927
stanfordnlp_sst2,token_shap_llm,tokens,teacher_agreement,872,73,0.08371559633027525,1.0,prediction_confidence,0.8480377869597272,0.8480377869597272
stanfordnlp_sst2,token_shap_llm,tokens,teacher_agreement,872,73,0.08371559633027525,1.0,consistency_baseline_margin,0.8480463593190118,0.8480463593190118
stanfordnlp_sst2,token_shap_llm,tokens,teacher_agreement,872,73,0.08371559633027525,1.0,auc_origin_entropy,0.1519536406809882,0.8480463593190117
stanfordnlp_sst2,token_shap_llm,tokens,teacher_agreement,872,73,0.08371559633027525,1.0,auc_deletion_auc,0.8158485778455946,0.8158485778455946
stanfordnlp_sst2,token_shap_llm,tokens,teacher_agreement,872,73,0.08371559633027525,1.0,auc_insertion_auc,0.5570833404769661,0.5570833404769661
stanfordnlp_sst2,token_shap_llm,tokens,teacher_agreement,872,73,0.08371559633027525,1.0,fidelity_minus,0.45839834039124255,0.5416016596087574
stanfordnlp_sst2,token_shap_llm,tokens,teacher_agreement,872,73,0.08371559633027525,1.0,fidelity_plus,0.5644041353061189,0.5644041353061189
stanfordnlp_sst2,token_shap_llm,tokens,teacher_agreement,872,73,0.08371559633027525,1.0,fidelity_asymmetry,0.413153428086478,0.5868465719135221
stanfordnlp_sst2,token_shap_llm,tokens,teacher_agreement,872,73,0.08371559633027525,1.0,consistency_preservation_necessity,0.7723352821163441,0.7723352821163441
stanfordnlp_sst2,token_shap_llm,tokens,teacher_agreement,872,73,0.08371559633027525,1.0,consistency_preservation_sufficiency,0.5715877723867162,0.5715877723867162
stanfordnlp_sst2,token_shap_llm,tokens,teacher_agreement,872,73,0.08371559633027525,1.0,progression_maskout_drop_k5,0.47610883467347886,0.5238911653265211
stanfordnlp_sst2,token_shap_llm,tokens,teacher_agreement,872,73,0.08371559633027525,1.0,progression_sufficiency_drop_k5,0.5030946217017848,0.5030946217017848
stanfordnlp_sst2,token_shap_llm,tokens,gold_label,872,73,0.08371559633027525,1.0,prediction_confidence,0.8480377869597272,0.8480377869597272
stanfordnlp_sst2,token_shap_llm,tokens,gold_label,872,73,0.08371559633027525,1.0,consistency_baseline_margin,0.8480463593190118,0.8480463593190118
stanfordnlp_sst2,token_shap_llm,tokens,gold_label,872,73,0.08371559633027525,1.0,auc_origin_entropy,0.1519536406809882,0.8480463593190117
stanfordnlp_sst2,token_shap_llm,tokens,gold_label,872,73,0.08371559633027525,1.0,auc_deletion_auc,0.8158485778455946,0.8158485778455946
stanfordnlp_sst2,token_shap_llm,tokens,gold_label,872,73,0.08371559633027525,1.0,auc_insertion_auc,0.5570833404769661,0.5570833404769661
stanfordnlp_sst2,token_shap_llm,tokens,gold_label,872,73,0.08371559633027525,1.0,fidelity_minus,0.45839834039124255,0.5416016596087574
stanfordnlp_sst2,token_shap_llm,tokens,gold_label,872,73,0.08371559633027525,1.0,fidelity_plus,0.5644041353061189,0.5644041353061189
stanfordnlp_sst2,token_shap_llm,tokens,gold_label,872,73,0.08371559633027525,1.0,fidelity_asymmetry,0.413153428086478,0.5868465719135221
stanfordnlp_sst2,token_shap_llm,tokens,gold_label,872,73,0.08371559633027525,1.0,consistency_preservation_necessity,0.7723352821163441,0.7723352821163441
stanfordnlp_sst2,token_shap_llm,tokens,gold_label,872,73,0.08371559633027525,1.0,consistency_preservation_sufficiency,0.5715877723867162,0.5715877723867162
stanfordnlp_sst2,token_shap_llm,tokens,gold_label,872,73,0.08371559633027525,1.0,progression_maskout_drop_k5,0.47610883467347886,0.5238911653265211
stanfordnlp_sst2,token_shap_llm,tokens,gold_label,872,73,0.08371559633027525,1.0,progression_sufficiency_drop_k5,0.5030946217017848,0.5030946217017848
