dataset,method,graph,target,regime,n,n_errors,auroc_base,auroc_overlap_only,auroc_full,delta_auroc,delta_auroc_ci_low,delta_auroc_ci_high,auprc_base,auprc_full,delta_auprc,delta_auprc_ci_low,delta_auprc_ci_high
setfit_ag_news,graphsvx,constituency,bert_correct,all,7600,471,0.8868036687564534,0.5144325426571711,0.8847796997938209,-0.002069316296343227,-0.0037875087425341845,-0.0003886045921444232,0.3342144929388435,0.3346292281372583,-0.00028971456309784385,-0.006016096238075361,0.005790795533857515
setfit_ag_news,graphsvx,constituency,bert_correct,confidence>0.9,6506,144,0.8106061598379266,0.5076921565545427,0.8043930542456948,-0.006128720390478207,-0.01169538724246355,-0.00047766030982040883,0.09288454724528535,0.08361432557733488,-0.010257368709892826,-0.023224942980284824,-0.000958785495517922
setfit_ag_news,graphsvx,constituency,gnn_correct_gold,all,7600,574,0.8475255174657395,0.5214932143526632,0.830893912208611,-0.016713670978997806,-0.026219742051011293,-0.007176812943304646,0.3233317321004499,0.319253271520417,-0.0043343195243266555,-0.010102620471007967,0.001834425881393272
setfit_ag_news,graphsvx,constituency,gnn_correct_gold,confidence>0.9,6823,288,0.7822281730850973,0.5128735229108221,0.7470134106945507,-0.03480933963481728,-0.05589423968831428,-0.013966995041454211,0.14666555586963997,0.14066989508993025,-0.0060178706439450716,-0.011455069629040523,-0.0001994971999999822
setfit_ag_news,graphsvx,constituency,gnn_correct_gold,all (base = confidence+explanation),7600,574,0.8339814982875948,0.5214932143526632,0.8319479861261952,-0.0020621165478492986,-0.004609161810099974,0.0006849918472982432,0.3137624760508015,0.3125466445407938,-0.0013416417192367838,-0.006168923100106229,0.0036371196098978257
setfit_ag_news,graphsvx,constituency,gnn_agrees_teacher,all,7600,267,0.9483388162178975,0.5465340355102964,0.9476692250056311,-0.0007191464707434705,-0.003282281647178531,0.001240041269081557,0.329163090414102,0.32703361224886,-0.00213680184000435,-0.013782583674198158,0.009363198934571798
setfit_ag_news,graphsvx,constituency,gnn_agrees_teacher,all (base = confidence+explanation),7600,267,0.9479102982719847,0.5465340355102964,0.947675353986979,-0.0002380544453035789,-0.001492032149483505,0.0009950824236509331,0.3262561574588913,0.32310815635285217,-0.0035244056818052,-0.016370061339362474,0.00840915829280826
setfit_ag_news,graphsvx,syntactic,bert_correct,all,7600,471,0.8868036687564534,0.5059046822598048,0.8846662312572166,-0.002070769190630756,-0.005618724040197693,0.0011113735608243656,0.3342144929388435,0.33833517985299766,0.004240174278327279,-0.004833013177307155,0.01357248185008512
setfit_ag_news,graphsvx,syntactic,bert_correct,confidence>0.9,6506,144,0.8106061598379266,0.5357635614237313,0.8031465035453561,-0.007618006129895654,-0.020234765073887294,0.003473680836616344,0.09288454724528535,0.08207990397192358,-0.01229518319411922,-0.03448691393467381,0.004563709190148266
setfit_ag_news,graphsvx,syntactic,gnn_correct_gold,all,7600,606,0.8424970106390106,0.485309425995502,0.8391997478272275,-0.003340375159130559,-0.01241175686028137,0.005653455292628,0.3150069526609232,0.31482177315648746,-0.0002800464964241069,-0.006861862796199216,0.0066018638583355835
setfit_ag_news,graphsvx,syntactic,gnn_correct_gold,confidence>0.9,6674,268,0.7581354467127367,0.49649058019300935,0.7502691040582289,-0.00713492720365069,-0.028228854560855065,0.01472495431320025,0.15826100677210156,0.15678613913724407,-0.0019579693650192288,-0.015803722284519484,0.012384972455291611
setfit_ag_news,graphsvx,syntactic,gnn_correct_gold,all (base = confidence+explanation),7600,606,0.8487178071538926,0.485309425995502,0.8502349019574535,0.0014973999445925187,-0.0023185821374273274,0.0051797464641530335,0.3253040363568082,0.3263834886808435,0.001003618517991831,-0.004934594051711402,0.006801123807929266
setfit_ag_news,graphsvx,syntactic,gnn_agrees_teacher,all,7600,317,0.9363034177946049,0.4751887525116829,0.9362059608153639,-7.222727977516064e-05,-0.004597008042465314,0.005483495466014443,0.340302840982371,0.34276092079389964,0.0019764839099848694,-0.00967922527831128,0.0156349931941203
setfit_ag_news,graphsvx,syntactic,gnn_agrees_teacher,all (base = confidence+explanation),7600,317,0.942084132661039,0.4751887525116829,0.9441658137376223,0.0021283168834495643,-0.002660202801862921,0.008253578048186029,0.3591397955870533,0.36053832627460114,0.0013760675229482389,-0.015692320942132416,0.021563745674559154
setfit_ag_news,graphsvx,window,bert_correct,all,7600,471,0.8868036687564534,0.49584142280610366,0.8846632530804027,-0.0021157368876900512,-0.004873430538115339,0.0002432653727815536,0.3342144929388435,0.3322354187963805,-0.0019790851540497124,-0.008350246314382458,0.0037607292625950646
setfit_ag_news,graphsvx,window,bert_correct,confidence>0.9,6506,144,0.8106061598379266,0.5161145604107723,0.803189074015858,-0.007335683230040374,-0.01793280668725202,0.0006794908024939546,0.09288454724528535,0.1018974062208171,0.007784093385630402,-0.009912962669897617,0.02866718074706416
setfit_ag_news,graphsvx,window,gnn_correct_gold,all,7600,562,0.8398581568890386,0.5136074982883968,0.8335532882501602,-0.006417996956121081,-0.01822836193130424,0.005553398693073425,0.3108494066613541,0.30791576931125303,-0.0031160831122050503,-0.008609041388092493,0.001983643229143219
setfit_ag_news,graphsvx,window,gnn_correct_gold,confidence>0.9,6837,278,0.7619142679453024,0.5133053490124504,0.7483961298715258,-0.013031712905485387,-0.03853594221627575,0.01124229174197984,0.15859036225939827,0.1471310490990833,-0.01053123959957065,-0.02051955720140344,-0.0011132799877115543
setfit_ag_news,graphsvx,window,gnn_correct_gold,all (base = confidence+explanation),7600,562,0.8424652547077937,0.5136074982883968,0.842124450997584,-0.0003728292757882585,-0.0038431537109923195,0.00314231723178774,0.3107429911072805,0.3112360299915688,0.00044800458063566065,-0.0034607393316118257,0.004274728371939671
setfit_ag_news,graphsvx,window,gnn_agrees_teacher,all,7600,266,0.9427186387020182,0.47916260859402393,0.9405503464141672,-0.0021265617169923053,-0.005287092492650627,7.492895151574858e-05,0.31510888045222324,0.3222397309271476,0.006401970903444392,-0.002557877537366626,0.016032535765219454
setfit_ag_news,graphsvx,window,gnn_agrees_teacher,all (base = confidence+explanation),7600,266,0.9499319268993316,0.47916260859402393,0.949307069145457,-0.0006248778325833024,-0.0016342922988557274,0.00033426105035479193,0.3244376487919293,0.32488441108016575,0.0006770224615708742,-0.006998647365082299,0.008611087969243411
setfit_ag_news,graphsvx,skipgrams,bert_correct,all,7600,471,0.8868036687564534,0.49009711536772,0.8856091220364535,-0.0012907410778775922,-0.00405208219279341,0.0013777180268982443,0.3342144929388435,0.33011229879812004,-0.004122582169878422,-0.01200227849454662,0.0032501597628018944
setfit_ag_news,graphsvx,skipgrams,bert_correct,confidence>0.9,6506,144,0.8106061598379266,0.5236391639596214,0.8071721418841035,-0.003518021168001339,-0.012823865139449091,0.0063014178049387035,0.09288454724528535,0.08283211418646963,-0.012017382677574046,-0.03241013935614207,0.0022627667934037566
setfit_ag_news,graphsvx,skipgrams,gnn_correct_gold,all,7600,564,0.8437345021953964,0.48558439575193835,0.8406591329696514,-0.0033276457843553447,-0.014973604386024363,0.007903821398078971,0.3164935568905674,0.31356205932108805,-0.003099638650916644,-0.008972271419595433,0.002437477651036702
setfit_ag_news,graphsvx,skipgrams,gnn_correct_gold,confidence>0.9,6854,282,0.7706274847515572,0.49429397443700557,0.7643635366890699,-0.006662794413959637,-0.029830052226429208,0.018901039313371525,0.1578816221847351,0.15025610426139233,-0.007950753583213201,-0.017041141476813675,0.00022600148420401532
setfit_ag_news,graphsvx,skipgrams,gnn_correct_gold,all (base = confidence+explanation),7600,564,0.8495334530822236,0.48558439575193835,0.8491846894794349,-0.0004431770120294455,-0.0035369052849316823,0.0024198912892064634,0.34847417794450375,0.3473629516419317,-0.0011849765350038467,-0.005477084905408297,0.0030723231186815633
setfit_ag_news,graphsvx,skipgrams,gnn_agrees_teacher,all,7600,263,0.949454584840314,0.46780628006079916,0.9490166772818223,-0.0004661902349161584,-0.004529181814743826,0.0030998406065597304,0.3358835087337234,0.337106211751435,0.00046592689825733925,-0.009597792209471814,0.010837916896836497
setfit_ag_news,graphsvx,skipgrams,gnn_agrees_teacher,all (base = confidence+explanation),7600,263,0.9545975370420563,0.46780628006079916,0.9539963858374995,-0.0006104541686452174,-0.0018601080017247168,0.0004370713903615895,0.3954023388062524,0.39352343494337033,-0.001872715161889003,-0.010136312889653422,0.006137301819492256
setfit_ag_news,subgraphx,constituency,bert_correct,all,7600,471,0.8868036687564534,0.51203451468673,0.884646873107927,-0.002169276708915141,-0.004455087768527441,-1.6243927413784898e-05,0.3342144929388435,0.3323578359565678,-0.0020132337558652464,-0.009196932459552084,0.004510683843809582
setfit_ag_news,subgraphx,constituency,bert_correct,confidence>0.9,6506,144,0.8106061598379266,0.48742970414614545,0.8023442139089734,-0.008227751323195575,-0.016814312143539192,-0.0008044525135736921,0.09288454724528535,0.08003278315535867,-0.014720593307289802,-0.033404468958641756,-0.0019202386729994993
setfit_ag_news,subgraphx,constituency,gnn_correct_gold,all,7600,574,0.8475255174657395,0.5186823505724383,0.829826944420475,-0.01764859000196893,-0.0255017232393337,-0.00990473634837965,0.32332935769248194,0.3228281554770891,-0.0005724630452326261,-0.005072630365450646,0.0046973539534072364
setfit_ag_news,subgraphx,constituency,gnn_correct_gold,confidence>0.9,6823,288,0.7822287044121398,0.5019821155317521,0.7440560443764345,-0.038116174572814646,-0.055566780040486895,-0.0210532976215565,0.14666558047719025,0.14294842521484868,-0.0026947020125566656,-0.0084433961816982,0.005931835068004946
setfit_ag_news,subgraphx,constituency,gnn_correct_gold,all (base = confidence+explanation),7600,574,0.8350452426080928,0.5186823505724383,0.8320124554789528,-0.0030199225764027528,-0.005590040024532314,-0.0004250140615048113,0.34525943675321785,0.34501614324441005,-0.00035188751236019876,-0.004070797700040115,0.003451332224190094
setfit_ag_news,subgraphx,constituency,gnn_agrees_teacher,all,7600,267,0.9483383054694519,0.5465113072044643,0.94675038855188,-0.0016574721069191173,-0.005072020953509171,0.0012617846191983805,0.32916218400001945,0.3278470923637667,-0.00022218028826214895,-0.017263233028471717,0.01606083546380176
setfit_ag_news,subgraphx,constituency,gnn_agrees_teacher,all (base = confidence+explanation),7600,267,0.9480619905603472,0.5465113072044643,0.9478862930950386,-0.00019441327568962762,-0.0016036350292471246,0.001087287443393922,0.34865857259168775,0.35291793705769836,0.00397348202211658,-0.010548437564896226,0.020038656484375274
setfit_ag_news,subgraphx,syntactic,bert_correct,all,7600,471,0.8868036687564534,0.5137554541585623,0.8840178821648605,-0.002792643143293903,-0.004272135780672298,-0.0015770083431866505,0.3342144929388435,0.3326553848210014,-0.0015332856956560218,-0.004094586246989365,0.0009008196228126537
setfit_ag_news,subgraphx,syntactic,bert_correct,confidence>0.9,6506,144,0.8106061598379266,0.45399441999371265,0.8011369590275595,-0.009589151897021822,-0.015203894892937705,-0.005290233020301425,0.09288454724528535,0.08181334666991982,-0.012079814361055409,-0.02349241409660362,-0.003552215918827131
setfit_ag_news,subgraphx,syntactic,gnn_correct_gold,all,7600,606,0.8424970106390106,0.5240235383275245,0.8365350404071006,-0.005937277634429856,-0.015733460463384037,0.0032073618724305334,0.3150069526609232,0.3156182774313375,0.00046014169255088536,-0.004583801901153145,0.00585533014195427
setfit_ag_news,subgraphx,syntactic,gnn_correct_gold,confidence>0.9,6674,268,0.7581354467127367,0.5066303279108672,0.7428699074095646,-0.015356211062680394,-0.03799006767944504,0.006718450262916875,0.15826100677210156,0.14783143817421968,-0.011294358350040149,-0.023005619245500816,-0.0009822532273805653
setfit_ag_news,subgraphx,syntactic,gnn_correct_gold,all (base = confidence+explanation),7600,606,0.8472269017007507,0.5240235383275245,0.8462220328409734,-0.0009750232670952942,-0.004574471437981229,0.0024835833333331585,0.3478462204920661,0.3494136735951019,0.0015932737191613412,-0.0020181094639481144,0.005190638213266867
setfit_ag_news,subgraphx,syntactic,gnn_agrees_teacher,all,7600,317,0.9363034177946049,0.4921172463768744,0.9339233017904798,-0.0023647335466499666,-0.007914636582226145,0.0015230772925521325,0.340302840982371,0.34120505969684783,0.0016219670240576614,-0.004046820202031005,0.007640333053324852
setfit_ag_news,subgraphx,syntactic,gnn_agrees_teacher,all (base = confidence+explanation),7600,317,0.9409609951180551,0.4921172463768744,0.9400388355233721,-0.0009185431025116038,-0.0029872142127062517,0.0008215477423695464,0.38930134991586474,0.39043145658940603,0.0012264420104312948,-0.004723991890560831,0.007970774394594442
setfit_ag_news,subgraphx,window,bert_correct,all,7600,471,0.8868036687564534,0.45042556657580246,0.8845179180518913,-0.002270398530557521,-0.0041681316349203214,-0.0005779976744503992,0.3342144929388435,0.3271582101154092,-0.00781844966746897,-0.014265340573954361,-0.0021425449838286003
setfit_ag_news,subgraphx,window,bert_correct,confidence>0.9,6506,144,0.8106061598379266,0.4462553267665654,0.8038549198365293,-0.006726531699967415,-0.013770303233330925,-0.00020952588695260997,0.09288454724528535,0.08837771898392553,-0.006460923008936011,-0.01886531000496082,0.0033359432204575026
setfit_ag_news,subgraphx,window,gnn_correct_gold,all,7600,562,0.8398581568890386,0.5034458339527467,0.8302855672156945,-0.009668866414682262,-0.020699985839702912,0.0017605303113868561,0.3108494066613541,0.3071905724984254,-0.0036788271609621277,-0.008788562292963886,0.0018356454131829374
setfit_ag_news,subgraphx,window,gnn_correct_gold,confidence>0.9,6837,278,0.7619142679453024,0.49252523579550755,0.7412512435546303,-0.019820227224517796,-0.04437262979319346,0.005428847684409416,0.15859036225939827,0.14746762409533812,-0.01089521203033884,-0.018821537081547195,-0.00393927296693751
setfit_ag_news,subgraphx,window,gnn_correct_gold,all (base = confidence+explanation),7600,562,0.8450030793688356,0.5034458339527467,0.8432752955739004,-0.0017391779964408252,-0.004098729303464449,0.0005613454066694584,0.2980350939644265,0.29767888712865154,-0.0002685126232458928,-0.0037261634400606314,0.0030429641437078126
setfit_ag_news,subgraphx,window,gnn_agrees_teacher,all,7600,266,0.9427186387020182,0.535677122312189,0.9458316503011005,0.0031315266412765856,-0.0038551295934606267,0.01099610180933584,0.31510888045222324,0.3206877419931466,0.005522557139384815,-0.012975871726506664,0.021045543406639628
setfit_ag_news,subgraphx,window,gnn_agrees_teacher,all (base = confidence+explanation),7600,266,0.9391883718021534,0.535677122312189,0.9397978515965398,0.000588358693739042,-0.001545628498717419,0.002925205557588309,0.34292056686863337,0.33887901339005133,-0.003248644281578165,-0.02041271566437618,0.012050543057960831
setfit_ag_news,subgraphx,skipgrams,bert_correct,all,7600,471,0.8868036687564534,0.499295810092386,0.88468648285955,-0.002115121152442319,-0.004476361239301507,-2.6308011034692982e-05,0.3342144929388435,0.33414051951294155,-0.0008116513994119456,-0.008110399943959214,0.006118645820246099
setfit_ag_news,subgraphx,skipgrams,bert_correct,confidence>0.9,6506,144,0.8106061598379266,0.5071130890006637,0.8034335813336129,-0.007150208108777646,-0.01599656849268389,0.0005757333031247828,0.09288454724528535,0.09532025093126788,0.0009597121140257429,-0.01637149313637587,0.018230753002714012
setfit_ag_news,subgraphx,skipgrams,gnn_correct_gold,all,7600,564,0.8437345021953964,0.507225756897657,0.8334804994778625,-0.01032099602142845,-0.020382263950236602,-0.00032497946500877376,0.3164935568905674,0.31311991020739305,-0.00335593533294749,-0.0068409320829725785,0.0001396040893518329
setfit_ag_news,subgraphx,skipgrams,gnn_correct_gold,confidence>0.9,6854,282,0.7706274847515572,0.4839562208898271,0.7487476420490109,-0.021711275149349032,-0.04210588165115731,-0.0022840757393529703,0.1578816221847351,0.1565684739826466,-0.0009806120232986682,-0.007094757021575974,0.006353488720131315
setfit_ag_news,subgraphx,skipgrams,gnn_correct_gold,all (base = confidence+explanation),7600,564,0.8426476398985561,0.507225756897657,0.84048676714284,-0.0021539385009365338,-0.003848227927920017,-0.0006077568574947374,0.32841955736058914,0.32737184947820214,-0.0010249335227890306,-0.0034097239200375287,0.0014712416417487417
setfit_ag_news,subgraphx,skipgrams,gnn_agrees_teacher,all,7600,263,0.949454584840314,0.5067422216993819,0.9491959861755952,-0.00024908751700773415,-0.004437146979031315,0.0027156683140604873,0.3358835087337234,0.3330764689654146,-0.0032573697853463877,-0.014261027210698595,0.006056729026148259
setfit_ag_news,subgraphx,skipgrams,gnn_agrees_teacher,all (base = confidence+explanation),7600,263,0.9520587096703981,0.5067422216993819,0.9515726063687824,-0.0004751148127734112,-0.0015480178733526194,0.000448500684007391,0.391141746975419,0.38724462133152343,-0.003794062033794736,-0.01314931081014489,0.005329053535143639
stanfordnlp_sst2,graphsvx,constituency,bert_correct,all,872,73,0.8348963601762478,0.510526857201639,0.8050474051468445,-0.02992172119166884,-0.04947299722619858,-0.013144110336589698,0.3077422178420738,0.29758732282956224,-0.010003202023600085,-0.06564825672440766,0.0514868348111988
stanfordnlp_sst2,graphsvx,constituency,bert_correct,confidence>0.9,744,32,0.7701018258426966,0.42446453651685395,0.6947419241573034,-0.07513200076742546,-0.12005184320864402,-0.036355572532043134,0.11214413353020516,0.10044982620382817,-0.011626572297213512,-0.023690821447789865,0.0015159335712787091
stanfordnlp_sst2,graphsvx,constituency,gnn_correct_gold,all,872,96,0.8092112328178694,0.5291693513745704,0.794579574742268,-0.014943837864579897,-0.03207775930917129,0.0002042082950366327,0.31871698119565456,0.29600348652766717,-0.023885948247762186,-0.07211367965214324,0.017893918387518238
stanfordnlp_sst2,graphsvx,constituency,gnn_correct_gold,confidence>0.9,672,34,0.7174073391111931,0.5020744975106031,0.6722293933247281,-0.045841380376142285,-0.09506400328408218,-0.002870151181764184,0.128429033267604,0.13633954960155692,0.0024962688907641684,-0.04298770585072222,0.05529807201445706
stanfordnlp_sst2,graphsvx,constituency,gnn_correct_gold,all (base = confidence+explanation),872,96,0.8026336984536083,0.5291693513745704,0.7894249355670102,-0.01333788461477825,-0.025271378652966206,-0.0027113970588236503,0.32581789443477566,0.3046107003159907,-0.021447103270232835,-0.047122861750743095,-0.0008207913421724496
stanfordnlp_sst2,graphsvx,constituency,gnn_agrees_teacher,all,872,62,0.9319195539625648,0.5767522899243329,0.9206690561529272,-0.011234390596663748,-0.03040846466577159,0.0024570238243780394,0.4864762304225616,0.48141466867935384,-0.00376670089803568,-0.10221313147390731,0.10143631235376915
stanfordnlp_sst2,graphsvx,constituency,gnn_agrees_teacher,all (base = confidence+explanation),872,62,0.9169255276782158,0.5767522899243329,0.9052966945440063,-0.011343292126055261,-0.02228341679862568,-0.0018600551444065742,0.4391896401399366,0.42253168692791965,-0.016493296811267866,-0.0593242827211737,0.026975637346127665
stanfordnlp_sst2,graphsvx,syntactic,bert_correct,all,872,73,0.8348963601762478,0.4439796320743394,0.828432801275567,-0.0066433052962859614,-0.022494409220065688,0.009556362052530996,0.3077422178420738,0.31655809654346384,0.007260584433477782,-0.06044892911757911,0.07328857329597407
stanfordnlp_sst2,graphsvx,syntactic,bert_correct,confidence>0.9,744,32,0.7701018258426966,0.46361481741573035,0.7628160112359551,-0.008436550315089428,-0.04512698992542331,0.03617922970214832,0.11214413353020516,0.10848580348024708,-0.0031413968728621925,-0.027463755744847686,0.025482532863757273
stanfordnlp_sst2,graphsvx,syntactic,gnn_correct_gold,all,872,109,0.8028544975771641,0.49370543605035655,0.796469753628242,-0.006568256087176968,-0.02158078070733927,0.009089077583828003,0.31849687468557897,0.3147279093207943,-0.003919336901868666,-0.04515582407324901,0.03647758414889641
stanfordnlp_sst2,graphsvx,syntactic,gnn_correct_gold,confidence>0.9,686,45,0.7602704108164328,0.40953371468192057,0.7391228982492634,-0.021190031013844427,-0.061236963235339566,0.020672793459154362,0.19905907025576727,0.16406349283363897,-0.03838556940036611,-0.08575089479478963,-0.005451116775542084
stanfordnlp_sst2,graphsvx,syntactic,gnn_correct_gold,all (base = confidence+explanation),872,109,0.7993915856048674,0.49370543605035655,0.7938485216492119,-0.005518284271607052,-0.012569308931757334,0.0006934548470091253,0.32609512788555906,0.31421271716442584,-0.012614020409319564,-0.03516576391206136,0.0035284113002420673
stanfordnlp_sst2,graphsvx,syntactic,gnn_agrees_teacher,all,872,71,0.8700567952031791,0.5382884070967628,0.8650454537461976,-0.004859023927855374,-0.011468809150359966,0.0011044276354908787,0.29316294178781765,0.2911122506708618,0.0010771786503533454,-0.030836738662974386,0.03570214405082072
stanfordnlp_sst2,graphsvx,syntactic,gnn_agrees_teacher,all (base = confidence+explanation),872,71,0.8794464665646815,0.5382884070967628,0.8691072778744877,-0.010106042590500661,-0.02430984875747492,-0.0014771107944425168,0.32710492836142785,0.3133342520191595,-0.01371515392915297,-0.03564437421690611,0.008309671858264242
stanfordnlp_sst2,graphsvx,window,bert_correct,all,872,73,0.8348963601762478,0.45966704956538135,0.8190889296552196,-0.015421970066613291,-0.049823950164291794,0.012156706031654765,0.3077422178420738,0.272075748810257,-0.0367805220245954,-0.092621761609884,0.00970046531489509
stanfordnlp_sst2,graphsvx,window,bert_correct,confidence>0.9,744,32,0.7701018258426966,0.49477703651685395,0.735691713483146,-0.034767879595531036,-0.12285662353273545,0.03817341169826108,0.11214413353020516,0.11108998301291778,0.0002854310866222744,-0.03510100223885136,0.033659302092389584
stanfordnlp_sst2,graphsvx,window,gnn_correct_gold,all,872,98,0.8153773137161842,0.47284184991826195,0.7895507040025312,-0.025891630840928492,-0.04780944462919873,-0.0056126421258408795,0.32071927045084486,0.32356323865530695,0.003433179730255972,-0.04487637386425191,0.04992259344574131
stanfordnlp_sst2,graphsvx,window,gnn_correct_gold,confidence>0.9,664,32,0.7191455696202532,0.45460838607594933,0.6184731012658228,-0.10063983512493384,-0.17525586841319601,-0.029341384547109453,0.10329151208211128,0.08040049374167861,-0.025562782892779246,-0.05750391750519443,-0.0045887937135316095
stanfordnlp_sst2,graphsvx,window,gnn_correct_gold,all (base = confidence+explanation),872,98,0.7982914095870906,0.47284184991826195,0.7927279438907345,-0.005399651723249372,-0.017604767101973326,0.005931797885807207,0.3247306182658352,0.3115441642551309,-0.013156285618692419,-0.0388635022072938,0.011055721641747245
stanfordnlp_sst2,graphsvx,window,gnn_agrees_teacher,all,872,58,0.911950351605524,0.5013979496738117,0.908773193255952,-0.0031780630499055173,-0.013018272166182667,0.006227163052781202,0.40503295600257105,0.34733935527602255,-0.055753142996041324,-0.13219413826543425,0.014560407145905925
stanfordnlp_sst2,graphsvx,window,gnn_agrees_teacher,all (base = confidence+explanation),872,58,0.9073328814708125,0.5013979496738117,0.9032449377276964,-0.004097197692229399,-0.012357630397037609,0.00404538711722546,0.4061648947698777,0.3581607943610936,-0.04521164221430865,-0.10006855539365507,0.005205598058697722
stanfordnlp_sst2,graphsvx,skipgrams,bert_correct,all,872,73,0.8348963601762478,0.5255884924648963,0.8205462307336227,-0.014480355518278348,-0.032601956109891764,-0.0004116331729197401,0.3077422178420738,0.3168938975121333,0.00937185096714469,-0.04849485520335009,0.0718089629790768
stanfordnlp_sst2,graphsvx,skipgrams,bert_correct,confidence>0.9,744,32,0.7701018258426966,0.5286604634831461,0.7331021769662922,-0.03544227975850047,-0.07987085702254669,-0.0012883813980362018,0.11214413353020516,0.10986091616537964,-0.0006410179657059928,-0.012847558289899445,0.018275043287058767
stanfordnlp_sst2,graphsvx,skipgrams,gnn_correct_gold,all,872,106,0.8247943248435883,0.4640376373220356,0.8006059411793683,-0.024621652172249146,-0.04298872929959048,-0.009831245293113248,0.3318902893112913,0.29824744368697526,-0.03271844014020615,-0.0751892075272388,0.006509712326697951
stanfordnlp_sst2,graphsvx,skipgrams,gnn_correct_gold,confidence>0.9,673,37,0.7931752507224206,0.4747577766445691,0.7224630290668026,-0.07141352243028287,-0.13137063620299905,-0.025826053546873694,0.18088368251613832,0.1499107928872834,-0.03484622421870883,-0.07609406742682784,-0.012058518701167769
stanfordnlp_sst2,graphsvx,skipgrams,gnn_correct_gold,all (base = confidence+explanation),872,106,0.8096581112370067,0.4640376373220356,0.793204098724075,-0.016682695457300837,-0.03116743875806182,-0.006215536560603702,0.32594195271659626,0.31319306415011794,-0.013141502726928404,-0.02803840889641278,-0.000607014179276502
stanfordnlp_sst2,graphsvx,skipgrams,gnn_agrees_teacher,all,872,72,0.9136631944444444,0.49631944444444437,0.9066493055555556,-0.007270596845920157,-0.027448932499563407,0.006495303599538608,0.4069114309504848,0.43287868112541883,0.023918486030434033,-0.04092404861012801,0.08865117449573826
stanfordnlp_sst2,graphsvx,skipgrams,gnn_agrees_teacher,all (base = confidence+explanation),872,72,0.9058159722222222,0.49631944444444437,0.9009548611111112,-0.0049291963423504035,-0.012619235741794929,0.0006252716934408949,0.4358075818736996,0.4304604205673494,-0.007120608594345191,-0.033335293423889,0.020256630195489855
stanfordnlp_sst2,subgraphx,constituency,bert_correct,all,872,73,0.8348963601762478,0.5663672055823203,0.825963961801567,-0.00916916813118942,-0.022274073074711843,0.00416124813211783,0.3077422178420738,0.2828370897574344,-0.025555465332806775,-0.09056994796335302,0.03580021179803322
stanfordnlp_sst2,subgraphx,constituency,bert_correct,confidence>0.9,744,32,0.7701018258426966,0.513671875,0.7583391853932585,-0.012421316400590314,-0.043009098207118096,0.019431278842845533,0.11214413353020516,0.10452809942890186,-0.00835335071311904,-0.029978655876403616,0.010066032596613634
stanfordnlp_sst2,subgraphx,constituency,gnn_correct_gold,all,872,96,0.8092112328178694,0.5989583333333334,0.8146074957044673,0.0054954075819438975,-0.017900601456082778,0.02839791207402269,0.31871698119565456,0.3369078508332333,0.019830812099580222,-0.039985715307117795,0.08168764265326024
stanfordnlp_sst2,subgraphx,constituency,gnn_correct_gold,confidence>0.9,672,34,0.7174073391111931,0.5927530886962936,0.7450673059192329,0.026512577303097223,-0.04463309089128583,0.09252265853933782,0.128429033267604,0.11629253089897164,-0.01572430208437769,-0.07400097291035856,0.03438950856949023
stanfordnlp_sst2,subgraphx,constituency,gnn_correct_gold,all (base = confidence+explanation),872,96,0.8012376503436427,0.5989583333333334,0.8013987328178694,9.048307445296144e-05,-0.018376180485657846,0.018192403918906003,0.30540562387390185,0.3013158036009695,-0.004057640469417475,-0.03578793202741973,0.026639922960651364
stanfordnlp_sst2,subgraphx,constituency,gnn_agrees_teacher,all,872,62,0.9319195539625648,0.5925328554360813,0.9199920350457985,-0.01215028260268375,-0.029157237097657055,-0.0009462122980179771,0.4864762304225616,0.4800988753805325,-0.00920442271888648,-0.08244519207519684,0.06223804257319668
stanfordnlp_sst2,subgraphx,constituency,gnn_agrees_teacher,all (base = confidence+explanation),872,62,0.9277180406212665,0.5925328554360813,0.9194544006371963,-0.008337348979234976,-0.017247556855016395,-0.0017466716800356734,0.42813152480474614,0.4136054255636171,-0.01397666412934387,-0.035319425138307665,0.007595753555868061
stanfordnlp_sst2,subgraphx,syntactic,bert_correct,all,872,73,0.8348963601762478,0.5434618615735423,0.8255181991187615,-0.009487760766247603,-0.026935213298324646,0.006289546549359778,0.3077422178420738,0.30720189424832256,-0.0014742287286657798,-0.06091190183799321,0.05670229862116275
stanfordnlp_sst2,subgraphx,syntactic,bert_correct,confidence>0.9,744,32,0.7701018258426966,0.5340370435393258,0.7495610955056179,-0.020169607406849564,-0.05758917421316999,0.017894269885081138,0.11214413353020516,0.11615335841495357,0.005762867518552625,-0.02381322548375536,0.04449128332096665
stanfordnlp_sst2,subgraphx,syntactic,gnn_correct_gold,all,872,109,0.8028544975771641,0.5192504238459965,0.782004881743961,-0.020513301447926728,-0.03950122471285164,-0.0028228375859895146,0.31849687468557897,0.3162314784763696,-0.0010787303687906475,-0.042550196631754154,0.041035109398418396
stanfordnlp_sst2,subgraphx,syntactic,gnn_correct_gold,confidence>0.9,686,45,0.7602704108164328,0.4730802565435951,0.7006760270410816,-0.058857398265724656,-0.10391869558082767,-0.01645550973568943,0.19905907025576727,0.15887518671729567,-0.04335797614255851,-0.0869552174011807,-0.012077569387195008
stanfordnlp_sst2,subgraphx,syntactic,gnn_correct_gold,all (base = confidence+explanation),872,109,0.7884377216924983,0.5192504238459965,0.7753796577969626,-0.012823966905709108,-0.023564047721261652,-0.0031801080851356265,0.29373007184885824,0.27824715082914875,-0.015775168965760297,-0.03223366614648428,-0.0023234619186456476
stanfordnlp_sst2,subgraphx,syntactic,gnn_agrees_teacher,all,872,71,0.8700567952031791,0.5275975453218689,0.8573965641539625,-0.01244544981895946,-0.031907286349259406,-0.0006573153133357241,0.29316294178781765,0.2732924804468724,-0.018038560109771496,-0.04522965288407657,0.0026254864136196314
stanfordnlp_sst2,subgraphx,syntactic,gnn_agrees_teacher,all (base = confidence+explanation),872,71,0.8565173814422113,0.5275975453218689,0.8437516484675845,-0.012698394829869042,-0.027436760554109842,-0.002724570097611521,0.29082042678623193,0.28253647204125293,-0.008501753029353661,-0.022384809664430953,0.004620561194192659
stanfordnlp_sst2,subgraphx,window,bert_correct,all,872,73,0.8348963601762478,0.5652013647195981,0.8285699590241226,-0.006198657406891039,-0.0271834207758374,0.01258188265310132,0.3077422178420738,0.3039622179435875,-0.00441201315127379,-0.06644977734261992,0.05606651899790711
stanfordnlp_sst2,subgraphx,window,bert_correct,confidence>0.9,744,32,0.7701018258426966,0.5669548806179775,0.7619820926966292,-0.00720320083778484,-0.059417462798093144,0.03562148876404501,0.11214413353020516,0.1117792709197864,0.00029137068705165846,-0.020798088894845145,0.02528624506265219
stanfordnlp_sst2,subgraphx,window,gnn_correct_gold,all,872,98,0.8153773137161842,0.5995293466223699,0.8112904076359226,-0.0033443319132146973,-0.03113899911391907,0.020694115066595204,0.32071927045084486,0.33762169202267944,0.0159723379304085,-0.03770755709762876,0.07736589998109475
stanfordnlp_sst2,subgraphx,window,gnn_correct_gold,confidence>0.9,664,32,0.7191455696202532,0.6065318433544304,0.7032238924050633,-0.01891527851126534,-0.1102506416275431,0.066505410201007,0.10329151208211128,0.09838563223763905,-0.006697196079005072,-0.042970224233138905,0.021879524846080016
stanfordnlp_sst2,subgraphx,window,gnn_correct_gold,all (base = confidence+explanation),872,98,0.7914095870906502,0.5995293466223699,0.7939012814428097,0.0031403074657689895,-0.019055171409395756,0.02368046147107016,0.34235267895367755,0.346281783756791,0.0032858170667948343,-0.03324629721673877,0.040788994931962884
stanfordnlp_sst2,subgraphx,window,gnn_agrees_teacher,all,872,58,0.911950351605524,0.6538168262306193,0.9231127679403541,0.011225899922687474,0.00021715907236686548,0.023279095096562247,0.40503295600257105,0.4966063737043842,0.09299963814758237,-0.002811381217021516,0.1868758915488935
stanfordnlp_sst2,subgraphx,window,gnn_agrees_teacher,all (base = confidence+explanation),872,58,0.9203168685927308,0.6538168262306193,0.9219054477675167,0.0016935509755277908,-0.004115929280123378,0.007741838873914418,0.44133688496522633,0.4594964613030588,0.014905354978858004,-0.03404686665626738,0.061791502955339334
stanfordnlp_sst2,subgraphx,skipgrams,bert_correct,all,872,73,0.8348963601762478,0.5663843503008898,0.8256382121487476,-0.009141855739624144,-0.024406202331812336,0.005464497488543321,0.3077422178420738,0.3235402500580791,0.01172064114390178,-0.051444959855780424,0.07570544943179053
stanfordnlp_sst2,subgraphx,skipgrams,bert_correct,confidence>0.9,744,32,0.7701018258426966,0.5208260182584269,0.7480688202247191,-0.02111852067382565,-0.059280651227627115,0.0118104867806563,0.11214413353020516,0.10582382358408704,-0.005454565548478513,-0.022670385530622318,0.015458188684705446
stanfordnlp_sst2,subgraphx,skipgrams,gnn_correct_gold,all,872,106,0.8247943248435883,0.6092849401448348,0.8222942016848122,-0.0022724334823153638,-0.02727598712033849,0.01960620229402776,0.3318902893112913,0.3204454683382547,-0.011170961515302114,-0.06246527935512484,0.04019779990975885
stanfordnlp_sst2,subgraphx,skipgrams,gnn_correct_gold,confidence>0.9,673,37,0.7931752507224206,0.5998002719700832,0.7811065782763896,-0.013808593908951903,-0.09005238058268553,0.05094995037343028,0.18088368251613832,0.18994277135321563,0.007725173209917041,-0.04306141796105385,0.0643618892737139
stanfordnlp_sst2,subgraphx,skipgrams,gnn_correct_gold,all (base = confidence+explanation),872,106,0.814621409921671,0.6092849401448348,0.8102369574855904,-0.004023162434891439,-0.02789349204800655,0.01803990887926421,0.34292163689142546,0.33666545014779303,-0.005598510386990016,-0.03587637451186786,0.02659859003649883
stanfordnlp_sst2,subgraphx,skipgrams,gnn_agrees_teacher,all,872,72,0.9136631944444444,0.6311111111111111,0.9017708333333333,-0.011969607695256443,-0.0324342966639065,0.004329920352103002,0.4069114309504848,0.4284922396546078,0.018523529078812266,-0.04982671381088698,0.08974395621096092
stanfordnlp_sst2,subgraphx,skipgrams,gnn_agrees_teacher,all (base = confidence+explanation),872,72,0.8859722222222222,0.6311111111111111,0.8853472222222223,-0.00065643913427455,-0.013371686286692715,0.008406214385079788,0.40896147178563924,0.4055742557023024,-0.001245592047632766,-0.03997427295661338,0.0361363205628512
