dataset,method,graph,target,feature,n_valid,mean_when_correct,mean_when_error,auroc_error_oriented
setfit_ag_news,graphsvx,constituency,bert_correct,jaccard_k20,7600,0.09825939192218608,0.09362190231830471,0.5196276742910971
setfit_ag_news,graphsvx,constituency,bert_correct,jaccard_top5,7600,0.07733558659354704,0.07905334816162843,0.4961785524214216
setfit_ag_news,graphsvx,constituency,bert_correct,spearman,7600,0.03207202775085189,0.026313059006245844,0.5094704533589218
setfit_ag_news,graphsvx,constituency,bert_correct,top1_match,7600,0.027914153457707952,0.025477707006369428,0.5012182232256693
setfit_ag_news,graphsvx,constituency,gnn_correct_gold,jaccard_k20,7600,0.09845034460233207,0.09112071159318355,0.5284741331553328
setfit_ag_news,graphsvx,constituency,gnn_correct_gold,jaccard_top5,7600,0.0775569095881596,0.07579685099846391,0.507738995295699
setfit_ag_news,graphsvx,constituency,gnn_correct_gold,spearman,7600,0.03214469568101733,0.02556253731818101,0.509796843214182
setfit_ag_news,graphsvx,constituency,gnn_correct_gold,top1_match,7600,0.028012387387387386,0.024193548387096774,0.5019094195001453
setfit_ag_news,graphsvx,constituency,gnn_agrees_teacher,jaccard_k20,7600,0.0983012184434682,0.08055555060536694,0.5542982488668552
setfit_ag_news,graphsvx,constituency,gnn_agrees_teacher,jaccard_top5,7600,0.07773181221364624,0.06211302487898233,0.5519634997561136
setfit_ag_news,graphsvx,constituency,gnn_agrees_teacher,spearman,7600,0.0323032723342123,0.000601619055853811,0.5471732468463535
setfit_ag_news,graphsvx,constituency,gnn_agrees_teacher,top1_match,7600,0.028287974259284088,0.0,0.514143987129642
setfit_ag_news,graphsvx,syntactic,bert_correct,jaccard_k20,7600,0.10484180417962204,0.10399757280116137,0.5032633372436796
setfit_ag_news,graphsvx,syntactic,bert_correct,jaccard_top5,7600,0.08061305599529754,0.08151349711859267,0.49999865982043373
setfit_ag_news,graphsvx,syntactic,bert_correct,spearman,7600,0.016866396636083265,0.02358427729481986,0.4920446940950795
setfit_ag_news,graphsvx,syntactic,bert_correct,top1_match,7600,0.027773881329779773,0.02335456475583864,0.5022096582869705
setfit_ag_news,graphsvx,syntactic,gnn_correct_gold,jaccard_k20,7600,0.10483597453159571,0.1041059587170194,0.49992015432571923
setfit_ag_news,graphsvx,syntactic,gnn_correct_gold,jaccard_top5,7600,0.08066217868072845,0.08076708644890465,0.5000630054957051
setfit_ag_news,graphsvx,syntactic,gnn_correct_gold,spearman,7600,0.017176855779167798,0.018839319214751453,0.5008527518013184
setfit_ag_news,graphsvx,syntactic,gnn_correct_gold,top1_match,7600,0.027965148960089937,0.02066115702479339,0.5036519959676482
setfit_ag_news,graphsvx,syntactic,gnn_agrees_teacher,jaccard_k20,7600,0.10484038694537673,0.10209668482487577,0.4965361470126526
setfit_ag_news,graphsvx,syntactic,gnn_agrees_teacher,jaccard_top5,7600,0.08076426262510188,0.07562197455814476,0.5094317018138876
setfit_ag_news,graphsvx,syntactic,gnn_agrees_teacher,spearman,7600,0.017326724277736655,0.01495531799191531,0.5028424892960952
setfit_ag_news,graphsvx,syntactic,gnn_agrees_teacher,top1_match,7600,0.027617643115699156,0.02127659574468085,0.5031705236855092
setfit_ag_news,graphsvx,window,bert_correct,jaccard_k20,7600,0.11620637357431782,0.1125750013341994,0.5132583964483455
setfit_ag_news,graphsvx,window,bert_correct,jaccard_top5,7600,0.0920029301288945,0.09398274525663061,0.4937318312600756
setfit_ag_news,graphsvx,window,bert_correct,spearman,7600,0.04293153024266171,0.04265939969859548,0.5020629830788929
setfit_ag_news,graphsvx,window,bert_correct,top1_match,7600,0.03324449431897882,0.040339702760084924,0.49645239577944694
setfit_ag_news,graphsvx,window,gnn_correct_gold,jaccard_k20,7600,0.11613960642603068,0.11362298299901495,0.5094042386194465
setfit_ag_news,graphsvx,window,gnn_correct_gold,jaccard_top5,7600,0.09191784455053201,0.09522149166500632,0.4884815334416664
setfit_ag_news,graphsvx,window,gnn_correct_gold,spearman,7600,0.04292294890366803,0.042791243234414314,0.5047232689327313
setfit_ag_news,graphsvx,window,gnn_correct_gold,top1_match,7600,0.03327716933445661,0.0397489539748954,0.4967641076797806
setfit_ag_news,graphsvx,window,gnn_agrees_teacher,jaccard_k20,7600,0.1160629548502215,0.11150123410048743,0.5099901093878065
setfit_ag_news,graphsvx,window,gnn_agrees_teacher,jaccard_top5,7600,0.09217843532554144,0.08922735760971055,0.5026243616417628
setfit_ag_news,graphsvx,window,gnn_agrees_teacher,spearman,7600,0.043091766945170654,0.03319491087661749,0.5124154766408171
setfit_ag_news,graphsvx,window,gnn_agrees_teacher,top1_match,7600,0.0334941050375134,0.04411764705882353,0.49468822898934495
setfit_ag_news,graphsvx,skipgrams,bert_correct,jaccard_k20,7600,0.11743325154309589,0.11537536425824535,0.5029790702668059
setfit_ag_news,graphsvx,skipgrams,bert_correct,jaccard_top5,7600,0.09287183803244962,0.09382266707107471,0.49235695593400247
setfit_ag_news,graphsvx,skipgrams,bert_correct,spearman,7600,0.04386662589260285,0.040765862792882676,0.5048745308999246
setfit_ag_news,graphsvx,skipgrams,bert_correct,top1_match,7600,0.03324449431897882,0.036093418259023353,0.4985755380299777
setfit_ag_news,graphsvx,skipgrams,gnn_correct_gold,jaccard_k20,7600,0.11730373963755003,0.11733517388647037,0.4977735615612651
setfit_ag_news,graphsvx,skipgrams,gnn_correct_gold,jaccard_top5,7600,0.09280543631849447,0.09479810055123862,0.49004131813850405
setfit_ag_news,graphsvx,skipgrams,gnn_correct_gold,spearman,7600,0.04408874032520061,0.03750185934672529,0.5131740120482352
setfit_ag_news,graphsvx,skipgrams,gnn_correct_gold,top1_match,7600,0.033136759337264815,0.03765690376569038,0.4977399277857872
setfit_ag_news,graphsvx,skipgrams,gnn_agrees_teacher,jaccard_k20,7600,0.11746959136550032,0.10882064996662352,0.5243209234918932
setfit_ag_news,graphsvx,skipgrams,gnn_agrees_teacher,jaccard_top5,7600,0.09307407691259624,0.08551036155202822,0.5193896787076777
setfit_ag_news,graphsvx,skipgrams,gnn_agrees_teacher,spearman,7600,0.044017723182548235,0.02590106468565157,0.5284949481402004
setfit_ag_news,graphsvx,skipgrams,gnn_agrees_teacher,top1_match,7600,0.033664163090128756,0.020833333333333332,0.5064154148783977
setfit_ag_news,subgraphx,constituency,bert_correct,jaccard_k20,7600,0.07681634179735179,0.07772004321631952,0.4936253614389836
setfit_ag_news,subgraphx,constituency,bert_correct,jaccard_top5,7600,0.05993293656360005,0.06382907019849694,0.4863055984661198
setfit_ag_news,subgraphx,constituency,bert_correct,spearman,7600,0.046474420436923077,0.03581436008889606,0.5146855387775001
setfit_ag_news,subgraphx,constituency,bert_correct,top1_match,7600,0.030439051760415205,0.04670912951167728,0.49186496112436895
setfit_ag_news,subgraphx,constituency,gnn_correct_gold,jaccard_k20,7600,0.0768135430561965,0.07771457894553904,0.4960296107599535
setfit_ag_news,subgraphx,constituency,gnn_correct_gold,jaccard_top5,7600,0.05979584495209495,0.06559619815668204,0.4835396289686865
setfit_ag_news,subgraphx,constituency,gnn_correct_gold,spearman,7600,0.046316722786758115,0.03861029882976812,0.5086414854875037
setfit_ag_news,subgraphx,constituency,gnn_correct_gold,top1_match,7600,0.03054617117117117,0.04435483870967742,0.4930956662307469
setfit_ag_news,subgraphx,constituency,gnn_agrees_teacher,jaccard_k20,7600,0.07690993335084342,0.07488402953380348,0.4938386584249214
setfit_ag_news,subgraphx,constituency,gnn_agrees_teacher,jaccard_top5,7600,0.060157432057150524,0.06107171000788022,0.4883200740882308
setfit_ag_news,subgraphx,constituency,gnn_agrees_teacher,spearman,7600,0.045963439220678054,0.037896551416007014,0.4979623834883652
setfit_ag_news,subgraphx,constituency,gnn_agrees_teacher,top1_match,7600,0.031505563748491755,0.028368794326241134,0.5015683847111253
setfit_ag_news,subgraphx,syntactic,bert_correct,jaccard_k20,7600,0.1130072046546212,0.11817781182124304,0.48683884102462394
setfit_ag_news,subgraphx,syntactic,bert_correct,jaccard_top5,7600,0.08804413896292142,0.09731068648266103,0.47461685010746757
setfit_ag_news,subgraphx,syntactic,bert_correct,spearman,7600,0.03039468648198129,0.028191451250649053,0.5011452578937321
setfit_ag_news,subgraphx,syntactic,bert_correct,top1_match,7600,0.028475241969420678,0.021231422505307854,0.5036219097320564
setfit_ag_news,subgraphx,syntactic,gnn_correct_gold,jaccard_k20,7600,0.11296267398325566,0.1186936431523817,0.48767081167337956
setfit_ag_news,subgraphx,syntactic,gnn_correct_gold,jaccard_top5,7600,0.08799307618869172,0.0978125409943592,0.47643217008348077
setfit_ag_news,subgraphx,syntactic,gnn_correct_gold,spearman,7600,0.03075281121205842,0.02298530761176161,0.5086742888799074
setfit_ag_news,subgraphx,syntactic,gnn_correct_gold,top1_match,7600,0.027965148960089937,0.028925619834710745,0.4995197645626896
setfit_ag_news,subgraphx,syntactic,gnn_agrees_teacher,jaccard_k20,7600,0.1133534846523168,0.11196077538275881,0.5023318966377902
setfit_ag_news,subgraphx,syntactic,gnn_agrees_teacher,jaccard_top5,7600,0.08852361161651953,0.0936339074636947,0.48528694451654864
setfit_ag_news,subgraphx,syntactic,gnn_agrees_teacher,spearman,7600,0.0305058751952752,0.017152981471933292,0.5188738626952637
setfit_ag_news,subgraphx,syntactic,gnn_agrees_teacher,top1_match,7600,0.028019841801850114,0.028368794326241134,0.4998255237378045
setfit_ag_news,subgraphx,window,bert_correct,jaccard_k20,7600,0.11779285186503818,0.12191988334942869,0.4912274823773832
setfit_ag_news,subgraphx,window,bert_correct,jaccard_top5,7600,0.09346966448242926,0.09994776396050281,0.4850480633065089
setfit_ag_news,subgraphx,window,bert_correct,spearman,7600,0.04146004266884596,0.04686964552793839,0.49245374668044967
setfit_ag_news,subgraphx,window,bert_correct,top1_match,7600,0.03142095665591247,0.040339702760084924,0.4955406269479138
setfit_ag_news,subgraphx,window,gnn_correct_gold,jaccard_k20,7600,0.1178850366840439,0.1204859304177349,0.4960210802992437
setfit_ag_news,subgraphx,window,gnn_correct_gold,jaccard_top5,7600,0.09356153300972174,0.09848409377698082,0.4919817960494854
setfit_ag_news,subgraphx,window,gnn_correct_gold,spearman,7600,0.041829213205528626,0.04128993887047485,0.5018812883410353
setfit_ag_news,subgraphx,window,gnn_correct_gold,top1_match,7600,0.031451839370963214,0.0397489539748954,0.4958514426980339
setfit_ag_news,subgraphx,window,gnn_agrees_teacher,jaccard_k20,7600,0.11821920674793414,0.10868637380042406,0.5185187921631675
setfit_ag_news,subgraphx,window,gnn_agrees_teacher,jaccard_top5,7600,0.09403390241412751,0.08493814192343603,0.5212170378601602
setfit_ag_news,subgraphx,window,gnn_agrees_teacher,spearman,7600,0.04164807407000692,0.049875164495075106,0.4854645435344556
setfit_ag_news,subgraphx,window,gnn_agrees_teacher,top1_match,7600,0.0317524115755627,0.04411764705882353,0.49381738225836963
setfit_ag_news,subgraphx,skipgrams,bert_correct,jaccard_k20,7600,0.11775427271253242,0.12043854991989861,0.49568685542946944
setfit_ag_news,subgraphx,skipgrams,bert_correct,jaccard_top5,7600,0.09333885515678193,0.09870926431435986,0.48862455584215553
setfit_ag_news,subgraphx,skipgrams,bert_correct,spearman,7600,0.041374242440963264,0.047319074631270094,0.4929648018216912
setfit_ag_news,subgraphx,skipgrams,bert_correct,top1_match,7600,0.030158507504558844,0.040339702760084924,0.49490940237223696
setfit_ag_news,subgraphx,skipgrams,gnn_correct_gold,jaccard_k20,7600,0.1176473530714091,0.12199229833753208,0.49234736140828295
setfit_ag_news,subgraphx,skipgrams,gnn_correct_gold,jaccard_top5,7600,0.09334478900612009,0.09854220628279206,0.49144806181329814
setfit_ag_news,subgraphx,skipgrams,gnn_correct_gold,spearman,7600,0.041637019153627434,0.043316753348997275,0.4995727482407626
setfit_ag_news,subgraphx,skipgrams,gnn_correct_gold,top1_match,7600,0.03046896939062061,0.03556485355648536,0.49745205791706765
setfit_ag_news,subgraphx,skipgrams,gnn_agrees_teacher,jaccard_k20,7600,0.11811474383796175,0.10786970225050722,0.5323318095791607
setfit_ag_news,subgraphx,skipgrams,gnn_agrees_teacher,jaccard_top5,7600,0.09384792901423804,0.08454585537918873,0.5236950293574153
setfit_ag_news,subgraphx,skipgrams,gnn_agrees_teacher,spearman,7600,0.04148908090937724,0.054872717032212755,0.48052463340486407
setfit_ag_news,subgraphx,skipgrams,gnn_agrees_teacher,top1_match,7600,0.03084763948497854,0.027777777777777776,0.5015349308536005
stanfordnlp_sst2,graphsvx,constituency,bert_correct,jaccard_k20,872,0.13696161932744425,0.1339496880592771,0.512164177825021
stanfordnlp_sst2,graphsvx,constituency,bert_correct,jaccard_top5,872,0.19258994377893,0.1835725157642966,0.5216194901160698
stanfordnlp_sst2,graphsvx,constituency,bert_correct,spearman,870,0.01028041062469576,0.04399682562942089,0.45836269572540866
stanfordnlp_sst2,graphsvx,constituency,bert_correct,top1_match,872,0.0625782227784731,0.1095890410958904,0.4764945908412914
stanfordnlp_sst2,graphsvx,constituency,gnn_correct_gold,jaccard_k20,872,0.13625617953110913,0.14132377593916054,0.5133049150681392
stanfordnlp_sst2,graphsvx,constituency,gnn_correct_gold,jaccard_top5,872,0.19098096837391548,0.2005291005291005,0.4930488277465607
stanfordnlp_sst2,graphsvx,constituency,gnn_correct_gold,spearman,870,0.008053838566687819,0.06444378710273713,0.4392158767158767
stanfordnlp_sst2,graphsvx,constituency,gnn_correct_gold,top1_match,872,0.061712846347607056,0.11538461538461539,0.47316411548149584
stanfordnlp_sst2,graphsvx,constituency,gnn_agrees_teacher,jaccard_k20,872,0.13588424597782886,0.18728414442700161,0.47768897768897767
stanfordnlp_sst2,graphsvx,constituency,gnn_agrees_teacher,jaccard_top5,872,0.19146594146594145,0.21445578231292517,0.493006993006993
stanfordnlp_sst2,graphsvx,constituency,gnn_agrees_teacher,spearman,870,0.010524113937456588,0.1711867148833864,0.3491738985313752
stanfordnlp_sst2,graphsvx,constituency,gnn_agrees_teacher,top1_match,872,0.06643356643356643,0.07142857142857142,0.49750249750249753
stanfordnlp_sst2,graphsvx,syntactic,bert_correct,jaccard_k20,872,0.172592892634295,0.16808397082369683,0.489627445265486
stanfordnlp_sst2,graphsvx,syntactic,bert_correct,jaccard_top5,872,0.24939905040030197,0.23423570341378555,0.517410461707271
stanfordnlp_sst2,graphsvx,syntactic,bert_correct,spearman,870,0.16015521482782258,0.14680148314347863,0.5013320499819529
stanfordnlp_sst2,graphsvx,syntactic,bert_correct,top1_match,872,0.08135168961201501,0.0547945205479452,0.5132785845320349
stanfordnlp_sst2,graphsvx,syntactic,gnn_correct_gold,jaccard_k20,872,0.1743804440409672,0.15190549024582636,0.5152661953106117
stanfordnlp_sst2,graphsvx,syntactic,gnn_correct_gold,jaccard_top5,872,0.2512035694142293,0.2192932728647014,0.544287829344936
stanfordnlp_sst2,graphsvx,syntactic,gnn_correct_gold,spearman,870,0.16130078983917934,0.1378308770673045,0.5121849630437416
stanfordnlp_sst2,graphsvx,syntactic,gnn_correct_gold,top1_match,872,0.08375634517766498,0.03571428571428571,0.5240210297316896
stanfordnlp_sst2,graphsvx,syntactic,gnn_agrees_teacher,jaccard_k20,872,0.1727455151305296,0.1534855939267704,0.5132419418238994
stanfordnlp_sst2,graphsvx,syntactic,gnn_agrees_teacher,jaccard_top5,872,0.2490968478586403,0.21395502645502643,0.5514937106918238
stanfordnlp_sst2,graphsvx,syntactic,gnn_agrees_teacher,spearman,870,0.16071837482016665,0.09968622455781344,0.555678684003152
stanfordnlp_sst2,graphsvx,syntactic,gnn_agrees_teacher,top1_match,872,0.08018867924528301,0.041666666666666664,0.5192610062893082
stanfordnlp_sst2,graphsvx,window,bert_correct,jaccard_k20,872,0.1736435627899222,0.16780061643075342,0.492499185625868
stanfordnlp_sst2,graphsvx,window,bert_correct,jaccard_top5,872,0.24855970757097162,0.21983039791258968,0.5309033552214241
stanfordnlp_sst2,graphsvx,window,bert_correct,spearman,870,0.16556152314904543,0.17262106387907838,0.4859919905123665
stanfordnlp_sst2,graphsvx,window,bert_correct,top1_match,872,0.0951188986232791,0.0821917808219178,0.5064635589006806
stanfordnlp_sst2,graphsvx,window,gnn_correct_gold,jaccard_k20,872,0.17337174005257067,0.1708782445624551,0.48503206823591644
stanfordnlp_sst2,graphsvx,window,gnn_correct_gold,jaccard_top5,872,0.24785634521815425,0.22833124477861316,0.5241503570484
stanfordnlp_sst2,graphsvx,window,gnn_correct_gold,spearman,870,0.1648308285859911,0.17997623310111824,0.47689911175924704
stanfordnlp_sst2,graphsvx,window,gnn_correct_gold,top1_match,872,0.0942211055276382,0.09210526315789473,0.5010579211848717
stanfordnlp_sst2,graphsvx,window,gnn_agrees_teacher,jaccard_k20,872,0.17370487519779712,0.14370490620490622,0.5310309579439253
stanfordnlp_sst2,graphsvx,window,gnn_agrees_teacher,jaccard_top5,872,0.24749666221628835,0.17435515873015872,0.626788843457944
stanfordnlp_sst2,graphsvx,window,gnn_agrees_teacher,spearman,870,0.16735562050355637,0.10201073143280062,0.5596457845433256
stanfordnlp_sst2,graphsvx,window,gnn_agrees_teacher,top1_match,872,0.09579439252336448,0.0,0.5478971962616823
stanfordnlp_sst2,graphsvx,skipgrams,bert_correct,jaccard_k20,872,0.17672785630526924,0.1658385754276165,0.4918048245238055
stanfordnlp_sst2,graphsvx,skipgrams,bert_correct,jaccard_top5,872,0.2466128295289747,0.23613829093281147,0.49716254907675683
stanfordnlp_sst2,graphsvx,skipgrams,bert_correct,spearman,870,0.1656242761544878,0.19159155761890714,0.4611213282686787
stanfordnlp_sst2,graphsvx,skipgrams,bert_correct,top1_match,872,0.09136420525657071,0.1232876712328767,0.484038267011847
stanfordnlp_sst2,graphsvx,skipgrams,gnn_correct_gold,jaccard_k20,872,0.17655793894125496,0.1682662778816625,0.4885196667312537
stanfordnlp_sst2,graphsvx,skipgrams,gnn_correct_gold,jaccard_top5,872,0.24672144256527132,0.23570411070411068,0.4994752308984047
stanfordnlp_sst2,graphsvx,skipgrams,gnn_correct_gold,spearman,870,0.16611135288628617,0.184981286094466,0.4673659673659674
stanfordnlp_sst2,graphsvx,skipgrams,gnn_correct_gold,top1_match,872,0.09193954659949623,0.11538461538461539,0.4882774656074404
stanfordnlp_sst2,graphsvx,skipgrams,gnn_agrees_teacher,jaccard_k20,872,0.17587001714613038,0.17293990731490733,0.47210864485981313
stanfordnlp_sst2,graphsvx,skipgrams,gnn_agrees_teacher,jaccard_top5,872,0.24553571428571427,0.2564484126984127,0.4820020443925234
stanfordnlp_sst2,graphsvx,skipgrams,gnn_agrees_teacher,spearman,870,0.1674380633817603,0.18728910458023018,0.4679449648711944
stanfordnlp_sst2,graphsvx,skipgrams,gnn_agrees_teacher,top1_match,872,0.09462616822429906,0.0625,0.5160630841121495
stanfordnlp_sst2,subgraphx,constituency,bert_correct,jaccard_k20,872,0.10988432787537318,0.10614575683068833,0.506420697104257
stanfordnlp_sst2,subgraphx,constituency,bert_correct,jaccard_top5,872,0.1767914257901742,0.148456186127419,0.558754950537487
stanfordnlp_sst2,subgraphx,constituency,bert_correct,spearman,870,0.1744635752571711,0.07586525938097259,0.61227892267235
stanfordnlp_sst2,subgraphx,constituency,bert_correct,top1_match,872,0.05381727158948686,0.0410958904109589,0.506360690589264
stanfordnlp_sst2,subgraphx,constituency,gnn_correct_gold,jaccard_k20,872,0.11040244809116999,0.10111121072659533,0.5216527804689013
stanfordnlp_sst2,subgraphx,constituency,gnn_correct_gold,jaccard_top5,872,0.17605753468473873,0.15774318274318275,0.5574258864561132
stanfordnlp_sst2,subgraphx,constituency,gnn_correct_gold,spearman,870,0.17563651139824607,0.07027585112007041,0.6264973452473452
stanfordnlp_sst2,subgraphx,constituency,gnn_correct_gold,top1_match,872,0.05415617128463476,0.038461538461538464,0.5078473164115481
stanfordnlp_sst2,subgraphx,constituency,gnn_agrees_teacher,jaccard_k20,872,0.11020531915036018,0.0707181707181707,0.5885364635364635
stanfordnlp_sst2,subgraphx,constituency,gnn_agrees_teacher,jaccard_top5,872,0.1744875494875495,0.17023809523809524,0.5734681984681984
stanfordnlp_sst2,subgraphx,constituency,gnn_agrees_teacher,spearman,870,0.1698717039367899,-0.058896082508268444,0.7563000667556743
stanfordnlp_sst2,subgraphx,constituency,gnn_agrees_teacher,top1_match,872,0.053613053613053616,0.0,0.5268065268065267
stanfordnlp_sst2,subgraphx,syntactic,bert_correct,jaccard_k20,872,0.16791541778638652,0.13644483370510765,0.5526342860081952
stanfordnlp_sst2,subgraphx,syntactic,bert_correct,jaccard_top5,872,0.2553737807179609,0.2370080452272233,0.5303032900714935
stanfordnlp_sst2,subgraphx,syntactic,bert_correct,spearman,870,0.14977596730632428,0.09271905063485687,0.5480913012839242
stanfordnlp_sst2,subgraphx,syntactic,bert_correct,top1_match,872,0.07384230287859825,0.0684931506849315,0.5026745760968334
stanfordnlp_sst2,subgraphx,syntactic,gnn_correct_gold,jaccard_k20,872,0.16861372892071372,0.13401515812230094,0.5524383611312546
stanfordnlp_sst2,subgraphx,syntactic,gnn_correct_gold,jaccard_top5,872,0.2565969704294577,0.2279383975812547,0.5398537587623883
stanfordnlp_sst2,subgraphx,syntactic,gnn_correct_gold,spearman,870,0.151764026238065,0.08158823829007014,0.5736550345328971
stanfordnlp_sst2,subgraphx,syntactic,gnn_correct_gold,top1_match,872,0.07360406091370558,0.07142857142857142,0.5010877447425671
stanfordnlp_sst2,subgraphx,syntactic,gnn_agrees_teacher,jaccard_k20,872,0.16606984133152058,0.13740275927775927,0.5213983883647798
stanfordnlp_sst2,subgraphx,syntactic,gnn_agrees_teacher,jaccard_top5,872,0.2561769991015274,0.17113095238095236,0.5824488993710691
stanfordnlp_sst2,subgraphx,syntactic,gnn_agrees_teacher,spearman,870,0.147064666671978,0.0718011931246501,0.5823236800630418
stanfordnlp_sst2,subgraphx,syntactic,gnn_agrees_teacher,top1_match,872,0.07429245283018868,0.041666666666666664,0.516312893081761
stanfordnlp_sst2,subgraphx,window,bert_correct,jaccard_k20,872,0.1681916317177305,0.13004780607520333,0.5751110120527371
stanfordnlp_sst2,subgraphx,window,bert_correct,jaccard_top5,872,0.2656346226433836,0.23081104587953902,0.5388413599190769
stanfordnlp_sst2,subgraphx,window,bert_correct,spearman,870,0.18765254955171037,0.10547626288401939,0.5926419277771093
stanfordnlp_sst2,subgraphx,window,bert_correct,top1_match,872,0.058823529411764705,0.0547945205479452,0.5020145044319098
stanfordnlp_sst2,subgraphx,window,gnn_correct_gold,jaccard_k20,872,0.16844717115741356,0.12887704400862296,0.5763852155514415
stanfordnlp_sst2,subgraphx,window,gnn_correct_gold,jaccard_top5,872,0.26550410784079126,0.23355263157894732,0.531514480296218
stanfordnlp_sst2,subgraphx,window,gnn_correct_gold,spearman,870,0.18986828226203303,0.08557148772621588,0.6175427548720668
stanfordnlp_sst2,subgraphx,window,gnn_correct_gold,top1_match,872,0.059045226130653265,0.05263157894736842,0.5032068235916424
stanfordnlp_sst2,subgraphx,window,gnn_agrees_teacher,jaccard_k20,872,0.16556935272747533,0.13445235320235321,0.5533367406542056
stanfordnlp_sst2,subgraphx,window,gnn_agrees_teacher,jaccard_top5,872,0.2640511422637591,0.19146825396825395,0.5660776869158879
stanfordnlp_sst2,subgraphx,window,gnn_agrees_teacher,spearman,870,0.1825202568014755,0.08665936717416022,0.6133635831381733
stanfordnlp_sst2,subgraphx,window,gnn_agrees_teacher,top1_match,872,0.05957943925233645,0.0,0.5297897196261683
stanfordnlp_sst2,subgraphx,skipgrams,bert_correct,jaccard_k20,872,0.168211345004027,0.133037586462244,0.5637697807190495
stanfordnlp_sst2,subgraphx,skipgrams,bert_correct,jaccard_top5,872,0.26521743449152707,0.22341813437703845,0.5428446517050423
stanfordnlp_sst2,subgraphx,skipgrams,bert_correct,spearman,870,0.18746119122598182,0.1024414061601118,0.5913872226328183
stanfordnlp_sst2,subgraphx,skipgrams,bert_correct,top1_match,872,0.06132665832290363,0.0547945205479452,0.5032660688874792
stanfordnlp_sst2,subgraphx,skipgrams,gnn_correct_gold,jaccard_k20,872,0.1680676711625741,0.1367548406009944,0.5563844216237164
stanfordnlp_sst2,subgraphx,skipgrams,gnn_correct_gold,jaccard_top5,872,0.26636779816880574,0.21438746438746434,0.5553833236452884
stanfordnlp_sst2,subgraphx,skipgrams,gnn_correct_gold,spearman,870,0.19026117406861354,0.07946079736479156,0.6269425019425019
stanfordnlp_sst2,subgraphx,skipgrams,gnn_correct_gold,top1_match,872,0.061712846347607056,0.05128205128205128,0.5052153975327779
stanfordnlp_sst2,subgraphx,skipgrams,gnn_agrees_teacher,jaccard_k20,872,0.1652920728941207,0.16391212953712953,0.47564982476635514
stanfordnlp_sst2,subgraphx,skipgrams,gnn_agrees_teacher,jaccard_top5,872,0.2621875463581071,0.23660714285714285,0.5010952102803738
stanfordnlp_sst2,subgraphx,skipgrams,gnn_agrees_teacher,spearman,870,0.18347771843810742,0.012176281915744682,0.6849019320843093
stanfordnlp_sst2,subgraphx,skipgrams,gnn_agrees_teacher,top1_match,872,0.06191588785046729,0.0,0.5309579439252337
